21:27:20 | CALL | describe_screen | {}
21:27:20 | RESULT | describe_screen | ✅ SUCCESS (215ms)
{
  "image_captured": true,
  "image_base64": "[BASE64 DATA - 435848 chars]",
  "description": "Screenshot captured successfully. Looking at the screen now.",
  "question": "What is on the screen?"
}
21:27:20 | --------------------------------------------------------------------------------
21:27:52 | CALL | open_app | {
  "app_name": "spotify"
}
21:27:54 | RESULT | open_app | ✅ SUCCESS (1606ms)
{
  "success": true,
  "opened": "spotify"
}
21:27:54 | --------------------------------------------------------------------------------
21:27:55 | CALL | wait | {
  "seconds": 2
}
21:27:57 | RESULT | wait | ✅ SUCCESS (2000ms)
{
  "waited": 2
}
21:27:57 | --------------------------------------------------------------------------------
21:27:58 | CALL | describe_screen | {
  "question": "Is Spotify open? What is visible (home/search/play controls)?"
}
21:27:59 | RESULT | describe_screen | ✅ SUCCESS (192ms)
{
  "image_captured": true,
  "image_base64": "[BASE64 DATA - 435700 chars]",
  "description": "Screenshot captured successfully. Looking at the screen now.",
  "question": "Is Spotify open? What is visible (home/search/play controls)?"
}
21:27:59 | --------------------------------------------------------------------------------
21:28:03 | CALL | ocr_screen | {}
21:28:09 | RESULT | ocr_screen | ✅ SUCCESS (6873ms)
{
  "elements": [
    {
      "text": "A",
      "x": 18,
      "y": 17,
      "bounds": {
        "left": 13,
        "top": 12,
        "width": 10,
        "height": 10
      },
      "confidence": 64
    },
    {
      "text": "File",
      "x": 53,
      "y": 17,
      "bounds": {
        "left": 44,
        "top": 12,
        "width": 18,
        "height": 10
      },
      "confidence": 81
    },
    {
      "text": "Edit",
      "x": 89,
      "y": 17,
      "bounds": {
        "left": 79,
        "top": 12,
        "width": 21,
        "height": 10
      },
      "confidence": 81
    },
    {
      "text": "Selection",
      "x": 142,
      "y": 17,
      "bounds": {
        "left": 117,
        "top": 12,
        "width": 51,
        "height": 10
      },
      "confidence": 84
    },
    {
      "text": "View",
      "x": 198,
      "y": 17,
      "bounds": {
        "left": 185,
        "top": 12,
        "width": 27,
        "height": 10
      },
      "confidence": 90
    },
    {
      "text": "Go",
      "x": 236,
      "y": 17,
      "bounds": {
        "left": 228,
        "top": 13,
        "width": 16,
        "height": 9
      },
      "confidence": 93
    },
    {
      "text": "Run",
      "x": 271,
      "y": 17,
      "bounds": {
        "left": 261,
        "top": 13,
        "width": 21,
        "height": 9
      },
      "confidence": 93
    },
    {
      "text": "Terminal",
      "x": 322,
      "y": 17,
      "bounds": {
        "left": 299,
        "top": 12,
        "width": 47,
        "height": 10
      },
      "confidence": 92
    },
    {
      "text": "Help",
      "x": 377,
      "y": 18,
      "bounds": {
        "left": 364,
        "top": 12,
        "width": 26,
        "height": 13
      },
      "confidence": 94
    },
    {
      "text": "powerful-project-collection",
      "x": 874,
      "y": 16,
      "bounds": {
        "left": 801,
        "top": 3,
        "width": 146,
        "height": 26
      },
      "confidence": 86
    },
    {
      "text": "-",
      "x": 954,
      "y": 18,
      "bounds": {
        "left": 952,
        "top": 18,
        "width": 4,
        "height": 1
      },
      "confidence": 85
    },
    {
      "text": "Antigravity",
      "x": 988,
      "y": 16,
      "bounds": {
        "left": 961,
        "top": 3,
        "width": 55,
        "height": 26
      },
      "confidence": 79
    },
    {
      "text": "-",
      "x": 1023,
      "y": 18,
      "bounds": {
        "left": 1021,
        "top": 18,
        "width": 4,
        "height": 1
      },
      "confidence": 79
    },
    {
      "text": "Open",
      "x": 1451,
      "y": 18,
      "bounds": {
        "left": 1435,
        "top": 5,
        "width": 33,
        "height": 26
      },
      "confidence": 49
    },
    {
      "text": "Agent",
      "x": 1489,
      "y": 18,
      "bounds": {
        "left": 1471,
        "top": 5,
        "width": 36,
        "height": 26
      },
      "confidence": 49
    },
    {
      "text": "-",
      "x": 1805,
      "y": 16,
      "bounds": {
        "left": 1800,
        "top": 16,
        "width": 10,
        "height": 1
      },
      "confidence": 89
    },
    {
      "text": "ao",
      "x": 1851,
      "y": 17,
      "bounds": {
        "left": 1846,
        "top": 12,
        "width": 10,
        "height": 10
      },
      "confidence": 63
    },
    {
      "text": "x",
      "x": 1897,
      "y": 17,
      "bounds": {
        "left": 1892,
        "top": 12,
        "width": 10,
        "height": 10
      },
      "confidence": 89
    },
    {
      "text": "ey",
      "x": 25,
      "y": 55,
      "bounds": {
        "left": 12,
        "top": 37,
        "width": 26,
        "height": 36
      },
      "confidence": 61
    },
    {
      "text": "Explorer",
      "x": 84,
      "y": 50,
      "bounds": {
        "left": 58,
        "top": 37,
        "width": 52,
        "height": 27
      },
      "confidence": 94
    },
    {
      "text": "@",
      "x": 251,
      "y": 50,
      "bounds": {
        "left": 245,
        "top": 44,
        "width": 12,
        "height": 12
      },
      "confidence": 63
    },
    {
      "text": "system_promptpy",
      "x": 317,
      "y": 52,
      "bounds": {
        "left": 265,
        "top": 46,
        "width": 104,
        "height": 12
      },
      "confidence": 89
    },
    {
      "text": "U",
      "x": 380,
      "y": 50,
      "bounds": {
        "left": 379,
        "top": 46,
        "width": 3,
        "height": 9
      },
      "confidence": 71
    },
    {
      "text": "X",
      "x": 397,
      "y": 50,
      "bounds": {
        "left": 392,
        "top": 46,
        "width": 10,
        "height": 8
      },
      "confidence": 71
    },
    {
      "text": "@",
      "x": 430,
      "y": 50,
      "bounds": {
        "left": 424,
        "top": 44,
        "width": 12,
        "height": 12
      },
      "confidence": 62
    },
    {
      "text": "_init_py",
      "x": 477,
      "y": 52,
      "bounds": {
        "left": 455,
        "top": 46,
        "width": 45,
        "height": 12
      },
      "confidence": 58
    },
    {
      "text": "..\\prompts",
      "x": 538,
      "y": 52,
      "bounds": {
        "left": 515,
        "top": 47,
        "width": 47,
        "height": 11
      },
      "confidence": 84
    },
    {
      "text": "U",
      "x": 572,
      "y": 50,
      "bounds": {
        "left": 569,
        "top": 46,
        "width": 6,
        "height": 9
      },
      "confidence": 90
    },
    {
      "text": "@",
      "x": 623,
      "y": 50,
      "bounds": {
        "left": 617,
        "top": 44,
        "width": 12,
        "height": 12
      },
      "confidence": 48
    },
    {
      "text": "Py",
      "x": 728,
      "y": 50,
      "bounds": {
        "left": 724,
        "top": 48,
        "width": 8,
        "height": 4
      },
      "confidence": 78
    },
    {
      "text": ">",
      "x": 829,
      "y": 50,
      "bounds": {
        "left": 822,
        "top": 45,
        "width": 14,
        "height": 11
      },
      "confidence": 84
    },
    {
      "text": "pwsh",
      "x": 925,
      "y": 51,
      "bounds": {
        "left": 911,
        "top": 39,
        "width": 28,
        "height": 24
      },
      "confidence": 90
    },
    {
      "text": "Al",
      "x": 1575,
      "y": 51,
      "bounds": {
        "left": 1570,
        "top": 39,
        "width": 11,
        "height": 25
      },
      "confidence": 87
    },
    {
      "text": "Prompt",
      "x": 1601,
      "y": 51,
      "bounds": {
        "left": 1584,
        "top": 39,
        "width": 35,
        "height": 25
      },
      "confidence": 95
    },
    {
      "text": "Enhancement",
      "x": 1655,
      "y": 53,
      "bounds": {
        "left": 1622,
        "top": 48,
        "width": 66,
        "height": 10
      },
      "confidence": 92
    },
    {
      "text": "x",
      "x": 1892,
      "y": 53,
      "bounds": {
        "left": 1888,
        "top": 49,
        "width": 8,
        "height": 8
      },
      "confidence": 94
    },
    {
      "text": "=",
      "x": 174,
      "y": 81,
      "bounds": {
        "left": 171,
        "top": 77,
        "width": 6,
        "height": 9
      },
      "confidence": 59
    },
    {
      "text": ">",
      "x": 292,
      "y": 76,
      "bounds": {
        "left": 291,
        "top": 71,
        "width": 3,
        "height": 10
      },
      "confidence": 92
    },
    {
      "text": "om",
      "x": 309,
      "y": 83,
      "bounds": {
        "left": 295,
        "top": 61,
        "width": 29,
        "height": 44
      },
      "confidence": 32
    },
    {
      "text": "system",
      "x": 429,
      "y": 79,
      "bounds": {
        "left": 408,
        "top": 61,
        "width": 42,
        "height": 37
      },
      "confidence": 85
    },
    {
      "text": ">",
      "x": 525,
      "y": 76,
      "bounds": {
        "left": 522,
        "top": 71,
        "width": 6,
        "height": 10
      },
      "confidence": 95
    },
    {
      "text": "SYSTEM_PROMPT",
      "x": 602,
      "y": 77,
      "bounds": {
        "left": 552,
        "top": 72,
        "width": 101,
        "height": 11
      },
      "confidence": 90
    },
    {
      "text": "PS",
      "x": 905,
      "y": 76,
      "bounds": {
        "left": 898,
        "top": 72,
        "width": 14,
        "height": 9
      },
      "confidence": 78
    },
    {
      "text": "C:\\Users\\Wagsihim",
      "x": 979,
      "y": 76,
      "bounds": {
        "left": 919,
        "top": 71,
        "width": 120,
        "height": 11
      },
      "confidence": 86
    },
    {
      "text": "AI\\Documents\\GitHub",
      "x": 1111,
      "y": 76,
      "bounds": {
        "left": 1046,
        "top": 61,
        "width": 131,
        "height": 30
      },
      "confidence": 69
    },
    {
      "text": "\\powerful-project-collection>",
      "x": 1315,
      "y": 77,
      "bounds": {
        "left": 1249,
        "top": 71,
        "width": 132,
        "height": 13
      },
      "confidence": 71
    },
    {
      "text": "6",
      "x": 271,
      "y": 98,
      "bounds": {
        "left": 268,
        "top": 95,
        "width": 6,
        "height": 6
      },
      "confidence": 95
    },
    {
      "text": "role",
      "x": 470,
      "y": 97,
      "bounds": {
        "left": 456,
        "top": 94,
        "width": 29,
        "height": 7
      },
      "confidence": 90
    },
    {
      "text": "==",
      "x": 814,
      "y": 99,
      "bounds": {
        "left": 800,
        "top": 97,
        "width": 29,
        "height": 4
      },
      "confidence": 58
    },
    {
      "text": "sec",
      "x": 1585,
      "y": 86,
      "bounds": {
        "left": 1575,
        "top": 81,
        "width": 21,
        "height": 10
      },
      "confidence": 47
    },
    {
      "text": "Get",
      "x": 142,
      "y": 104,
      "bounds": {
        "left": 94,
        "top": 98,
        "width": 96,
        "height": 13
      },
      "confidence": 31
    },
    {
      "text": "=",
      "x": 305,
      "y": 110,
      "bounds": {
        "left": 303,
        "top": 110,
        "width": 5,
        "height": 1
      },
      "confidence": 65
    },
    {
      "text": "neai-tame",
      "x": 467,
      "y": 111,
      "bounds": {
        "left": 433,
        "top": 108,
        "width": 68,
        "height": 6
      },
      "confidence": 39
    },
    {
      "text": "price,",
      "x": 531,
      "y": 112,
      "bounds": {
        "left": 510,
        "top": 108,
        "width": 43,
        "height": 9
      },
      "confidence": 85
    },
    {
      "text": "volume,",
      "x": 589,
      "y": 112,
      "bounds": {
        "left": 564,
        "top": 108,
        "width": 51,
        "height": 8
      },
      "confidence": 48
    },
    {
      "text": "ana",
      "x": 636,
      "y": 111,
      "bounds": {
        "left": 625,
        "top": 108,
        "width": 22,
        "height": 6
      },
      "confidence": 92
    },
    {
      "text": "cnange-",
      "x": 727,
      "y": 112,
      "bounds": {
        "left": 702,
        "top": 108,
        "width": 51,
        "height": 9
      },
      "confidence": 56
    },
    {
      "text": "Agent",
      "x": 1584,
      "y": 111,
      "bounds": {
        "left": 1564,
        "top": 97,
        "width": 40,
        "height": 28
      },
      "confidence": 68
    },
    {
      "text": "Awareness:",
      "x": 1643,
      "y": 111,
      "bounds": {
        "left": 1610,
        "top": 97,
        "width": 66,
        "height": 28
      },
      "confidence": 95
    },
    {
      "text": "When",
      "x": 1696,
      "y": 108,
      "bounds": {
        "left": 1683,
        "top": 103,
        "width": 26,
        "height": 10
      },
      "confidence": 96
    },
    {
      "text": "you",
      "x": 1722,
      "y": 111,
      "bounds": {
        "left": 1713,
        "top": 97,
        "width": 19,
        "height": 28
      },
      "confidence": 96
    },
    {
      "text": "start",
      "x": 1752,
      "y": 111,
      "bounds": {
        "left": 1739,
        "top": 97,
        "width": 26,
        "height": 28
      },
      "confidence": 95
    },
    {
      "text": "a",
      "x": 1770,
      "y": 109,
      "bounds": {
        "left": 1769,
        "top": 106,
        "width": 3,
        "height": 7
      },
      "confidence": 96
    },
    {
      "text": "chat,",
      "x": 1791,
      "y": 111,
      "bounds": {
        "left": 1778,
        "top": 97,
        "width": 27,
        "height": 28
      },
      "confidence": 96
    },
    {
      "text": "the",
      "x": 1817,
      "y": 111,
      "bounds": {
        "left": 1809,
        "top": 97,
        "width": 17,
        "height": 28
      },
      "confidence": 96
    },
    {
      "text": "first",
      "x": 1840,
      "y": 111,
      "bounds": {
        "left": 1830,
        "top": 97,
        "width": 21,
        "height": 28
      },
      "confidence": 96
    },
    {
      "text": "thing",
      "x": 1872,
      "y": 111,
      "bounds": {
        "left": 1858,
        "top": 97,
        "width": 28,
        "height": 28
      },
      "confidence": 96
    },
    {
      "text": ">",
      "x": 61,
      "y": 125,
      "bounds": {
        "left": 58,
        "top": 120,
        "width": 6,
        "height": 10
      },
      "confidence": 92
    },
    {
      "text": "\u00a9",
      "x": 76,
      "y": 128,
      "bounds": {
        "left": 72,
        "top": 116,
        "width": 8,
        "height": 24
      },
      "confidence": 93
    },
    {
      "text": "eigent",
      "x": 112,
      "y": 126,
      "bounds": {
        "left": 94,
        "top": 120,
        "width": 36,
        "height": 13
      },
      "confidence": 91
    },
    {
      "text": "49",
      "x": 267,
      "y": 128,
      "bounds": {
        "left": 260,
        "top": 124,
        "width": 14,
        "height": 9
      },
      "confidence": 55
    },
    {
      "text": "-",
      "x": 305,
      "y": 129,
      "bounds": {
        "left": 303,
        "top": 129,
        "width": 5,
        "height": 1
      },
      "confidence": 55
    },
    {
      "text": "**get_fundamentals**:",
      "x": 397,
      "y": 129,
      "bounds": {
        "left": 318,
        "top": 123,
        "width": 158,
        "height": 13
      },
      "confidence": 83
    },
    {
      "text": "core",
      "x": 501,
      "y": 129,
      "bounds": {
        "left": 487,
        "top": 126,
        "width": 29,
        "height": 7
      },
      "confidence": 96
    },
    {
      "text": "valuation",
      "x": 559,
      "y": 128,
      "bounds": {
        "left": 525,
        "top": 123,
        "width": 68,
        "height": 10
      },
      "confidence": 96
    },
    {
      "text": "and",
      "x": 613,
      "y": 128,
      "bounds": {
        "left": 602,
        "top": 123,
        "width": 22,
        "height": 10
      },
      "confidence": 96
    },
    {
      "text": "profitability",
      "x": 682,
      "y": 129,
      "bounds": {
        "left": 633,
        "top": 123,
        "width": 99,
        "height": 13
      },
      "confidence": 96
    },
    {
      "text": "metrics",
      "x": 766,
      "y": 128,
      "bounds": {
        "left": 741,
        "top": 123,
        "width": 51,
        "height": 10
      },
      "confidence": 96
    },
    {
      "text": "the",
      "x": 1575,
      "y": 129,
      "bounds": {
        "left": 1564,
        "top": 116,
        "width": 23,
        "height": 27
      },
      "confidence": 93
    },
    {
      "text": "agent",
      "x": 1607,
      "y": 129,
      "bounds": {
        "left": 1591,
        "top": 116,
        "width": 32,
        "height": 27
      },
      "confidence": 94
    },
    {
      "text": "does",
      "x": 1640,
      "y": 129,
      "bounds": {
        "left": 1629,
        "top": 116,
        "width": 23,
        "height": 27
      },
      "confidence": 96
    },
    {
      "text": "is",
      "x": 1661,
      "y": 129,
      "bounds": {
        "left": 1656,
        "top": 116,
        "width": 11,
        "height": 27
      },
      "confidence": 95
    },
    {
      "text": "\u201cRead",
      "x": 1688,
      "y": 129,
      "bounds": {
        "left": 1674,
        "top": 116,
        "width": 28,
        "height": 27
      },
      "confidence": 88
    },
    {
      "text": "the",
      "x": 1716,
      "y": 129,
      "bounds": {
        "left": 1708,
        "top": 116,
        "width": 16,
        "height": 27
      },
      "confidence": 96
    },
    {
      "text": "Sentinel",
      "x": 1753,
      "y": 129,
      "bounds": {
        "left": 1730,
        "top": 116,
        "width": 46,
        "height": 27
      },
      "confidence": 96
    },
    {
      "text": "Feed\"",
      "x": 1814,
      "y": 131,
      "bounds": {
        "left": 1780,
        "top": 126,
        "width": 68,
        "height": 10
      },
      "confidence": 69
    },
    {
      "text": "so",
      "x": 1820,
      "y": 129,
      "bounds": {
        "left": 1816,
        "top": 116,
        "width": 9,
        "height": 27
      },
      "confidence": 95
    },
    {
      "text": "it's",
      "x": 1838,
      "y": 131,
      "bounds": {
        "left": 1829,
        "top": 126,
        "width": 19,
        "height": 10
      },
      "confidence": 67
    },
    {
      "text": "Se",
      "x": 24,
      "y": 142,
      "bounds": {
        "left": 14,
        "top": 131,
        "width": 20,
        "height": 22
      },
      "confidence": 52
    },
    {
      "text": ">",
      "x": 61,
      "y": 147,
      "bounds": {
        "left": 58,
        "top": 142,
        "width": 6,
        "height": 10
      },
      "confidence": 54
    },
    {
      "text": "6",
      "x": 77,
      "y": 144,
      "bounds": {
        "left": 74,
        "top": 127,
        "width": 6,
        "height": 35
      },
      "confidence": 43
    },
    {
      "text": "emploai",
      "x": 117,
      "y": 148,
      "bounds": {
        "left": 94,
        "top": 142,
        "width": 46,
        "height": 13
      },
      "confidence": 43
    },
    {
      "text": "41",
      "x": 267,
      "y": 147,
      "bounds": {
        "left": 260,
        "top": 143,
        "width": 14,
        "height": 9
      },
      "confidence": 47
    },
    {
      "text": "~",
      "x": 305,
      "y": 148,
      "bounds": {
        "left": 303,
        "top": 148,
        "width": 5,
        "height": 1
      },
      "confidence": 52
    },
    {
      "text": "**get_technical**:",
      "x": 385,
      "y": 148,
      "bounds": {
        "left": 318,
        "top": 142,
        "width": 135,
        "height": 13
      },
      "confidence": 38
    },
    {
      "text": "Instant",
      "x": 490,
      "y": 147,
      "bounds": {
        "left": 464,
        "top": 143,
        "width": 52,
        "height": 9
      },
      "confidence": 96
    },
    {
      "text": "indicator",
      "x": 559,
      "y": 147,
      "bounds": {
        "left": 526,
        "top": 142,
        "width": 67,
        "height": 10
      },
      "confidence": 96
    },
    {
      "text": "signals",
      "x": 629,
      "y": 148,
      "bounds": {
        "left": 603,
        "top": 142,
        "width": 52,
        "height": 13
      },
      "confidence": 96
    },
    {
      "text": "(RSI,",
      "x": 682,
      "y": 148,
      "bounds": {
        "left": 665,
        "top": 142,
        "width": 34,
        "height": 13
      },
      "confidence": 93
    },
    {
      "text": "MACD,",
      "x": 727,
      "y": 148,
      "bounds": {
        "left": 709,
        "top": 143,
        "width": 36,
        "height": 11
      },
      "confidence": 92
    },
    {
      "text": "etc.)",
      "x": 773,
      "y": 148,
      "bounds": {
        "left": 756,
        "top": 142,
        "width": 35,
        "height": 13
      },
      "confidence": 93
    },
    {
      "text": "|",
      "x": 801,
      "y": 159,
      "bounds": {
        "left": 800,
        "top": 159,
        "width": 3,
        "height": 1
      },
      "confidence": 35
    },
    {
      "text": ">",
      "x": 61,
      "y": 169,
      "bounds": {
        "left": 58,
        "top": 164,
        "width": 6,
        "height": 10
      },
      "confidence": 94
    },
    {
      "text": "\u00a9",
      "x": 80,
      "y": 169,
      "bounds": {
        "left": 74,
        "top": 164,
        "width": 12,
        "height": 10
      },
      "confidence": 93
    },
    {
      "text": "Mini-Agent",
      "x": 127,
      "y": 170,
      "bounds": {
        "left": 95,
        "top": 164,
        "width": 64,
        "height": 13
      },
      "confidence": 87
    },
    {
      "text": "42",
      "x": 267,
      "y": 166,
      "bounds": {
        "left": 260,
        "top": 162,
        "width": 14,
        "height": 9
      },
      "confidence": 63
    },
    {
      "text": "-",
      "x": 305,
      "y": 167,
      "bounds": {
        "left": 303,
        "top": 167,
        "width": 5,
        "height": 1
      },
      "confidence": 62
    },
    {
      "text": "**get_news**:",
      "x": 366,
      "y": 167,
      "bounds": {
        "left": 318,
        "top": 161,
        "width": 96,
        "height": 13
      },
      "confidence": 82
    },
    {
      "text": "Market",
      "x": 447,
      "y": 166,
      "bounds": {
        "left": 425,
        "top": 161,
        "width": 45,
        "height": 10
      },
      "confidence": 96
    },
    {
      "text": "sentiment",
      "x": 513,
      "y": 166,
      "bounds": {
        "left": 479,
        "top": 161,
        "width": 68,
        "height": 10
      },
      "confidence": 96
    },
    {
      "text": "and",
      "x": 567,
      "y": 166,
      "bounds": {
        "left": 556,
        "top": 161,
        "width": 22,
        "height": 10
      },
      "confidence": 93
    },
    {
      "text": "company-specific",
      "x": 647,
      "y": 167,
      "bounds": {
        "left": 587,
        "top": 161,
        "width": 121,
        "height": 13
      },
      "confidence": 91
    },
    {
      "text": "headlines.",
      "x": 754,
      "y": 166,
      "bounds": {
        "left": 718,
        "top": 161,
        "width": 73,
        "height": 10
      },
      "confidence": 95
    },
    {
      "text": "43",
      "x": 267,
      "y": 185,
      "bounds": {
        "left": 260,
        "top": 181,
        "width": 14,
        "height": 9
      },
      "confidence": 37
    },
    {
      "text": "-",
      "x": 305,
      "y": 186,
      "bounds": {
        "left": 303,
        "top": 186,
        "width": 5,
        "height": 1
      },
      "confidence": 57
    },
    {
      "text": "**get_hacker_news**:",
      "x": 393,
      "y": 186,
      "bounds": {
        "left": 318,
        "top": 180,
        "width": 150,
        "height": 13
      },
      "confidence": 83
    },
    {
      "text": "Tech-market",
      "x": 520,
      "y": 185,
      "bounds": {
        "left": 479,
        "top": 180,
        "width": 83,
        "height": 10
      },
      "confidence": 87
    },
    {
      "text": "crossover",
      "x": 606,
      "y": 186,
      "bounds": {
        "left": 572,
        "top": 183,
        "width": 68,
        "height": 7
      },
      "confidence": 95
    },
    {
      "text": "trends.",
      "x": 673,
      "y": 185,
      "bounds": {
        "left": 648,
        "top": 180,
        "width": 51,
        "height": 10
      },
      "confidence": 96
    },
    {
      "text": "4.",
      "x": 1544,
      "y": 185,
      "bounds": {
        "left": 1537,
        "top": 169,
        "width": 14,
        "height": 32
      },
      "confidence": 79
    },
    {
      "text": "Proactive",
      "x": 1589,
      "y": 185,
      "bounds": {
        "left": 1558,
        "top": 169,
        "width": 62,
        "height": 32
      },
      "confidence": 93
    },
    {
      "text": "Commands",
      "x": 1711,
      "y": 191,
      "bounds": {
        "left": 1622,
        "top": 185,
        "width": 179,
        "height": 12
      },
      "confidence": 96
    },
    {
      "text": "(Sentinel",
      "x": 1729,
      "y": 185,
      "bounds": {
        "left": 1699,
        "top": 169,
        "width": 60,
        "height": 32
      },
      "confidence": 90
    },
    {
      "text": "Tools)",
      "x": 1783,
      "y": 185,
      "bounds": {
        "left": 1763,
        "top": 169,
        "width": 41,
        "height": 32
      },
      "confidence": 74
    },
    {
      "text": "=",
      "x": 80,
      "y": 209,
      "bounds": {
        "left": 74,
        "top": 208,
        "width": 12,
        "height": 3
      },
      "confidence": 62
    },
    {
      "text": "44",
      "x": 267,
      "y": 204,
      "bounds": {
        "left": 260,
        "top": 200,
        "width": 14,
        "height": 9
      },
      "confidence": 62
    },
    {
      "text": "-",
      "x": 305,
      "y": 205,
      "bounds": {
        "left": 303,
        "top": 205,
        "width": 5,
        "height": 1
      },
      "confidence": 38
    },
    {
      "text": "**web_search**:",
      "x": 374,
      "y": 205,
      "bounds": {
        "left": 318,
        "top": 199,
        "width": 112,
        "height": 13
      },
      "confidence": 88
    },
    {
      "text": "General",
      "x": 466,
      "y": 204,
      "bounds": {
        "left": 440,
        "top": 199,
        "width": 53,
        "height": 10
      },
      "confidence": 95
    },
    {
      "text": "financial",
      "x": 536,
      "y": 204,
      "bounds": {
        "left": 502,
        "top": 199,
        "width": 68,
        "height": 10
      },
      "confidence": 96
    },
    {
      "text": "or",
      "x": 586,
      "y": 205,
      "bounds": {
        "left": 579,
        "top": 202,
        "width": 14,
        "height": 7
      },
      "confidence": 96
    },
    {
      "text": "macro",
      "x": 621,
      "y": 205,
      "bounds": {
        "left": 602,
        "top": 202,
        "width": 38,
        "height": 7
      },
      "confidence": 92
    },
    {
      "text": "research.",
      "x": 681,
      "y": 204,
      "bounds": {
        "left": 649,
        "top": 199,
        "width": 65,
        "height": 10
      },
      "confidence": 92
    },
    {
      "text": "B",
      "x": 21,
      "y": 225,
      "bounds": {
        "left": 12,
        "top": 217,
        "width": 18,
        "height": 16
      },
      "confidence": 90
    },
    {
      "text": ">",
      "x": 61,
      "y": 213,
      "bounds": {
        "left": 58,
        "top": 208,
        "width": 6,
        "height": 10
      },
      "confidence": 95
    },
    {
      "text": "\u00a9",
      "x": 80,
      "y": 217,
      "bounds": {
        "left": 74,
        "top": 217,
        "width": 12,
        "height": 1
      },
      "confidence": 87
    },
    {
      "text": "OpenBB",
      "x": 117,
      "y": 215,
      "bounds": {
        "left": 94,
        "top": 209,
        "width": 46,
        "height": 12
      },
      "confidence": 72
    },
    {
      "text": "aE",
      "x": 267,
      "y": 223,
      "bounds": {
        "left": 260,
        "top": 219,
        "width": 14,
        "height": 9
      },
      "confidence": 38
    },
    {
      "text": "New",
      "x": 1552,
      "y": 217,
      "bounds": {
        "left": 1542,
        "top": 204,
        "width": 20,
        "height": 26
      },
      "confidence": 93
    },
    {
      "text": "tools",
      "x": 1582,
      "y": 217,
      "bounds": {
        "left": 1568,
        "top": 204,
        "width": 29,
        "height": 26
      },
      "confidence": 96
    },
    {
      "text": "for",
      "x": 1610,
      "y": 217,
      "bounds": {
        "left": 1602,
        "top": 204,
        "width": 17,
        "height": 26
      },
      "confidence": 96
    },
    {
      "text": "the",
      "x": 1631,
      "y": 217,
      "bounds": {
        "left": 1622,
        "top": 204,
        "width": 18,
        "height": 26
      },
      "confidence": 96
    },
    {
      "text": "Al",
      "x": 1652,
      "y": 217,
      "bounds": {
        "left": 1646,
        "top": 204,
        "width": 12,
        "height": 26
      },
      "confidence": 95
    },
    {
      "text": "agent",
      "x": 1676,
      "y": 217,
      "bounds": {
        "left": 1661,
        "top": 204,
        "width": 31,
        "height": 26
      },
      "confidence": 95
    },
    {
      "text": "to",
      "x": 1703,
      "y": 217,
      "bounds": {
        "left": 1698,
        "top": 204,
        "width": 10,
        "height": 26
      },
      "confidence": 96
    },
    {
      "text": "manage",
      "x": 1734,
      "y": 217,
      "bounds": {
        "left": 1715,
        "top": 204,
        "width": 38,
        "height": 26
      },
      "confidence": 96
    },
    {
      "text": "its",
      "x": 1767,
      "y": 217,
      "bounds": {
        "left": 1758,
        "top": 204,
        "width": 19,
        "height": 26
      },
      "confidence": 96
    },
    {
      "text": "background",
      "x": 1812,
      "y": 217,
      "bounds": {
        "left": 1780,
        "top": 204,
        "width": 64,
        "height": 26
      },
      "confidence": 96
    },
    {
      "text": "self:",
      "x": 1861,
      "y": 217,
      "bounds": {
        "left": 1847,
        "top": 204,
        "width": 29,
        "height": 26
      },
      "confidence": 87
    },
    {
      "text": ">",
      "x": 61,
      "y": 235,
      "bounds": {
        "left": 58,
        "top": 230,
        "width": 6,
        "height": 10
      },
      "confidence": 91
    },
    {
      "text": "\u00a9",
      "x": 80,
      "y": 239,
      "bounds": {
        "left": 74,
        "top": 239,
        "width": 12,
        "height": 1
      },
      "confidence": 91
    },
    {
      "text": "slert(symbol,",
      "x": 1628,
      "y": 242,
      "bounds": {
        "left": 1573,
        "top": 237,
        "width": 110,
        "height": 10
      },
      "confidence": 66
    },
    {
      "text": "condition)",
      "x": 1723,
      "y": 241,
      "bounds": {
        "left": 1692,
        "top": 237,
        "width": 63,
        "height": 8
      },
      "confidence": 92
    },
    {
      "text": ":",
      "x": 1763,
      "y": 240,
      "bounds": {
        "left": 1762,
        "top": 237,
        "width": 2,
        "height": 7
      },
      "confidence": 92
    },
    {
      "text": "Programmatically",
      "x": 1818,
      "y": 240,
      "bounds": {
        "left": 1768,
        "top": 234,
        "width": 100,
        "height": 13
      },
      "confidence": 95
    },
    {
      "text": "Gy",
      "x": 22,
      "y": 266,
      "bounds": {
        "left": 14,
        "top": 258,
        "width": 16,
        "height": 16
      },
      "confidence": 38
    },
    {
      "text": ">",
      "x": 61,
      "y": 257,
      "bounds": {
        "left": 58,
        "top": 252,
        "width": 6,
        "height": 10
      },
      "confidence": 41
    },
    {
      "text": "47",
      "x": 267,
      "y": 261,
      "bounds": {
        "left": 260,
        "top": 257,
        "width": 14,
        "height": 9
      },
      "confidence": 49
    },
    {
      "text": "-",
      "x": 305,
      "y": 262,
      "bounds": {
        "left": 303,
        "top": 262,
        "width": 5,
        "height": 1
      },
      "confidence": 67
    },
    {
      "text": "**search_memory**:",
      "x": 385,
      "y": 262,
      "bounds": {
        "left": 318,
        "top": 256,
        "width": 135,
        "height": 13
      },
      "confidence": 91
    },
    {
      "text": "Query",
      "x": 482,
      "y": 263,
      "bounds": {
        "left": 463,
        "top": 257,
        "width": 38,
        "height": 12
      },
      "confidence": 95
    },
    {
      "text": "past",
      "x": 524,
      "y": 263,
      "bounds": {
        "left": 510,
        "top": 257,
        "width": 29,
        "height": 12
      },
      "confidence": 93
    },
    {
      "text": "sessions",
      "x": 578,
      "y": 261,
      "bounds": {
        "left": 549,
        "top": 256,
        "width": 59,
        "height": 10
      },
      "confidence": 93
    },
    {
      "text": "and",
      "x": 628,
      "y": 261,
      "bounds": {
        "left": 618,
        "top": 256,
        "width": 21,
        "height": 10
      },
      "confidence": 95
    },
    {
      "text": "user-defined",
      "x": 694,
      "y": 261,
      "bounds": {
        "left": 649,
        "top": 256,
        "width": 90,
        "height": 10
      },
      "confidence": 95
    },
    {
      "text": "prefer",
      "x": 770,
      "y": 262,
      "bounds": {
        "left": 749,
        "top": 256,
        "width": 43,
        "height": 13
      },
      "confidence": 96
    },
    {
      "text": "\u2018add",
      "x": 1576,
      "y": 262,
      "bounds": {
        "left": 1564,
        "top": 249,
        "width": 25,
        "height": 27
      },
      "confidence": 53
    },
    {
      "text": "background",
      "x": 1627,
      "y": 262,
      "bounds": {
        "left": 1595,
        "top": 249,
        "width": 64,
        "height": 27
      },
      "confidence": 96
    },
    {
      "text": "triggers.",
      "x": 1691,
      "y": 262,
      "bounds": {
        "left": 1665,
        "top": 249,
        "width": 52,
        "height": 27
      },
      "confidence": 83
    },
    {
      "text": ">",
      "x": 61,
      "y": 279,
      "bounds": {
        "left": 58,
        "top": 274,
        "width": 6,
        "height": 10
      },
      "confidence": 91
    },
    {
      "text": "\u00a9",
      "x": 80,
      "y": 279,
      "bounds": {
        "left": 74,
        "top": 274,
        "width": 12,
        "height": 10
      },
      "confidence": 90
    },
    {
      "text": "temp",
      "x": 109,
      "y": 281,
      "bounds": {
        "left": 94,
        "top": 275,
        "width": 30,
        "height": 12
      },
      "confidence": 95
    },
    {
      "text": "48",
      "x": 267,
      "y": 280,
      "bounds": {
        "left": 260,
        "top": 276,
        "width": 14,
        "height": 9
      },
      "confidence": 57
    },
    {
      "text": "-",
      "x": 305,
      "y": 281,
      "bounds": {
        "left": 303,
        "top": 281,
        "width": 5,
        "height": 1
      },
      "confidence": 57
    },
    {
      "text": "Persist",
      "x": 490,
      "y": 280,
      "bounds": {
        "left": 464,
        "top": 275,
        "width": 52,
        "height": 10
      },
      "confidence": 96
    },
    {
      "text": "critical",
      "x": 555,
      "y": 280,
      "bounds": {
        "left": 525,
        "top": 275,
        "width": 60,
        "height": 10
      },
      "confidence": 96
    },
    {
      "text": "insights",
      "x": 625,
      "y": 281,
      "bounds": {
        "left": 595,
        "top": 275,
        "width": 60,
        "height": 13
      },
      "confidence": 96
    },
    {
      "text": "or",
      "x": 671,
      "y": 281,
      "bounds": {
        "left": 664,
        "top": 278,
        "width": 14,
        "height": 7
      },
      "confidence": 96
    },
    {
      "text": "global",
      "x": 709,
      "y": 281,
      "bounds": {
        "left": 687,
        "top": 275,
        "width": 45,
        "height": 13
      },
      "confidence": 96
    },
    {
      "text": "setting",
      "x": 766,
      "y": 281,
      "bounds": {
        "left": 741,
        "top": 275,
        "width": 51,
        "height": 13
      },
      "confidence": 86
    },
    {
      "text": "Fetch",
      "x": 1744,
      "y": 280,
      "bounds": {
        "left": 1731,
        "top": 265,
        "width": 27,
        "height": 31
      },
      "confidence": 52
    },
    {
      "text": "or",
      "x": 1839,
      "y": 280,
      "bounds": {
        "left": 1832,
        "top": 265,
        "width": 14,
        "height": 31
      },
      "confidence": 58
    },
    {
      "text": ">",
      "x": 39,
      "y": 306,
      "bounds": {
        "left": 14,
        "top": 296,
        "width": 50,
        "height": 20
      },
      "confidence": 63
    },
    {
      "text": "\u00a9",
      "x": 75,
      "y": 303,
      "bounds": {
        "left": 72,
        "top": 286,
        "width": 6,
        "height": 34
      },
      "confidence": 76
    },
    {
      "text": "test.workspace",
      "x": 137,
      "y": 302,
      "bounds": {
        "left": 94,
        "top": 296,
        "width": 87,
        "height": 13
      },
      "confidence": 82
    },
    {
      "text": "</tool_manifesto>",
      "x": 367,
      "y": 300,
      "bounds": {
        "left": 302,
        "top": 294,
        "width": 130,
        "height": 13
      },
      "confidence": 80
    },
    {
      "text": "findings",
      "x": 1591,
      "y": 307,
      "bounds": {
        "left": 1568,
        "top": 301,
        "width": 47,
        "height": 13
      },
      "confidence": 73
    },
    {
      "text": "from",
      "x": 1631,
      "y": 306,
      "bounds": {
        "left": 1618,
        "top": 301,
        "width": 27,
        "height": 10
      },
      "confidence": 76
    },
    {
      "text": "the",
      "x": 1657,
      "y": 301,
      "bounds": {
        "left": 1649,
        "top": 284,
        "width": 17,
        "height": 34
      },
      "confidence": 96
    },
    {
      "text": "last",
      "x": 1681,
      "y": 301,
      "bounds": {
        "left": 1671,
        "top": 284,
        "width": 21,
        "height": 34
      },
      "confidence": 85
    },
    {
      "text": "\u00a7X$",
      "x": 1706,
      "y": 301,
      "bounds": {
        "left": 1697,
        "top": 284,
        "width": 18,
        "height": 34
      },
      "confidence": 37
    },
    {
      "text": "hours.",
      "x": 1737,
      "y": 306,
      "bounds": {
        "left": 1720,
        "top": 301,
        "width": 35,
        "height": 10
      },
      "confidence": 90
    },
    {
      "text": ">",
      "x": 61,
      "y": 323,
      "bounds": {
        "left": 58,
        "top": 318,
        "width": 6,
        "height": 10
      },
      "confidence": 92
    },
    {
      "text": "\u00a9",
      "x": 76,
      "y": 324,
      "bounds": {
        "left": 72,
        "top": 310,
        "width": 8,
        "height": 28
      },
      "confidence": 52
    },
    {
      "text": "tradio",
      "x": 111,
      "y": 323,
      "bounds": {
        "left": 94,
        "top": 318,
        "width": 34,
        "height": 10
      },
      "confidence": 87
    },
    {
      "text": "ay",
      "x": 267,
      "y": 318,
      "bounds": {
        "left": 261,
        "top": 314,
        "width": 13,
        "height": 9
      },
      "confidence": 35
    },
    {
      "text": "51",
      "x": 267,
      "y": 337,
      "bounds": {
        "left": 261,
        "top": 333,
        "width": 13,
        "height": 9
      },
      "confidence": 61
    },
    {
      "text": "<critical_reminders>",
      "x": 378,
      "y": 337,
      "bounds": {
        "left": 302,
        "top": 332,
        "width": 153,
        "height": 10
      },
      "confidence": 78
    },
    {
      "text": "52.",
      "x": 267,
      "y": 356,
      "bounds": {
        "left": 261,
        "top": 352,
        "width": 13,
        "height": 9
      },
      "confidence": 55
    },
    {
      "text": "-",
      "x": 305,
      "y": 357,
      "bounds": {
        "left": 303,
        "top": 357,
        "width": 5,
        "height": 1
      },
      "confidence": 71
    },
    {
      "text": "**Financial",
      "x": 359,
      "y": 356,
      "bounds": {
        "left": 318,
        "top": 351,
        "width": 83,
        "height": 10
      },
      "confidence": 86
    },
    {
      "text": "Disclosure**:",
      "x": 458,
      "y": 356,
      "bounds": {
        "left": 410,
        "top": 351,
        "width": 97,
        "height": 10
      },
      "confidence": 81
    },
    {
      "text": "Always",
      "x": 539,
      "y": 357,
      "bounds": {
        "left": 517,
        "top": 351,
        "width": 45,
        "height": 13
      },
      "confidence": 95
    },
    {
      "text": "specify",
      "x": 598,
      "y": 357,
      "bounds": {
        "left": 572,
        "top": 351,
        "width": 52,
        "height": 13
      },
      "confidence": 95
    },
    {
      "text": "that",
      "x": 647,
      "y": 356,
      "bounds": {
        "left": 633,
        "top": 351,
        "width": 29,
        "height": 10
      },
      "confidence": 94
    },
    {
      "text": "your",
      "x": 686,
      "y": 359,
      "bounds": {
        "left": 671,
        "top": 354,
        "width": 30,
        "height": 10
      },
      "confidence": 94
    },
    {
      "text": "analysis",
      "x": 740,
      "y": 357,
      "bounds": {
        "left": 710,
        "top": 351,
        "width": 60,
        "height": 13
      },
      "confidence": 96
    },
    {
      "text": "is",
      "x": 789,
      "y": 360,
      "bounds": {
        "left": 787,
        "top": 360,
        "width": 5,
        "height": 1
      },
      "confidence": 93
    },
    {
      "text": "a",
      "x": 195,
      "y": 371,
      "bounds": {
        "left": 193,
        "top": 370,
        "width": 5,
        "height": 2
      },
      "confidence": 44
    },
    {
      "text": "52",
      "x": 267,
      "y": 375,
      "bounds": {
        "left": 261,
        "top": 371,
        "width": 13,
        "height": 9
      },
      "confidence": 71
    },
    {
      "text": "-",
      "x": 305,
      "y": 376,
      "bounds": {
        "left": 303,
        "top": 376,
        "width": 5,
        "height": 1
      },
      "confidence": 59
    },
    {
      "text": "**Error",
      "x": 344,
      "y": 375,
      "bounds": {
        "left": 318,
        "top": 370,
        "width": 52,
        "height": 10
      },
      "confidence": 67
    },
    {
      "text": "Handling**:",
      "x": 419,
      "y": 376,
      "bounds": {
        "left": 379,
        "top": 370,
        "width": 81,
        "height": 13
      },
      "confidence": 91
    },
    {
      "text": "If",
      "x": 479,
      "y": 375,
      "bounds": {
        "left": 472,
        "top": 370,
        "width": 14,
        "height": 10
      },
      "confidence": 96
    },
    {
      "text": "a",
      "x": 498,
      "y": 376,
      "bounds": {
        "left": 495,
        "top": 373,
        "width": 6,
        "height": 7
      },
      "confidence": 91
    },
    {
      "text": "ticker",
      "x": 532,
      "y": 375,
      "bounds": {
        "left": 509,
        "top": 370,
        "width": 46,
        "height": 10
      },
      "confidence": 91
    },
    {
      "text": "is",
      "x": 571,
      "y": 375,
      "bounds": {
        "left": 564,
        "top": 370,
        "width": 14,
        "height": 10
      },
      "confidence": 95
    },
    {
      "text": "invalid",
      "x": 613,
      "y": 375,
      "bounds": {
        "left": 587,
        "top": 370,
        "width": 52,
        "height": 10
      },
      "confidence": 96
    },
    {
      "text": "or",
      "x": 655,
      "y": 376,
      "bounds": {
        "left": 648,
        "top": 373,
        "width": 15,
        "height": 7
      },
      "confidence": 96
    },
    {
      "text": "data",
      "x": 686,
      "y": 375,
      "bounds": {
        "left": 671,
        "top": 370,
        "width": 30,
        "height": 10
      },
      "confidence": 96
    },
    {
      "text": "is",
      "x": 717,
      "y": 375,
      "bounds": {
        "left": 710,
        "top": 370,
        "width": 14,
        "height": 10
      },
      "confidence": 96
    },
    {
      "text": "missing,",
      "x": 762,
      "y": 376,
      "bounds": {
        "left": 733,
        "top": 370,
        "width": 58,
        "height": 13
      },
      "confidence": 96
    },
    {
      "text": "54",
      "x": 267,
      "y": 394,
      "bounds": {
        "left": 261,
        "top": 390,
        "width": 13,
        "height": 9
      },
      "confidence": 63
    },
    {
      "text": "-",
      "x": 305,
      "y": 395,
      "bounds": {
        "left": 303,
        "top": 395,
        "width": 5,
        "height": 1
      },
      "confidence": 65
    },
    {
      "text": "**Visualization**:",
      "x": 385,
      "y": 394,
      "bounds": {
        "left": 318,
        "top": 389,
        "width": 135,
        "height": 10
      },
      "confidence": 74
    },
    {
      "text": "Interactive",
      "x": 505,
      "y": 394,
      "bounds": {
        "left": 464,
        "top": 389,
        "width": 83,
        "height": 10
      },
      "confidence": 96
    },
    {
      "text": "charts",
      "x": 578,
      "y": 394,
      "bounds": {
        "left": 556,
        "top": 389,
        "width": 45,
        "height": 10
      },
      "confidence": 96
    },
    {
      "text": "are",
      "x": 621,
      "y": 395,
      "bounds": {
        "left": 610,
        "top": 392,
        "width": 22,
        "height": 7
      },
      "confidence": 96
    },
    {
      "text": "high-value.",
      "x": 681,
      "y": 395,
      "bounds": {
        "left": 641,
        "top": 389,
        "width": 81,
        "height": 13
      },
      "confidence": 96
    },
    {
      "text": "Always",
      "x": 755,
      "y": 395,
      "bounds": {
        "left": 732,
        "top": 389,
        "width": 46,
        "height": 13
      },
      "confidence": 96
    },
    {
      "text": "5",
      "x": 789,
      "y": 397,
      "bounds": {
        "left": 787,
        "top": 392,
        "width": 5,
        "height": 10
      },
      "confidence": 39
    },
    {
      "text": "55",
      "x": 267,
      "y": 413,
      "bounds": {
        "left": 261,
        "top": 409,
        "width": 13,
        "height": 9
      },
      "confidence": 41
    },
    {
      "text": "</critical_reminders>\"\u2019",
      "x": 385,
      "y": 414,
      "bounds": {
        "left": 302,
        "top": 408,
        "width": 167,
        "height": 13
      },
      "confidence": 36
    },
    {
      "text": "Implementation",
      "x": 1593,
      "y": 413,
      "bounds": {
        "left": 1542,
        "top": 401,
        "width": 102,
        "height": 24
      },
      "confidence": 90
    },
    {
      "text": "Phasing",
      "x": 1677,
      "y": 413,
      "bounds": {
        "left": 1652,
        "top": 401,
        "width": 50,
        "height": 24
      },
      "confidence": 96
    },
    {
      "text": "56",
      "x": 267,
      "y": 432,
      "bounds": {
        "left": 261,
        "top": 428,
        "width": 13,
        "height": 9
      },
      "confidence": 95
    },
    {
      "text": "Phase",
      "x": 1569,
      "y": 444,
      "bounds": {
        "left": 1551,
        "top": 439,
        "width": 36,
        "height": 10
      },
      "confidence": 78
    },
    {
      "text": "Milestone",
      "x": 1637,
      "y": 444,
      "bounds": {
        "left": 1606,
        "top": 439,
        "width": 62,
        "height": 10
      },
      "confidence": 78
    },
    {
      "text": "Description",
      "x": 1728,
      "y": 445,
      "bounds": {
        "left": 1692,
        "top": 439,
        "width": 72,
        "height": 13
      },
      "confidence": 34
    },
    {
      "text": "cannot",
      "x": 798,
      "y": 473,
      "bounds": {
        "left": 782,
        "top": 469,
        "width": 33,
        "height": 8
      },
      "confidence": 83
    },
    {
      "text": "find",
      "x": 829,
      "y": 472,
      "bounds": {
        "left": 820,
        "top": 457,
        "width": 18,
        "height": 30
      },
      "confidence": 95
    },
    {
      "text": "spotif",
      "x": 861,
      "y": 474,
      "bounds": {
        "left": 847,
        "top": 469,
        "width": 28,
        "height": 11
      },
      "confidence": 58
    },
    {
      "text": "sure",
      "x": 925,
      "y": 476,
      "bounds": {
        "left": 924,
        "top": 476,
        "width": 3,
        "height": 1
      },
      "confidence": 96
    },
    {
      "text": "you",
      "x": 964,
      "y": 473,
      "bounds": {
        "left": 955,
        "top": 469,
        "width": 19,
        "height": 8
      },
      "confidence": 96
    },
    {
      "text": "typed",
      "x": 987,
      "y": 475,
      "bounds": {
        "left": 982,
        "top": 471,
        "width": 11,
        "height": 9
      },
      "confidence": 96
    },
    {
      "text": "the",
      "x": 1009,
      "y": 472,
      "bounds": {
        "left": 999,
        "top": 468,
        "width": 21,
        "height": 9
      },
      "confidence": 96
    },
    {
      "text": "ly,",
      "x": 1095,
      "y": 472,
      "bounds": {
        "left": 1095,
        "top": 468,
        "width": 1,
        "height": 9
      },
      "confidence": 82
    },
    {
      "text": "and",
      "x": 1116,
      "y": 474,
      "bounds": {
        "left": 1111,
        "top": 471,
        "width": 10,
        "height": 6
      },
      "confidence": 96
    },
    {
      "text": "then",
      "x": 1147,
      "y": 472,
      "bounds": {
        "left": 1127,
        "top": 468,
        "width": 41,
        "height": 9
      },
      "confidence": 89
    },
    {
      "text": "tr",
      "x": 1164,
      "y": 472,
      "bounds": {
        "left": 1158,
        "top": 457,
        "width": 13,
        "height": 30
      },
      "confidence": 83
    },
    {
      "text": "Phase",
      "x": 1566,
      "y": 472,
      "bounds": {
        "left": 1550,
        "top": 468,
        "width": 32,
        "height": 9
      },
      "confidence": 58
    },
    {
      "text": "ThePulse",
      "x": 1631,
      "y": 472,
      "bounds": {
        "left": 1605,
        "top": 468,
        "width": 53,
        "height": 9
      },
      "confidence": 58
    },
    {
      "text": "u",
      "x": 1552,
      "y": 490,
      "bounds": {
        "left": 1550,
        "top": 486,
        "width": 4,
        "height": 9
      },
      "confidence": 62
    },
    {
      "text": "Se",
      "x": 1616,
      "y": 495,
      "bounds": {
        "left": 1601,
        "top": 480,
        "width": 30,
        "height": 30
      },
      "confidence": 35
    },
    {
      "text": "py",
      "x": 1699,
      "y": 496,
      "bounds": {
        "left": 1692,
        "top": 493,
        "width": 14,
        "height": 7
      },
      "confidence": 79
    },
    {
      "text": "using",
      "x": 1750,
      "y": 495,
      "bounds": {
        "left": 1713,
        "top": 489,
        "width": 75,
        "height": 12
      },
      "confidence": 91
    },
    {
      "text": "white",
      "x": 1811,
      "y": 494,
      "bounds": {
        "left": 1795,
        "top": 491,
        "width": 33,
        "height": 7
      },
      "confidence": 64
    },
    {
      "text": "True",
      "x": 1848,
      "y": 494,
      "bounds": {
        "left": 1835,
        "top": 491,
        "width": 26,
        "height": 7
      },
      "confidence": 85
    },
    {
      "text": "Problems",
      "x": 279,
      "y": 511,
      "bounds": {
        "left": 254,
        "top": 507,
        "width": 50,
        "height": 9
      },
      "confidence": 96
    },
    {
      "text": "Output",
      "x": 347,
      "y": 513,
      "bounds": {
        "left": 328,
        "top": 507,
        "width": 39,
        "height": 12
      },
      "confidence": 73
    },
    {
      "text": "Debug",
      "x": 409,
      "y": 513,
      "bounds": {
        "left": 392,
        "top": 507,
        "width": 35,
        "height": 12
      },
      "confidence": 45
    },
    {
      "text": "Console",
      "x": 452,
      "y": 511,
      "bounds": {
        "left": 431,
        "top": 507,
        "width": 43,
        "height": 9
      },
      "confidence": 45
    },
    {
      "text": "Ports",
      "x": 583,
      "y": 511,
      "bounds": {
        "left": 570,
        "top": 507,
        "width": 27,
        "height": 9
      },
      "confidence": 78
    },
    {
      "text": "+e",
      "x": 1403,
      "y": 511,
      "bounds": {
        "left": 1389,
        "top": 505,
        "width": 28,
        "height": 13
      },
      "confidence": 49
    },
    {
      "text": "is",
      "x": 267,
      "y": 542,
      "bounds": {
        "left": 261,
        "top": 537,
        "width": 13,
        "height": 10
      },
      "confidence": 96
    },
    {
      "text": "on",
      "x": 288,
      "y": 543,
      "bounds": {
        "left": 281,
        "top": 540,
        "width": 14,
        "height": 7
      },
      "confidence": 90
    },
    {
      "text": "the",
      "x": 312,
      "y": 542,
      "bounds": {
        "left": 302,
        "top": 537,
        "width": 21,
        "height": 10
      },
      "confidence": 92
    },
    {
      "text": "screen?\"}",
      "x": 362,
      "y": 543,
      "bounds": {
        "left": 331,
        "top": 537,
        "width": 62,
        "height": 13
      },
      "confidence": 81
    },
    {
      "text": "(215ms)",
      "x": 424,
      "y": 543,
      "bounds": {
        "left": 401,
        "top": 537,
        "width": 47,
        "height": 13
      },
      "confidence": 43
    },
    {
      "text": "l",
      "x": 1433,
      "y": 543,
      "bounds": {
        "left": 1431,
        "top": 537,
        "width": 4,
        "height": 12
      },
      "confidence": 50
    },
    {
      "text": "Phase",
      "x": 1566,
      "y": 540,
      "bounds": {
        "left": 1550,
        "top": 536,
        "width": 32,
        "height": 9
      },
      "confidence": 60
    },
    {
      "text": "ETF",
      "x": 1615,
      "y": 540,
      "bounds": {
        "left": 1606,
        "top": 536,
        "width": 19,
        "height": 9
      },
      "confidence": 60
    },
    {
      "text": "Implement",
      "x": 1720,
      "y": 542,
      "bounds": {
        "left": 1692,
        "top": 536,
        "width": 57,
        "height": 12
      },
      "confidence": 92
    },
    {
      "text": "2026-02-14",
      "x": 286,
      "y": 559,
      "bounds": {
        "left": 249,
        "top": 544,
        "width": 75,
        "height": 30
      },
      "confidence": 71
    },
    {
      "text": "-",
      "x": 425,
      "y": 560,
      "bounds": {
        "left": 422,
        "top": 560,
        "width": 6,
        "height": 1
      },
      "confidence": 85
    },
    {
      "text": "httpx",
      "x": 453,
      "y": 560,
      "bounds": {
        "left": 436,
        "top": 554,
        "width": 35,
        "height": 13
      },
      "confidence": 59
    },
    {
      "text": "-",
      "x": 481,
      "y": 560,
      "bounds": {
        "left": 478,
        "top": 560,
        "width": 6,
        "height": 1
      },
      "confidence": 90
    },
    {
      "text": "INFO",
      "x": 506,
      "y": 559,
      "bounds": {
        "left": 492,
        "top": 555,
        "width": 28,
        "height": 9
      },
      "confidence": 92
    },
    {
      "text": "-",
      "x": 530,
      "y": 560,
      "bounds": {
        "left": 527,
        "top": 560,
        "width": 6,
        "height": 1
      },
      "confidence": 90
    },
    {
      "text": "HTTP",
      "x": 554,
      "y": 559,
      "bounds": {
        "left": 540,
        "top": 555,
        "width": 29,
        "height": 9
      },
      "confidence": 79
    },
    {
      "text": "Request:",
      "x": 602,
      "y": 561,
      "bounds": {
        "left": 576,
        "top": 555,
        "width": 53,
        "height": 12
      },
      "confidence": 96
    },
    {
      "text": "POST",
      "x": 652,
      "y": 559,
      "bounds": {
        "left": 638,
        "top": 555,
        "width": 29,
        "height": 9
      },
      "confidence": 96
    },
    {
      "text": "-openai.com/vi/chat/completions",
      "x": 859,
      "y": 560,
      "bounds": {
        "left": 752,
        "top": 554,
        "width": 215,
        "height": 13
      },
      "confidence": 49
    },
    {
      "text": "\u201cHTTP/1.1",
      "x": 1006,
      "y": 559,
      "bounds": {
        "left": 975,
        "top": 554,
        "width": 62,
        "height": 11
      },
      "confidence": 50
    },
    {
      "text": "200",
      "x": 1055,
      "y": 559,
      "bounds": {
        "left": 1045,
        "top": 555,
        "width": 21,
        "height": 9
      },
      "confidence": 52
    },
    {
      "text": "OK\u201d",
      "x": 1082,
      "y": 559,
      "bounds": {
        "left": 1072,
        "top": 554,
        "width": 20,
        "height": 10
      },
      "confidence": 76
    },
    {
      "text": "2",
      "x": 1553,
      "y": 558,
      "bounds": {
        "left": 1550,
        "top": 554,
        "width": 6,
        "height": 9
      },
      "confidence": 96
    },
    {
      "text": "Resolution",
      "x": 1634,
      "y": 558,
      "bounds": {
        "left": 1606,
        "top": 554,
        "width": 57,
        "height": 9
      },
      "confidence": 93
    },
    {
      "text": "py",
      "x": 1709,
      "y": 564,
      "bounds": {
        "left": 1700,
        "top": 561,
        "width": 19,
        "height": 7
      },
      "confidence": 66
    },
    {
      "text": "to",
      "x": 1729,
      "y": 558,
      "bounds": {
        "left": 1724,
        "top": 543,
        "width": 11,
        "height": 30
      },
      "confidence": 90
    },
    {
      "text": "auto-populate",
      "x": 1788,
      "y": 563,
      "bounds": {
        "left": 1740,
        "top": 557,
        "width": 96,
        "height": 12
      },
      "confidence": 91
    },
    {
      "text": "the",
      "x": 1829,
      "y": 558,
      "bounds": {
        "left": 1819,
        "top": 543,
        "width": 21,
        "height": 30
      },
      "confidence": 96
    },
    {
      "text": "2026-02-14",
      "x": 288,
      "y": 576,
      "bounds": {
        "left": 253,
        "top": 572,
        "width": 71,
        "height": 9
      },
      "confidence": 65
    },
    {
      "text": "21:27:26,712",
      "x": 372,
      "y": 577,
      "bounds": {
        "left": 330,
        "top": 572,
        "width": 84,
        "height": 11
      },
      "confidence": 93
    },
    {
      "text": "-",
      "x": 425,
      "y": 577,
      "bounds": {
        "left": 422,
        "top": 577,
        "width": 6,
        "height": 1
      },
      "confidence": 72
    },
    {
      "text": "httpx",
      "x": 453,
      "y": 577,
      "bounds": {
        "left": 436,
        "top": 571,
        "width": 35,
        "height": 13
      },
      "confidence": 68
    },
    {
      "text": "-",
      "x": 481,
      "y": 577,
      "bounds": {
        "left": 478,
        "top": 577,
        "width": 6,
        "height": 1
      },
      "confidence": 90
    },
    {
      "text": "INFO",
      "x": 506,
      "y": 576,
      "bounds": {
        "left": 492,
        "top": 572,
        "width": 28,
        "height": 9
      },
      "confidence": 93
    },
    {
      "text": "-",
      "x": 530,
      "y": 577,
      "bounds": {
        "left": 527,
        "top": 577,
        "width": 6,
        "height": 1
      },
      "confidence": 81
    },
    {
      "text": "HTTP",
      "x": 554,
      "y": 576,
      "bounds": {
        "left": 540,
        "top": 572,
        "width": 29,
        "height": 9
      },
      "confidence": 86
    },
    {
      "text": "Request:",
      "x": 602,
      "y": 578,
      "bounds": {
        "left": 576,
        "top": 572,
        "width": 53,
        "height": 12
      },
      "confidence": 94
    },
    {
      "text": "POST",
      "x": 652,
      "y": 576,
      "bounds": {
        "left": 638,
        "top": 572,
        "width": 29,
        "height": 9
      },
      "confidence": 95
    },
    {
      "text": "https:",
      "x": 693,
      "y": 576,
      "bounds": {
        "left": 674,
        "top": 561,
        "width": 38,
        "height": 30
      },
      "confidence": 87
    },
    {
      "text": "//api",
      "x": 732,
      "y": 577,
      "bounds": {
        "left": 716,
        "top": 571,
        "width": 32,
        "height": 13
      },
      "confidence": 32
    },
    {
      "text": "\u201cHTTP/1.1",
      "x": 1314,
      "y": 576,
      "bounds": {
        "left": 1283,
        "top": 571,
        "width": 62,
        "height": 11
      },
      "confidence": 42
    },
    {
      "text": "200",
      "x": 1363,
      "y": 576,
      "bounds": {
        "left": 1352,
        "top": 572,
        "width": 22,
        "height": 9
      },
      "confidence": 88
    },
    {
      "text": "Ok\u201d",
      "x": 1390,
      "y": 576,
      "bounds": {
        "left": 1380,
        "top": 571,
        "width": 21,
        "height": 10
      },
      "confidence": 59
    },
    {
      "text": "|",
      "x": 1445,
      "y": 583,
      "bounds": {
        "left": 1445,
        "top": 572,
        "width": 1,
        "height": 22
      },
      "confidence": 38
    },
    {
      "text": "2026-02-14",
      "x": 286,
      "y": 593,
      "bounds": {
        "left": 249,
        "top": 578,
        "width": 75,
        "height": 30
      },
      "confidence": 64
    },
    {
      "text": "INFO",
      "x": 506,
      "y": 593,
      "bounds": {
        "left": 492,
        "top": 589,
        "width": 28,
        "height": 9
      },
      "confidence": 90
    },
    {
      "text": "-",
      "x": 530,
      "y": 594,
      "bounds": {
        "left": 527,
        "top": 594,
        "width": 6,
        "height": 1
      },
      "confidence": 60
    },
    {
      "text": "POST",
      "x": 652,
      "y": 593,
      "bounds": {
        "left": 638,
        "top": 589,
        "width": 29,
        "height": 9
      },
      "confidence": 80
    },
    {
      "text": "https:",
      "x": 691,
      "y": 593,
      "bounds": {
        "left": 671,
        "top": 578,
        "width": 41,
        "height": 30
      },
      "confidence": 80
    },
    {
      "text": "//api",
      "x": 732,
      "y": 593,
      "bounds": {
        "left": 716,
        "top": 578,
        "width": 33,
        "height": 30
      },
      "confidence": 31
    },
    {
      "text": ".",
      "x": 754,
      "y": 593,
      "bounds": {
        "left": 751,
        "top": 578,
        "width": 6,
        "height": 30
      },
      "confidence": 31
    },
    {
      "text": "telegram.",
      "x": 789,
      "y": 593,
      "bounds": {
        "left": 761,
        "top": 578,
        "width": 57,
        "height": 30
      },
      "confidence": 44
    },
    {
      "text": "org/bot",
      "x": 845,
      "y": 593,
      "bounds": {
        "left": 821,
        "top": 578,
        "width": 48,
        "height": 30
      },
      "confidence": 51
    },
    {
      "text": "7960886425:",
      "x": 907,
      "y": 593,
      "bounds": {
        "left": 871,
        "top": 578,
        "width": 73,
        "height": 30
      },
      "confidence": 51
    },
    {
      "text": "\"HTTP/1.1",
      "x": 1342,
      "y": 593,
      "bounds": {
        "left": 1311,
        "top": 588,
        "width": 62,
        "height": 11
      },
      "confidence": 77
    },
    {
      "text": "200",
      "x": 1391,
      "y": 593,
      "bounds": {
        "left": 1380,
        "top": 589,
        "width": 22,
        "height": 9
      },
      "confidence": 54
    },
    {
      "text": "OK\"",
      "x": 1418,
      "y": 593,
      "bounds": {
        "left": 1408,
        "top": 588,
        "width": 21,
        "height": 10
      },
      "confidence": 48
    },
    {
      "text": "2026-02-14",
      "x": 288,
      "y": 610,
      "bounds": {
        "left": 253,
        "top": 606,
        "width": 71,
        "height": 9
      },
      "confidence": 73
    },
    {
      "text": "21:27:",
      "x": 350,
      "y": 610,
      "bounds": {
        "left": 330,
        "top": 606,
        "width": 40,
        "height": 9
      },
      "confidence": 79
    },
    {
      "text": "INFO",
      "x": 506,
      "y": 610,
      "bounds": {
        "left": 492,
        "top": 606,
        "width": 28,
        "height": 9
      },
      "confidence": 90
    },
    {
      "text": "-",
      "x": 530,
      "y": 611,
      "bounds": {
        "left": 527,
        "top": 611,
        "width": 6,
        "height": 1
      },
      "confidence": 60
    },
    {
      "text": "POST",
      "x": 652,
      "y": 610,
      "bounds": {
        "left": 638,
        "top": 606,
        "width": 29,
        "height": 9
      },
      "confidence": 86
    },
    {
      "text": "https:",
      "x": 691,
      "y": 610,
      "bounds": {
        "left": 671,
        "top": 595,
        "width": 41,
        "height": 30
      },
      "confidence": 84
    },
    {
      "text": "telegram.",
      "x": 789,
      "y": 610,
      "bounds": {
        "left": 761,
        "top": 595,
        "width": 57,
        "height": 30
      },
      "confidence": 48
    },
    {
      "text": "org/bot",
      "x": 845,
      "y": 610,
      "bounds": {
        "left": 821,
        "top": 595,
        "width": 48,
        "height": 30
      },
      "confidence": 44
    },
    {
      "text": "7960886425:",
      "x": 907,
      "y": 610,
      "bounds": {
        "left": 871,
        "top": 595,
        "width": 73,
        "height": 30
      },
      "confidence": 44
    },
    {
      "text": "\"HTTP/1.1",
      "x": 1307,
      "y": 610,
      "bounds": {
        "left": 1276,
        "top": 605,
        "width": 62,
        "height": 11
      },
      "confidence": 49
    },
    {
      "text": "200",
      "x": 1356,
      "y": 610,
      "bounds": {
        "left": 1345,
        "top": 606,
        "width": 22,
        "height": 9
      },
      "confidence": 60
    },
    {
      "text": "OK\"",
      "x": 1383,
      "y": 610,
      "bounds": {
        "left": 1373,
        "top": 605,
        "width": 21,
        "height": 10
      },
      "confidence": 56
    },
    {
      "text": "Phase",
      "x": 1566,
      "y": 608,
      "bounds": {
        "left": 1550,
        "top": 604,
        "width": 32,
        "height": 9
      },
      "confidence": 90
    },
    {
      "text": "Neural",
      "x": 1623,
      "y": 608,
      "bounds": {
        "left": 1606,
        "top": 604,
        "width": 35,
        "height": 9
      },
      "confidence": 50
    },
    {
      "text": "Filter",
      "x": 1659,
      "y": 608,
      "bounds": {
        "left": 1645,
        "top": 604,
        "width": 28,
        "height": 9
      },
      "confidence": 50
    },
    {
      "text": "_",
      "x": 1683,
      "y": 608,
      "bounds": {
        "left": 1681,
        "top": 593,
        "width": 5,
        "height": 30
      },
      "confidence": 53
    },
    {
      "text": "Integrate",
      "x": 1745,
      "y": 610,
      "bounds": {
        "left": 1692,
        "top": 604,
        "width": 107,
        "height": 12
      },
      "confidence": 57
    },
    {
      "text": "a",
      "x": 1746,
      "y": 608,
      "bounds": {
        "left": 1743,
        "top": 593,
        "width": 6,
        "height": 30
      },
      "confidence": 83
    },
    {
      "text": "\u201cSentinel",
      "x": 1776,
      "y": 610,
      "bounds": {
        "left": 1753,
        "top": 604,
        "width": 46,
        "height": 12
      },
      "confidence": 82
    },
    {
      "text": "Agent\u201d",
      "x": 1821,
      "y": 610,
      "bounds": {
        "left": 1803,
        "top": 604,
        "width": 36,
        "height": 12
      },
      "confidence": 77
    },
    {
      "text": "2026-02-14",
      "x": 286,
      "y": 627,
      "bounds": {
        "left": 249,
        "top": 612,
        "width": 75,
        "height": 30
      },
      "confidence": 64
    },
    {
      "text": "INFO",
      "x": 506,
      "y": 627,
      "bounds": {
        "left": 492,
        "top": 623,
        "width": 28,
        "height": 9
      },
      "confidence": 90
    },
    {
      "text": "-",
      "x": 530,
      "y": 628,
      "bounds": {
        "left": 527,
        "top": 628,
        "width": 6,
        "height": 1
      },
      "confidence": 60
    },
    {
      "text": "POST",
      "x": 652,
      "y": 627,
      "bounds": {
        "left": 638,
        "top": 623,
        "width": 29,
        "height": 9
      },
      "confidence": 83
    },
    {
      "text": "https:",
      "x": 691,
      "y": 628,
      "bounds": {
        "left": 674,
        "top": 622,
        "width": 34,
        "height": 13
      },
      "confidence": 82
    },
    {
      "text": "telegram.",
      "x": 848,
      "y": 628,
      "bounds": {
        "left": 757,
        "top": 622,
        "width": 182,
        "height": 13
      },
      "confidence": 50
    },
    {
      "text": "org/bot",
      "x": 845,
      "y": 627,
      "bounds": {
        "left": 821,
        "top": 612,
        "width": 48,
        "height": 30
      },
      "confidence": 47
    },
    {
      "text": "7960886425:",
      "x": 905,
      "y": 628,
      "bounds": {
        "left": 871,
        "top": 622,
        "width": 68,
        "height": 13
      },
      "confidence": 47
    },
    {
      "text": "\u201cHTTP/1.1",
      "x": 1307,
      "y": 627,
      "bounds": {
        "left": 1276,
        "top": 622,
        "width": 62,
        "height": 11
      },
      "confidence": 50
    },
    {
      "text": "200",
      "x": 1356,
      "y": 627,
      "bounds": {
        "left": 1345,
        "top": 623,
        "width": 22,
        "height": 9
      },
      "confidence": 78
    },
    {
      "text": "OK\"",
      "x": 1383,
      "y": 627,
      "bounds": {
        "left": 1373,
        "top": 622,
        "width": 21,
        "height": 10
      },
      "confidence": 44
    },
    {
      "text": "3",
      "x": 1553,
      "y": 626,
      "bounds": {
        "left": 1550,
        "top": 622,
        "width": 6,
        "height": 9
      },
      "confidence": 96
    },
    {
      "text": "(background",
      "x": 1725,
      "y": 628,
      "bounds": {
        "left": 1692,
        "top": 622,
        "width": 67,
        "height": 12
      },
      "confidence": 87
    },
    {
      "text": "LLM)",
      "x": 1774,
      "y": 626,
      "bounds": {
        "left": 1763,
        "top": 611,
        "width": 23,
        "height": 30
      },
      "confidence": 95
    },
    {
      "text": "to",
      "x": 1797,
      "y": 626,
      "bounds": {
        "left": 1793,
        "top": 611,
        "width": 8,
        "height": 30
      },
      "confidence": 96
    },
    {
      "text": "score",
      "x": 1834,
      "y": 627,
      "bounds": {
        "left": 1805,
        "top": 622,
        "width": 59,
        "height": 11
      },
      "confidence": 96
    },
    {
      "text": "news",
      "x": 1854,
      "y": 626,
      "bounds": {
        "left": 1840,
        "top": 611,
        "width": 28,
        "height": 30
      },
      "confidence": 79
    },
    {
      "text": "2026-02-14",
      "x": 286,
      "y": 644,
      "bounds": {
        "left": 249,
        "top": 629,
        "width": 75,
        "height": 30
      },
      "confidence": 64
    },
    {
      "text": "INFO",
      "x": 506,
      "y": 644,
      "bounds": {
        "left": 492,
        "top": 640,
        "width": 28,
        "height": 9
      },
      "confidence": 90
    },
    {
      "text": "-",
      "x": 530,
      "y": 645,
      "bounds": {
        "left": 527,
        "top": 645,
        "width": 6,
        "height": 1
      },
      "confidence": 60
    },
    {
      "text": "POST",
      "x": 652,
      "y": 644,
      "bounds": {
        "left": 638,
        "top": 640,
        "width": 29,
        "height": 9
      },
      "confidence": 84
    },
    {
      "text": "https:",
      "x": 691,
      "y": 645,
      "bounds": {
        "left": 674,
        "top": 639,
        "width": 34,
        "height": 13
      },
      "confidence": 78
    },
    {
      "text": "//api",
      "x": 733,
      "y": 645,
      "bounds": {
        "left": 722,
        "top": 639,
        "width": 22,
        "height": 13
      },
      "confidence": 58
    },
    {
      "text": "org/bot",
      "x": 845,
      "y": 644,
      "bounds": {
        "left": 821,
        "top": 629,
        "width": 48,
        "height": 30
      },
      "confidence": 37
    },
    {
      "text": "7960886425:",
      "x": 905,
      "y": 644,
      "bounds": {
        "left": 871,
        "top": 629,
        "width": 68,
        "height": 30
      },
      "confidence": 37
    },
    {
      "text": "\u201cHTTP/1.1",
      "x": 1307,
      "y": 644,
      "bounds": {
        "left": 1276,
        "top": 639,
        "width": 62,
        "height": 11
      },
      "confidence": 42
    },
    {
      "text": "20",
      "x": 1356,
      "y": 644,
      "bounds": {
        "left": 1345,
        "top": 640,
        "width": 22,
        "height": 9
      },
      "confidence": 82
    },
    {
      "text": "OK\"",
      "x": 1383,
      "y": 644,
      "bounds": {
        "left": 1373,
        "top": 639,
        "width": 21,
        "height": 10
      },
      "confidence": 46
    },
    {
      "text": "headlines",
      "x": 1755,
      "y": 646,
      "bounds": {
        "left": 1692,
        "top": 640,
        "width": 126,
        "height": 12
      },
      "confidence": 80
    },
    {
      "text": "as",
      "x": 1750,
      "y": 644,
      "bounds": {
        "left": 1745,
        "top": 629,
        "width": 11,
        "height": 30
      },
      "confidence": 94
    },
    {
      "text": "they",
      "x": 1770,
      "y": 644,
      "bounds": {
        "left": 1760,
        "top": 629,
        "width": 21,
        "height": 30
      },
      "confidence": 94
    },
    {
      "text": "arrive.",
      "x": 1801,
      "y": 646,
      "bounds": {
        "left": 1785,
        "top": 640,
        "width": 33,
        "height": 12
      },
      "confidence": 77
    },
    {
      "text": "2026-02-14",
      "x": 286,
      "y": 661,
      "bounds": {
        "left": 249,
        "top": 646,
        "width": 75,
        "height": 30
      },
      "confidence": 64
    },
    {
      "text": "INFO",
      "x": 506,
      "y": 661,
      "bounds": {
        "left": 492,
        "top": 657,
        "width": 28,
        "height": 9
      },
      "confidence": 84
    },
    {
      "text": "-",
      "x": 530,
      "y": 662,
      "bounds": {
        "left": 527,
        "top": 662,
        "width": 6,
        "height": 1
      },
      "confidence": 84
    },
    {
      "text": "HTTP",
      "x": 554,
      "y": 661,
      "bounds": {
        "left": 540,
        "top": 657,
        "width": 29,
        "height": 9
      },
      "confidence": 78
    },
    {
      "text": "Request:",
      "x": 602,
      "y": 663,
      "bounds": {
        "left": 576,
        "top": 657,
        "width": 53,
        "height": 12
      },
      "confidence": 95
    },
    {
      "text": "POST",
      "x": 652,
      "y": 661,
      "bounds": {
        "left": 638,
        "top": 657,
        "width": 29,
        "height": 9
      },
      "confidence": 96
    },
    {
      "text": "https:",
      "x": 693,
      "y": 661,
      "bounds": {
        "left": 673,
        "top": 646,
        "width": 40,
        "height": 30
      },
      "confidence": 93
    },
    {
      "text": "//api",
      "x": 733,
      "y": 662,
      "bounds": {
        "left": 718,
        "top": 656,
        "width": 30,
        "height": 13
      },
      "confidence": 87
    },
    {
      "text": "AAFLEL",
      "x": 968,
      "y": 661,
      "bounds": {
        "left": 950,
        "top": 646,
        "width": 36,
        "height": 30
      },
      "confidence": 70
    },
    {
      "text": "FHchgNanfpQsrhfFAXvSmtNHnBGdU/getUpdates",
      "x": 1128,
      "y": 662,
      "bounds": {
        "left": 988,
        "top": 656,
        "width": 280,
        "height": 13
      },
      "confidence": 36
    },
    {
      "text": "\u201cHTTP/1.1",
      "x": 1307,
      "y": 661,
      "bounds": {
        "left": 1276,
        "top": 656,
        "width": 62,
        "height": 11
      },
      "confidence": 76
    },
    {
      "text": "200",
      "x": 1356,
      "y": 661,
      "bounds": {
        "left": 1345,
        "top": 657,
        "width": 22,
        "height": 9
      },
      "confidence": 83
    },
    {
      "text": "OK\u201d",
      "x": 1383,
      "y": 661,
      "bounds": {
        "left": 1373,
        "top": 656,
        "width": 21,
        "height": 10
      },
      "confidence": 59
    },
    {
      "text": "=",
      "x": 502,
      "y": 679,
      "bounds": {
        "left": 499,
        "top": 679,
        "width": 6,
        "height": 1
      },
      "confidence": 62
    },
    {
      "text": "INFO",
      "x": 533,
      "y": 678,
      "bounds": {
        "left": 513,
        "top": 674,
        "width": 41,
        "height": 9
      },
      "confidence": 85
    },
    {
      "text": "-",
      "x": 551,
      "y": 678,
      "bounds": {
        "left": 547,
        "top": 663,
        "width": 8,
        "height": 30
      },
      "confidence": 85
    },
    {
      "text": "2",
      "x": 570,
      "y": 678,
      "bounds": {
        "left": 568,
        "top": 672,
        "width": 5,
        "height": 12
      },
      "confidence": 45
    },
    {
      "text": "USER",
      "x": 596,
      "y": 678,
      "bounds": {
        "left": 582,
        "top": 672,
        "width": 29,
        "height": 12
      },
      "confidence": 95
    },
    {
      "text": "INPUT:",
      "x": 637,
      "y": 678,
      "bounds": {
        "left": 618,
        "top": 674,
        "width": 39,
        "height": 9
      },
      "confidence": 96
    },
    {
      "text": "Can",
      "x": 676,
      "y": 678,
      "bounds": {
        "left": 666,
        "top": 674,
        "width": 21,
        "height": 9
      },
      "confidence": 96
    },
    {
      "text": "you",
      "x": 704,
      "y": 681,
      "bounds": {
        "left": 694,
        "top": 676,
        "width": 21,
        "height": 10
      },
      "confidence": 96
    },
    {
      "text": "open",
      "x": 736,
      "y": 681,
      "bounds": {
        "left": 722,
        "top": 676,
        "width": 28,
        "height": 10
      },
      "confidence": 93
    },
    {
      "text": "Spotify",
      "x": 782,
      "y": 679,
      "bounds": {
        "left": 757,
        "top": 673,
        "width": 50,
        "height": 13
      },
      "confidence": 92
    },
    {
      "text": "and",
      "x": 823,
      "y": 678,
      "bounds": {
        "left": 813,
        "top": 673,
        "width": 21,
        "height": 10
      },
      "confidence": 96
    },
    {
      "text": "play",
      "x": 862,
      "y": 679,
      "bounds": {
        "left": 842,
        "top": 673,
        "width": 41,
        "height": 13
      },
      "confidence": 96
    },
    {
      "text": "a",
      "x": 881,
      "y": 678,
      "bounds": {
        "left": 877,
        "top": 663,
        "width": 8,
        "height": 30
      },
      "confidence": 96
    },
    {
      "text": "song",
      "x": 905,
      "y": 681,
      "bounds": {
        "left": 891,
        "top": 676,
        "width": 28,
        "height": 10
      },
      "confidence": 96
    },
    {
      "text": "Phase",
      "x": 1566,
      "y": 671,
      "bounds": {
        "left": 1550,
        "top": 667,
        "width": 32,
        "height": 9
      },
      "confidence": 73
    },
    {
      "text": "|",
      "x": 1597,
      "y": 678,
      "bounds": {
        "left": 1593,
        "top": 663,
        "width": 8,
        "height": 30
      },
      "confidence": 73
    },
    {
      "text": "Add",
      "x": 1707,
      "y": 671,
      "bounds": {
        "left": 1692,
        "top": 667,
        "width": 31,
        "height": 9
      },
      "confidence": 60
    },
    {
      "text": "aLive",
      "x": 1733,
      "y": 678,
      "bounds": {
        "left": 1716,
        "top": 663,
        "width": 35,
        "height": 30
      },
      "confidence": 44
    },
    {
      "text": "Events\u2019",
      "x": 1775,
      "y": 678,
      "bounds": {
        "left": 1756,
        "top": 663,
        "width": 38,
        "height": 30
      },
      "confidence": 64
    },
    {
      "text": "sidebar",
      "x": 1817,
      "y": 678,
      "bounds": {
        "left": 1798,
        "top": 663,
        "width": 38,
        "height": 30
      },
      "confidence": 64
    },
    {
      "text": "to",
      "x": 1845,
      "y": 678,
      "bounds": {
        "left": 1841,
        "top": 663,
        "width": 8,
        "height": 30
      },
      "confidence": 96
    },
    {
      "text": "the",
      "x": 1863,
      "y": 678,
      "bounds": {
        "left": 1853,
        "top": 663,
        "width": 21,
        "height": 30
      },
      "confidence": 96
    },
    {
      "text": "21:",
      "x": 339,
      "y": 695,
      "bounds": {
        "left": 330,
        "top": 691,
        "width": 19,
        "height": 9
      },
      "confidence": 71
    },
    {
      "text": "INFO",
      "x": 506,
      "y": 695,
      "bounds": {
        "left": 492,
        "top": 691,
        "width": 28,
        "height": 9
      },
      "confidence": 39
    },
    {
      "text": "(sendChatAction",
      "x": 1247,
      "y": 695,
      "bounds": {
        "left": 1199,
        "top": 690,
        "width": 97,
        "height": 10
      },
      "confidence": 38
    },
    {
      "text": "200",
      "x": 1384,
      "y": 695,
      "bounds": {
        "left": 1373,
        "top": 691,
        "width": 22,
        "height": 9
      },
      "confidence": 43
    },
    {
      "text": "OK\u201d",
      "x": 1411,
      "y": 695,
      "bounds": {
        "left": 1401,
        "top": 690,
        "width": 21,
        "height": 10
      },
      "confidence": 75
    },
    {
      "text": "Cee)",
      "x": 1636,
      "y": 691,
      "bounds": {
        "left": 1606,
        "top": 685,
        "width": 60,
        "height": 12
      },
      "confidence": 33
    },
    {
      "text": "||",
      "x": 1682,
      "y": 695,
      "bounds": {
        "left": 1676,
        "top": 681,
        "width": 13,
        "height": 29
      },
      "confidence": 59
    },
    {
      "text": "2026-02-14",
      "x": 286,
      "y": 712,
      "bounds": {
        "left": 249,
        "top": 697,
        "width": 75,
        "height": 30
      },
      "confidence": 64
    },
    {
      "text": "INFO",
      "x": 506,
      "y": 712,
      "bounds": {
        "left": 492,
        "top": 708,
        "width": 28,
        "height": 9
      },
      "confidence": 90
    },
    {
      "text": "-",
      "x": 530,
      "y": 713,
      "bounds": {
        "left": 527,
        "top": 713,
        "width": 6,
        "height": 1
      },
      "confidence": 60
    },
    {
      "text": "\"HTTP/1.1",
      "x": 1335,
      "y": 712,
      "bounds": {
        "left": 1304,
        "top": 707,
        "width": 62,
        "height": 11
      },
      "confidence": 34
    },
    {
      "text": "200",
      "x": 1384,
      "y": 712,
      "bounds": {
        "left": 1373,
        "top": 708,
        "width": 22,
        "height": 9
      },
      "confidence": 90
    },
    {
      "text": "Ok\u201d",
      "x": 1411,
      "y": 712,
      "bounds": {
        "left": 1401,
        "top": 707,
        "width": 21,
        "height": 10
      },
      "confidence": 68
    },
    {
      "text": "high-priority",
      "x": 1752,
      "y": 709,
      "bounds": {
        "left": 1692,
        "top": 703,
        "width": 121,
        "height": 12
      },
      "confidence": 58
    },
    {
      "text": "news",
      "x": 1775,
      "y": 710,
      "bounds": {
        "left": 1765,
        "top": 695,
        "width": 21,
        "height": 30
      },
      "confidence": 96
    },
    {
      "text": "hits",
      "x": 1804,
      "y": 710,
      "bounds": {
        "left": 1793,
        "top": 695,
        "width": 23,
        "height": 30
      },
      "confidence": 65
    },
    {
      "text": "2026-02-14",
      "x": 286,
      "y": 729,
      "bounds": {
        "left": 249,
        "top": 714,
        "width": 75,
        "height": 30
      },
      "confidence": 64
    },
    {
      "text": "INFO",
      "x": 506,
      "y": 729,
      "bounds": {
        "left": 492,
        "top": 725,
        "width": 28,
        "height": 9
      },
      "confidence": 90
    },
    {
      "text": "-",
      "x": 530,
      "y": 730,
      "bounds": {
        "left": 527,
        "top": 730,
        "width": 6,
        "height": 1
      },
      "confidence": 60
    },
    {
      "text": "\u201cHITP/1.1",
      "x": 1314,
      "y": 729,
      "bounds": {
        "left": 1283,
        "top": 724,
        "width": 62,
        "height": 11
      },
      "confidence": 58
    },
    {
      "text": "200",
      "x": 1363,
      "y": 729,
      "bounds": {
        "left": 1352,
        "top": 725,
        "width": 22,
        "height": 9
      },
      "confidence": 76
    },
    {
      "text": "0K\u201d",
      "x": 1390,
      "y": 729,
      "bounds": {
        "left": 1380,
        "top": 724,
        "width": 21,
        "height": 10
      },
      "confidence": 64
    },
    {
      "text": "ing",
      "x": 1712,
      "y": 734,
      "bounds": {
        "left": 1711,
        "top": 734,
        "width": 3,
        "height": 1
      },
      "confidence": 59
    },
    {
      "text": "the",
      "x": 1741,
      "y": 739,
      "bounds": {
        "left": 1732,
        "top": 734,
        "width": 19,
        "height": 10
      },
      "confidence": 96
    },
    {
      "text": "Monitoring",
      "x": 1794,
      "y": 735,
      "bounds": {
        "left": 1783,
        "top": 734,
        "width": 23,
        "height": 2
      },
      "confidence": 90
    },
    {
      "text": "Enai",
      "x": 1849,
      "y": 735,
      "bounds": {
        "left": 1848,
        "top": 734,
        "width": 2,
        "height": 2
      },
      "confidence": 73
    },
    {
      "text": "2026-02-14",
      "x": 286,
      "y": 745,
      "bounds": {
        "left": 249,
        "top": 732,
        "width": 75,
        "height": 27
      },
      "confidence": 55
    },
    {
      "text": "INFO",
      "x": 506,
      "y": 746,
      "bounds": {
        "left": 492,
        "top": 742,
        "width": 28,
        "height": 9
      },
      "confidence": 92
    },
    {
      "text": "-",
      "x": 530,
      "y": 747,
      "bounds": {
        "left": 527,
        "top": 747,
        "width": 6,
        "height": 1
      },
      "confidence": 90
    },
    {
      "text": "HTTP",
      "x": 554,
      "y": 746,
      "bounds": {
        "left": 540,
        "top": 742,
        "width": 29,
        "height": 9
      },
      "confidence": 95
    },
    {
      "text": "Request:",
      "x": 602,
      "y": 748,
      "bounds": {
        "left": 576,
        "top": 742,
        "width": 53,
        "height": 12
      },
      "confidence": 96
    },
    {
      "text": "POST",
      "x": 652,
      "y": 746,
      "bounds": {
        "left": 638,
        "top": 742,
        "width": 29,
        "height": 9
      },
      "confidence": 93
    },
    {
      "text": "https://api.openai.com/vi/chat/completions",
      "x": 820,
      "y": 747,
      "bounds": {
        "left": 674,
        "top": 741,
        "width": 293,
        "height": 13
      },
      "confidence": 84
    },
    {
      "text": "\u201cHTTP/1.1",
      "x": 1006,
      "y": 746,
      "bounds": {
        "left": 975,
        "top": 741,
        "width": 62,
        "height": 11
      },
      "confidence": 33
    },
    {
      "text": "OK\"",
      "x": 1079,
      "y": 746,
      "bounds": {
        "left": 1072,
        "top": 742,
        "width": 15,
        "height": 9
      },
      "confidence": 77
    },
    {
      "text": "i",
      "x": 1437,
      "y": 750,
      "bounds": {
        "left": 1431,
        "top": 737,
        "width": 13,
        "height": 26
      },
      "confidence": 58
    },
    {
      "text": "[OPENAT]",
      "x": 316,
      "y": 764,
      "bounds": {
        "left": 290,
        "top": 758,
        "width": 53,
        "height": 13
      },
      "confidence": 57
    },
    {
      "text": "TOOL",
      "x": 365,
      "y": 763,
      "bounds": {
        "left": 351,
        "top": 759,
        "width": 28,
        "height": 9
      },
      "confidence": 94
    },
    {
      "text": "CALL:",
      "x": 396,
      "y": 763,
      "bounds": {
        "left": 386,
        "top": 759,
        "width": 21,
        "height": 9
      },
      "confidence": 86
    },
    {
      "text": "open",
      "x": 442,
      "y": 759,
      "bounds": {
        "left": 428,
        "top": 743,
        "width": 28,
        "height": 32
      },
      "confidence": 67
    },
    {
      "text": "app",
      "x": 474,
      "y": 766,
      "bounds": {
        "left": 463,
        "top": 761,
        "width": 22,
        "height": 10
      },
      "confidence": 67
    },
    {
      "text": "core",
      "x": 1551,
      "y": 758,
      "bounds": {
        "left": 1537,
        "top": 743,
        "width": 28,
        "height": 30
      },
      "confidence": 95
    },
    {
      "text": "and",
      "x": 1581,
      "y": 758,
      "bounds": {
        "left": 1572,
        "top": 743,
        "width": 18,
        "height": 30
      },
      "confidence": 96
    },
    {
      "text": "the",
      "x": 1603,
      "y": 758,
      "bounds": {
        "left": 1594,
        "top": 753,
        "width": 19,
        "height": 10
      },
      "confidence": 96
    },
    {
      "text": "ETF",
      "x": 1627,
      "y": 758,
      "bounds": {
        "left": 1617,
        "top": 754,
        "width": 20,
        "height": 9
      },
      "confidence": 94
    },
    {
      "text": "Resolution",
      "x": 1672,
      "y": 758,
      "bounds": {
        "left": 1642,
        "top": 753,
        "width": 61,
        "height": 10
      },
      "confidence": 94
    },
    {
      "text": "logic.",
      "x": 1722,
      "y": 759,
      "bounds": {
        "left": 1707,
        "top": 753,
        "width": 30,
        "height": 13
      },
      "confidence": 96
    },
    {
      "text": "\u2018args:",
      "x": 304,
      "y": 782,
      "bounds": {
        "left": 288,
        "top": 776,
        "width": 33,
        "height": 12
      },
      "confidence": 80
    },
    {
      "text": "{\"app_name\":",
      "x": 371,
      "y": 781,
      "bounds": {
        "left": 330,
        "top": 775,
        "width": 82,
        "height": 13
      },
      "confidence": 31
    },
    {
      "text": "\u201cspotify\"}",
      "x": 456,
      "y": 781,
      "bounds": {
        "left": 422,
        "top": 775,
        "width": 69,
        "height": 13
      },
      "confidence": 66
    },
    {
      "text": "\u2018Should",
      "x": 1565,
      "y": 778,
      "bounds": {
        "left": 1541,
        "top": 773,
        "width": 48,
        "height": 10
      },
      "confidence": 72
    },
    {
      "text": "|",
      "x": 1587,
      "y": 778,
      "bounds": {
        "left": 1584,
        "top": 763,
        "width": 6,
        "height": 30
      },
      "confidence": 81
    },
    {
      "text": "begin",
      "x": 1610,
      "y": 779,
      "bounds": {
        "left": 1594,
        "top": 773,
        "width": 33,
        "height": 13
      },
      "confidence": 96
    },
    {
      "text": "by",
      "x": 1638,
      "y": 779,
      "bounds": {
        "left": 1631,
        "top": 773,
        "width": 14,
        "height": 13
      },
      "confidence": 93
    },
    {
      "text": "implementing",
      "x": 1689,
      "y": 779,
      "bounds": {
        "left": 1649,
        "top": 773,
        "width": 81,
        "height": 13
      },
      "confidence": 96
    },
    {
      "text": "the",
      "x": 1744,
      "y": 778,
      "bounds": {
        "left": 1734,
        "top": 773,
        "width": 20,
        "height": 10
      },
      "confidence": 96
    },
    {
      "text": "Background",
      "x": 1792,
      "y": 779,
      "bounds": {
        "left": 1758,
        "top": 773,
        "width": 69,
        "height": 13
      },
      "confidence": 96
    },
    {
      "text": "{\"success\":",
      "x": 409,
      "y": 798,
      "bounds": {
        "left": 372,
        "top": 792,
        "width": 75,
        "height": 13
      },
      "confidence": 33
    },
    {
      "text": "\u201cTrue\u201d,",
      "x": 480,
      "y": 798,
      "bounds": {
        "left": 457,
        "top": 792,
        "width": 47,
        "height": 12
      },
      "confidence": 70
    },
    {
      "text": "\u201copened\u201d:",
      "x": 537,
      "y": 798,
      "bounds": {
        "left": 513,
        "top": 792,
        "width": 48,
        "height": 13
      },
      "confidence": 65
    },
    {
      "text": "\u201cspotify\"}",
      "x": 617,
      "y": 798,
      "bounds": {
        "left": 583,
        "top": 792,
        "width": 69,
        "height": 13
      },
      "confidence": 79
    },
    {
      "text": "Monitoring",
      "x": 1574,
      "y": 798,
      "bounds": {
        "left": 1542,
        "top": 792,
        "width": 65,
        "height": 13
      },
      "confidence": 96
    },
    {
      "text": "Engine",
      "x": 1630,
      "y": 797,
      "bounds": {
        "left": 1613,
        "top": 782,
        "width": 35,
        "height": 30
      },
      "confidence": 96
    },
    {
      "text": "structure?",
      "x": 1684,
      "y": 797,
      "bounds": {
        "left": 1655,
        "top": 782,
        "width": 59,
        "height": 30
      },
      "confidence": 83
    },
    {
      "text": "2026-02-14",
      "x": 288,
      "y": 814,
      "bounds": {
        "left": 253,
        "top": 810,
        "width": 71,
        "height": 9
      },
      "confidence": 65
    },
    {
      "text": "21:27:55,559",
      "x": 372,
      "y": 815,
      "bounds": {
        "left": 330,
        "top": 810,
        "width": 84,
        "height": 11
      },
      "confidence": 91
    },
    {
      "text": "-",
      "x": 425,
      "y": 815,
      "bounds": {
        "left": 422,
        "top": 815,
        "width": 6,
        "height": 1
      },
      "confidence": 53
    },
    {
      "text": "httpx",
      "x": 453,
      "y": 815,
      "bounds": {
        "left": 436,
        "top": 809,
        "width": 35,
        "height": 13
      },
      "confidence": 65
    },
    {
      "text": "-",
      "x": 481,
      "y": 815,
      "bounds": {
        "left": 478,
        "top": 815,
        "width": 6,
        "height": 1
      },
      "confidence": 91
    },
    {
      "text": "INFO",
      "x": 506,
      "y": 814,
      "bounds": {
        "left": 492,
        "top": 810,
        "width": 28,
        "height": 9
      },
      "confidence": 93
    },
    {
      "text": "-",
      "x": 530,
      "y": 815,
      "bounds": {
        "left": 527,
        "top": 815,
        "width": 6,
        "height": 1
      },
      "confidence": 75
    },
    {
      "text": "HTTP",
      "x": 554,
      "y": 814,
      "bounds": {
        "left": 540,
        "top": 810,
        "width": 29,
        "height": 9
      },
      "confidence": 92
    },
    {
      "text": "Request:",
      "x": 602,
      "y": 816,
      "bounds": {
        "left": 576,
        "top": 810,
        "width": 53,
        "height": 12
      },
      "confidence": 96
    },
    {
      "text": "POST",
      "x": 652,
      "y": 814,
      "bounds": {
        "left": 638,
        "top": 810,
        "width": 29,
        "height": 9
      },
      "confidence": 96
    },
    {
      "text": "https:",
      "x": 693,
      "y": 814,
      "bounds": {
        "left": 674,
        "top": 799,
        "width": 39,
        "height": 30
      },
      "confidence": 39
    },
    {
      "text": "//api.openai.com/vi/chat/completions",
      "x": 841,
      "y": 815,
      "bounds": {
        "left": 715,
        "top": 809,
        "width": 252,
        "height": 13
      },
      "confidence": 32
    },
    {
      "text": "\u201cHITP/1.1",
      "x": 1006,
      "y": 814,
      "bounds": {
        "left": 975,
        "top": 809,
        "width": 62,
        "height": 11
      },
      "confidence": 39
    },
    {
      "text": "200",
      "x": 1055,
      "y": 814,
      "bounds": {
        "left": 1044,
        "top": 810,
        "width": 22,
        "height": 9
      },
      "confidence": 90
    },
    {
      "text": "Ok\u201d",
      "x": 1082,
      "y": 814,
      "bounds": {
        "left": 1072,
        "top": 809,
        "width": 21,
        "height": 10
      },
      "confidence": 66
    },
    {
      "text": "[OPENAT]",
      "x": 316,
      "y": 832,
      "bounds": {
        "left": 290,
        "top": 826,
        "width": 53,
        "height": 13
      },
      "confidence": 65
    },
    {
      "text": "TOOL",
      "x": 365,
      "y": 831,
      "bounds": {
        "left": 351,
        "top": 827,
        "width": 28,
        "height": 9
      },
      "confidence": 92
    },
    {
      "text": "CALL:",
      "x": 396,
      "y": 831,
      "bounds": {
        "left": 386,
        "top": 827,
        "width": 21,
        "height": 9
      },
      "confidence": 95
    },
    {
      "text": "wait",
      "x": 442,
      "y": 831,
      "bounds": {
        "left": 428,
        "top": 826,
        "width": 28,
        "height": 10
      },
      "confidence": 96
    },
    {
      "text": "ra)",
      "x": 1833,
      "y": 834,
      "bounds": {
        "left": 1827,
        "top": 830,
        "width": 12,
        "height": 8
      },
      "confidence": 43
    },
    {
      "text": "\u2018args:",
      "x": 304,
      "y": 850,
      "bounds": {
        "left": 288,
        "top": 844,
        "width": 33,
        "height": 12
      },
      "confidence": 42
    },
    {
      "text": "{\"seconds\":",
      "x": 361,
      "y": 849,
      "bounds": {
        "left": 330,
        "top": 843,
        "width": 63,
        "height": 13
      },
      "confidence": 41
    },
    {
      "text": "2}",
      "x": 421,
      "y": 849,
      "bounds": {
        "left": 414,
        "top": 843,
        "width": 14,
        "height": 13
      },
      "confidence": 93
    },
    {
      "text": "success:",
      "x": 336,
      "y": 865,
      "bounds": {
        "left": 309,
        "top": 858,
        "width": 54,
        "height": 14
      },
      "confidence": 57
    },
    {
      "text": "{\"waited\":",
      "x": 403,
      "y": 866,
      "bounds": {
        "left": 372,
        "top": 860,
        "width": 63,
        "height": 13
      },
      "confidence": 56
    },
    {
      "text": "\"2\"}",
      "x": 463,
      "y": 866,
      "bounds": {
        "left": 450,
        "top": 860,
        "width": 27,
        "height": 13
      },
      "confidence": 47
    },
    {
      "text": "(2000ms)",
      "x": 512,
      "y": 866,
      "bounds": {
        "left": 485,
        "top": 860,
        "width": 54,
        "height": 13
      },
      "confidence": 58
    },
    {
      "text": "2026-02-14",
      "x": 288,
      "y": 882,
      "bounds": {
        "left": 253,
        "top": 878,
        "width": 71,
        "height": 9
      },
      "confidence": 67
    },
    {
      "text": "21:27:58,440",
      "x": 372,
      "y": 883,
      "bounds": {
        "left": 330,
        "top": 878,
        "width": 85,
        "height": 11
      },
      "confidence": 88
    },
    {
      "text": "-",
      "x": 425,
      "y": 883,
      "bounds": {
        "left": 422,
        "top": 883,
        "width": 6,
        "height": 1
      },
      "confidence": 54
    },
    {
      "text": "httpx",
      "x": 453,
      "y": 883,
      "bounds": {
        "left": 436,
        "top": 877,
        "width": 35,
        "height": 13
      },
      "confidence": 81
    },
    {
      "text": "-",
      "x": 481,
      "y": 883,
      "bounds": {
        "left": 478,
        "top": 883,
        "width": 6,
        "height": 1
      },
      "confidence": 89
    },
    {
      "text": "INFO",
      "x": 506,
      "y": 882,
      "bounds": {
        "left": 492,
        "top": 878,
        "width": 28,
        "height": 9
      },
      "confidence": 93
    },
    {
      "text": "-",
      "x": 530,
      "y": 883,
      "bounds": {
        "left": 527,
        "top": 883,
        "width": 6,
        "height": 1
      },
      "confidence": 70
    },
    {
      "text": "HTTP",
      "x": 554,
      "y": 882,
      "bounds": {
        "left": 540,
        "top": 878,
        "width": 29,
        "height": 9
      },
      "confidence": 90
    },
    {
      "text": "Request:",
      "x": 602,
      "y": 884,
      "bounds": {
        "left": 576,
        "top": 878,
        "width": 53,
        "height": 12
      },
      "confidence": 96
    },
    {
      "text": "POST",
      "x": 652,
      "y": 882,
      "bounds": {
        "left": 638,
        "top": 878,
        "width": 29,
        "height": 9
      },
      "confidence": 96
    },
    {
      "text": "https:",
      "x": 693,
      "y": 882,
      "bounds": {
        "left": 674,
        "top": 867,
        "width": 39,
        "height": 30
      },
      "confidence": 48
    },
    {
      "text": "//api-openai.com/vi/chat/completions",
      "x": 841,
      "y": 883,
      "bounds": {
        "left": 715,
        "top": 877,
        "width": 252,
        "height": 13
      },
      "confidence": 43
    },
    {
      "text": "\"HITP/1.1",
      "x": 1006,
      "y": 882,
      "bounds": {
        "left": 975,
        "top": 877,
        "width": 62,
        "height": 11
      },
      "confidence": 35
    },
    {
      "text": "200",
      "x": 1055,
      "y": 882,
      "bounds": {
        "left": 1044,
        "top": 878,
        "width": 22,
        "height": 9
      },
      "confidence": 92
    },
    {
      "text": "Ok\u201d",
      "x": 1082,
      "y": 882,
      "bounds": {
        "left": 1072,
        "top": 877,
        "width": 21,
        "height": 10
      },
      "confidence": 71
    },
    {
      "text": "[OPENAT]",
      "x": 316,
      "y": 900,
      "bounds": {
        "left": 290,
        "top": 894,
        "width": 53,
        "height": 13
      },
      "confidence": 48
    },
    {
      "text": "TOOL",
      "x": 365,
      "y": 899,
      "bounds": {
        "left": 351,
        "top": 895,
        "width": 28,
        "height": 9
      },
      "confidence": 95
    },
    {
      "text": "CALL:",
      "x": 402,
      "y": 899,
      "bounds": {
        "left": 386,
        "top": 895,
        "width": 33,
        "height": 9
      },
      "confidence": 93
    },
    {
      "text": "describe_screen",
      "x": 480,
      "y": 899,
      "bounds": {
        "left": 428,
        "top": 894,
        "width": 105,
        "height": 10
      },
      "confidence": 89
    },
    {
      "text": "{\"question\":",
      "x": 368,
      "y": 917,
      "bounds": {
        "left": 330,
        "top": 911,
        "width": 77,
        "height": 13
      },
      "confidence": 44
    },
    {
      "text": "\u201cIs",
      "x": 432,
      "y": 916,
      "bounds": {
        "left": 422,
        "top": 911,
        "width": 20,
        "height": 10
      },
      "confidence": 87
    },
    {
      "text": "Spotify",
      "x": 474,
      "y": 917,
      "bounds": {
        "left": 449,
        "top": 911,
        "width": 50,
        "height": 13
      },
      "confidence": 90
    },
    {
      "text": "open?",
      "x": 522,
      "y": 917,
      "bounds": {
        "left": 505,
        "top": 911,
        "width": 35,
        "height": 13
      },
      "confidence": 94
    },
    {
      "text": "What",
      "x": 561,
      "y": 916,
      "bounds": {
        "left": 547,
        "top": 911,
        "width": 28,
        "height": 10
      },
      "confidence": 74
    },
    {
      "text": "is",
      "x": 589,
      "y": 916,
      "bounds": {
        "left": 583,
        "top": 911,
        "width": 13,
        "height": 10
      },
      "confidence": 96
    },
    {
      "text": "visible",
      "x": 627,
      "y": 916,
      "bounds": {
        "left": 603,
        "top": 911,
        "width": 49,
        "height": 10
      },
      "confidence": 93
    },
    {
      "text": "(hone/search/play",
      "x": 719,
      "y": 917,
      "bounds": {
        "left": 660,
        "top": 911,
        "width": 119,
        "height": 13
      },
      "confidence": 87
    },
    {
      "text": "controls)?\"}",
      "x": 827,
      "y": 917,
      "bounds": {
        "left": 785,
        "top": 911,
        "width": 84,
        "height": 13
      },
      "confidence": 71
    },
    {
      "text": "0",
      "x": 1581,
      "y": 915,
      "bounds": {
        "left": 1578,
        "top": 900,
        "width": 6,
        "height": 31
      },
      "confidence": 73
    },
    {
      "text": "Files",
      "x": 1601,
      "y": 915,
      "bounds": {
        "left": 1590,
        "top": 900,
        "width": 23,
        "height": 31
      },
      "confidence": 94
    },
    {
      "text": "With",
      "x": 1631,
      "y": 919,
      "bounds": {
        "left": 1621,
        "top": 915,
        "width": 20,
        "height": 9
      },
      "confidence": 95
    },
    {
      "text": "Changes",
      "x": 1668,
      "y": 921,
      "bounds": {
        "left": 1646,
        "top": 915,
        "width": 44,
        "height": 12
      },
      "confidence": 95
    },
    {
      "text": "es",
      "x": 1851,
      "y": 920,
      "bounds": {
        "left": 1812,
        "top": 915,
        "width": 78,
        "height": 10
      },
      "confidence": 47
    },
    {
      "text": "2026-02-14",
      "x": 288,
      "y": 933,
      "bounds": {
        "left": 253,
        "top": 929,
        "width": 71,
        "height": 9
      },
      "confidence": 69
    },
    {
      "text": "21:27:58,899",
      "x": 372,
      "y": 933,
      "bounds": {
        "left": 330,
        "top": 929,
        "width": 84,
        "height": 9
      },
      "confidence": 93
    },
    {
      "text": "-",
      "x": 425,
      "y": 934,
      "bounds": {
        "left": 422,
        "top": 934,
        "width": 6,
        "height": 1
      },
      "confidence": 61
    },
    {
      "text": "httpx",
      "x": 453,
      "y": 934,
      "bounds": {
        "left": 436,
        "top": 928,
        "width": 35,
        "height": 13
      },
      "confidence": 43
    },
    {
      "text": "-",
      "x": 481,
      "y": 934,
      "bounds": {
        "left": 478,
        "top": 934,
        "width": 6,
        "height": 1
      },
      "confidence": 90
    },
    {
      "text": "INFO",
      "x": 506,
      "y": 933,
      "bounds": {
        "left": 492,
        "top": 929,
        "width": 28,
        "height": 9
      },
      "confidence": 92
    },
    {
      "text": "-",
      "x": 530,
      "y": 934,
      "bounds": {
        "left": 527,
        "top": 934,
        "width": 6,
        "height": 1
      },
      "confidence": 87
    },
    {
      "text": "HTTP",
      "x": 554,
      "y": 933,
      "bounds": {
        "left": 540,
        "top": 929,
        "width": 29,
        "height": 9
      },
      "confidence": 90
    },
    {
      "text": "Request:",
      "x": 602,
      "y": 935,
      "bounds": {
        "left": 576,
        "top": 929,
        "width": 53,
        "height": 12
      },
      "confidence": 93
    },
    {
      "text": "POST",
      "x": 652,
      "y": 933,
      "bounds": {
        "left": 638,
        "top": 929,
        "width": 29,
        "height": 9
      },
      "confidence": 96
    },
    {
      "text": "https:",
      "x": 693,
      "y": 933,
      "bounds": {
        "left": 674,
        "top": 918,
        "width": 38,
        "height": 30
      },
      "confidence": 86
    },
    {
      "text": "//api",
      "x": 732,
      "y": 933,
      "bounds": {
        "left": 716,
        "top": 918,
        "width": 33,
        "height": 30
      },
      "confidence": 48
    },
    {
      "text": "AAFLELFHchgN3nfpQsrhfFAXvSmtNHnBGdU/getUpdates",
      "x": 1107,
      "y": 934,
      "bounds": {
        "left": 946,
        "top": 928,
        "width": 322,
        "height": 13
      },
      "confidence": 32
    },
    {
      "text": "\u201cHTTP/1.1",
      "x": 1307,
      "y": 933,
      "bounds": {
        "left": 1276,
        "top": 928,
        "width": 62,
        "height": 11
      },
      "confidence": 58
    },
    {
      "text": "200",
      "x": 1356,
      "y": 933,
      "bounds": {
        "left": 1345,
        "top": 929,
        "width": 22,
        "height": 9
      },
      "confidence": 64
    },
    {
      "text": "OK\"",
      "x": 1383,
      "y": 933,
      "bounds": {
        "left": 1373,
        "top": 928,
        "width": 21,
        "height": 10
      },
      "confidence": 36
    },
    {
      "text": "MB",
      "x": 294,
      "y": 950,
      "bounds": {
        "left": 287,
        "top": 935,
        "width": 15,
        "height": 30
      },
      "confidence": 32
    },
    {
      "text": "success:",
      "x": 332,
      "y": 950,
      "bounds": {
        "left": 307,
        "top": 943,
        "width": 51,
        "height": 14
      },
      "confidence": 49
    },
    {
      "text": "{\"image_captured\":",
      "x": 434,
      "y": 951,
      "bounds": {
        "left": 372,
        "top": 945,
        "width": 124,
        "height": 13
      },
      "confidence": 51
    },
    {
      "text": "\u201cTrue\u201d,",
      "x": 529,
      "y": 951,
      "bounds": {
        "left": 506,
        "top": 945,
        "width": 47,
        "height": 12
      },
      "confidence": 68
    },
    {
      "text": "\u201c[BASE64]\",",
      "x": 711,
      "y": 951,
      "bounds": {
        "left": 674,
        "top": 945,
        "width": 75,
        "height": 13
      },
      "confidence": 53
    },
    {
      "text": "\u201cdescription\u201d:",
      "x": 799,
      "y": 951,
      "bounds": {
        "left": 758,
        "top": 945,
        "width": 83,
        "height": 13
      },
      "confidence": 74
    },
    {
      "text": "\u201cScreenshot",
      "x": 901,
      "y": 950,
      "bounds": {
        "left": 863,
        "top": 945,
        "width": 76,
        "height": 10
      },
      "confidence": 88
    },
    {
      "text": "captured",
      "x": 974,
      "y": 951,
      "bounds": {
        "left": 946,
        "top": 945,
        "width": 56,
        "height": 13
      },
      "confidence": 94
    },
    {
      "text": "successfully.",
      "x": 1054,
      "y": 951,
      "bounds": {
        "left": 1010,
        "top": 945,
        "width": 88,
        "height": 13
      },
      "confidence": 91
    },
    {
      "text": "Looking",
      "x": 1132,
      "y": 951,
      "bounds": {
        "left": 1108,
        "top": 945,
        "width": 49,
        "height": 13
      },
      "confidence": 90
    },
    {
      "text": "at",
      "x": 1170,
      "y": 950,
      "bounds": {
        "left": 1163,
        "top": 946,
        "width": 14,
        "height": 9
      },
      "confidence": 93
    },
    {
      "text": "the",
      "x": 1194,
      "y": 950,
      "bounds": {
        "left": 1184,
        "top": 945,
        "width": 21,
        "height": 10
      },
      "confidence": 93
    },
    {
      "text": "screen",
      "x": 1233,
      "y": 951,
      "bounds": {
        "left": 1213,
        "top": 948,
        "width": 41,
        "height": 7
      },
      "confidence": 92
    },
    {
      "text": "now.\u201d,",
      "x": 1282,
      "y": 951,
      "bounds": {
        "left": 1262,
        "top": 945,
        "width": 40,
        "height": 12
      },
      "confidence": 66
    },
    {
      "text": "\u201cquestion\u201d:",
      "x": 1345,
      "y": 951,
      "bounds": {
        "left": 1311,
        "top": 945,
        "width": 69,
        "height": 13
      },
      "confidence": 81
    },
    {
      "text": "\u201cIs",
      "x": 1405,
      "y": 950,
      "bounds": {
        "left": 1395,
        "top": 945,
        "width": 20,
        "height": 10
      },
      "confidence": 91
    },
    {
      "text": "S",
      "x": 1425,
      "y": 950,
      "bounds": {
        "left": 1422,
        "top": 946,
        "width": 7,
        "height": 9
      },
      "confidence": 44
    },
    {
      "text": "potify",
      "x": 275,
      "y": 968,
      "bounds": {
        "left": 254,
        "top": 962,
        "width": 42,
        "height": 13
      },
      "confidence": 91
    },
    {
      "text": "open?",
      "x": 319,
      "y": 968,
      "bounds": {
        "left": 302,
        "top": 962,
        "width": 35,
        "height": 13
      },
      "confidence": 96
    },
    {
      "text": "what",
      "x": 358,
      "y": 967,
      "bounds": {
        "left": 344,
        "top": 962,
        "width": 28,
        "height": 10
      },
      "confidence": 88
    },
    {
      "text": "is",
      "x": 386,
      "y": 967,
      "bounds": {
        "left": 380,
        "top": 962,
        "width": 13,
        "height": 10
      },
      "confidence": 95
    },
    {
      "text": "visible",
      "x": 424,
      "y": 967,
      "bounds": {
        "left": 400,
        "top": 962,
        "width": 49,
        "height": 10
      },
      "confidence": 93
    },
    {
      "text": "(home/search/play",
      "x": 516,
      "y": 968,
      "bounds": {
        "left": 457,
        "top": 962,
        "width": 119,
        "height": 13
      },
      "confidence": 78
    },
    {
      "text": "controls)?\"}",
      "x": 624,
      "y": 968,
      "bounds": {
        "left": 582,
        "top": 962,
        "width": 84,
        "height": 13
      },
      "confidence": 86
    },
    {
      "text": "(192ms)",
      "x": 697,
      "y": 968,
      "bounds": {
        "left": 674,
        "top": 962,
        "width": 47,
        "height": 13
      },
      "confidence": 85
    },
    {
      "text": ">",
      "x": 52,
      "y": 978,
      "bounds": {
        "left": 49,
        "top": 973,
        "width": 6,
        "height": 10
      },
      "confidence": 92
    },
    {
      "text": "Outl",
      "x": 75,
      "y": 978,
      "bounds": {
        "left": 62,
        "top": 974,
        "width": 26,
        "height": 9
      },
      "confidence": 64
    },
    {
      "text": "2",
      "x": 94,
      "y": 980,
      "bounds": {
        "left": 86,
        "top": 977,
        "width": 16,
        "height": 6
      },
      "confidence": 55
    },
    {
      "text": "2026-02-14",
      "x": 288,
      "y": 984,
      "bounds": {
        "left": 253,
        "top": 980,
        "width": 71,
        "height": 9
      },
      "confidence": 33
    },
    {
      "text": "21:28:03,039",
      "x": 372,
      "y": 985,
      "bounds": {
        "left": 330,
        "top": 980,
        "width": 84,
        "height": 11
      },
      "confidence": 69
    },
    {
      "text": "-",
      "x": 425,
      "y": 985,
      "bounds": {
        "left": 422,
        "top": 985,
        "width": 6,
        "height": 1
      },
      "confidence": 67
    },
    {
      "text": "httpx",
      "x": 453,
      "y": 985,
      "bounds": {
        "left": 436,
        "top": 979,
        "width": 35,
        "height": 13
      },
      "confidence": 86
    },
    {
      "text": "-",
      "x": 481,
      "y": 985,
      "bounds": {
        "left": 478,
        "top": 985,
        "width": 6,
        "height": 1
      },
      "confidence": 90
    },
    {
      "text": "INFO",
      "x": 506,
      "y": 984,
      "bounds": {
        "left": 492,
        "top": 980,
        "width": 28,
        "height": 9
      },
      "confidence": 92
    },
    {
      "text": "-",
      "x": 530,
      "y": 985,
      "bounds": {
        "left": 527,
        "top": 985,
        "width": 6,
        "height": 1
      },
      "confidence": 86
    },
    {
      "text": "HTTP",
      "x": 554,
      "y": 984,
      "bounds": {
        "left": 540,
        "top": 980,
        "width": 29,
        "height": 9
      },
      "confidence": 92
    },
    {
      "text": "Request:",
      "x": 602,
      "y": 986,
      "bounds": {
        "left": 576,
        "top": 980,
        "width": 53,
        "height": 12
      },
      "confidence": 96
    },
    {
      "text": "POST",
      "x": 652,
      "y": 984,
      "bounds": {
        "left": 638,
        "top": 980,
        "width": 29,
        "height": 9
      },
      "confidence": 96
    },
    {
      "text": "https:",
      "x": 693,
      "y": 984,
      "bounds": {
        "left": 674,
        "top": 969,
        "width": 39,
        "height": 30
      },
      "confidence": 53
    },
    {
      "text": "//api.openai.com/vi/chat/completions",
      "x": 841,
      "y": 985,
      "bounds": {
        "left": 715,
        "top": 979,
        "width": 252,
        "height": 13
      },
      "confidence": 44
    },
    {
      "text": "200",
      "x": 1055,
      "y": 984,
      "bounds": {
        "left": 1044,
        "top": 980,
        "width": 22,
        "height": 9
      },
      "confidence": 89
    },
    {
      "text": "Ok\u201d",
      "x": 1082,
      "y": 984,
      "bounds": {
        "left": 1072,
        "top": 979,
        "width": 21,
        "height": 10
      },
      "confidence": 70
    },
    {
      "text": "Fast",
      "x": 1598,
      "y": 984,
      "bounds": {
        "left": 1589,
        "top": 980,
        "width": 18,
        "height": 8
      },
      "confidence": 49
    },
    {
      "text": "Gemini",
      "x": 1654,
      "y": 985,
      "bounds": {
        "left": 1639,
        "top": 981,
        "width": 31,
        "height": 8
      },
      "confidence": 38
    },
    {
      "text": "3",
      "x": 1679,
      "y": 985,
      "bounds": {
        "left": 1677,
        "top": 981,
        "width": 5,
        "height": 8
      },
      "confidence": 38
    },
    {
      "text": "Fash",
      "x": 1697,
      "y": 985,
      "bounds": {
        "left": 1686,
        "top": 981,
        "width": 23,
        "height": 8
      },
      "confidence": 74
    },
    {
      "text": "oo",
      "x": 1878,
      "y": 985,
      "bounds": {
        "left": 1859,
        "top": 978,
        "width": 38,
        "height": 14
      },
      "confidence": 56
    },
    {
      "text": ">",
      "x": 52,
      "y": 1000,
      "bounds": {
        "left": 49,
        "top": 995,
        "width": 6,
        "height": 10
      },
      "confidence": 94
    },
    {
      "text": "Timeline",
      "x": 85,
      "y": 1000,
      "bounds": {
        "left": 62,
        "top": 996,
        "width": 46,
        "height": 9
      },
      "confidence": 77
    },
    {
      "text": "0",
      "x": 256,
      "y": 1001,
      "bounds": {
        "left": 253,
        "top": 993,
        "width": 7,
        "height": 17
      },
      "confidence": 64
    },
    {
      "text": "El",
      "x": 55,
      "y": 1022,
      "bounds": {
        "left": 49,
        "top": 1015,
        "width": 12,
        "height": 14
      },
      "confidence": 45
    },
    {
      "text": "powerful-project-collection",
      "x": 138,
      "y": 1023,
      "bounds": {
        "left": 67,
        "top": 1017,
        "width": 143,
        "height": 12
      },
      "confidence": 87
    },
    {
      "text": "main\u201d",
      "x": 236,
      "y": 1021,
      "bounds": {
        "left": 221,
        "top": 1017,
        "width": 30,
        "height": 9
      },
      "confidence": 53
    },
    {
      "text": "@oA\\o",
      "x": 317,
      "y": 1021,
      "bounds": {
        "left": 290,
        "top": 1014,
        "width": 54,
        "height": 14
      },
      "confidence": 48
    },
    {
      "text": "Ln",
      "x": 1385,
      "y": 1021,
      "bounds": {
        "left": 1380,
        "top": 1017,
        "width": 11,
        "height": 9
      },
      "confidence": 73
    },
    {
      "text": "Spaces'3",
      "x": 1481,
      "y": 1023,
      "bounds": {
        "left": 1457,
        "top": 1017,
        "width": 48,
        "height": 12
      },
      "confidence": 32
    },
    {
      "text": "UTF8",
      "x": 1537,
      "y": 1021,
      "bounds": {
        "left": 1522,
        "top": 1017,
        "width": 31,
        "height": 9
      },
      "confidence": 66
    },
    {
      "text": "CRLF",
      "x": 1582,
      "y": 1021,
      "bounds": {
        "left": 1569,
        "top": 1017,
        "width": 26,
        "height": 9
      },
      "confidence": 71
    },
    {
      "text": "{}",
      "x": 1619,
      "y": 1021,
      "bounds": {
        "left": 1613,
        "top": 1015,
        "width": 13,
        "height": 12
      },
      "confidence": 71
    },
    {
      "text": "Python",
      "x": 1652,
      "y": 1023,
      "bounds": {
        "left": 1634,
        "top": 1017,
        "width": 36,
        "height": 12
      },
      "confidence": 73
    },
    {
      "text": "3.13264-bit",
      "x": 1720,
      "y": 1021,
      "bounds": {
        "left": 1687,
        "top": 1017,
        "width": 66,
        "height": 9
      },
      "confidence": 71
    },
    {
      "text": "Q",
      "x": 73,
      "y": 1056,
      "bounds": {
        "left": 69,
        "top": 1049,
        "width": 9,
        "height": 15
      },
      "confidence": 89
    },
    {
      "text": "Search",
      "x": 110,
      "y": 1053,
      "bounds": {
        "left": 86,
        "top": 1035,
        "width": 49,
        "height": 37
      },
      "confidence": 80
    },
    {
      "text": "A",
      "x": 1697,
      "y": 1056,
      "bounds": {
        "left": 1692,
        "top": 1053,
        "width": 10,
        "height": 6
      },
      "confidence": 56
    },
    {
      "text": "enc",
      "x": 1735,
      "y": 1057,
      "bounds": {
        "left": 1724,
        "top": 1053,
        "width": 22,
        "height": 8
      },
      "confidence": 47
    },
    {
      "text": "ty",
      "x": 1821,
      "y": 1055,
      "bounds": {
        "left": 1814,
        "top": 1036,
        "width": 15,
        "height": 38
      },
      "confidence": 39
    },
    {
      "text": "228M",
      "x": 1876,
      "y": 1057,
      "bounds": {
        "left": 1852,
        "top": 1044,
        "width": 49,
        "height": 26
      },
      "confidence": 55
    }
  ],
  "unfiltered_text": "A File Edit Selection View Go Run Terminal Help powerful-project-collection - Antigravity - system_promptpy Open Agent Manager CBO OMG @y - ao x\n\ney Explorer vs @ system_promptpy U X = @ _init_py ..\\prompts U @ eeutorrp Py MO > pwsh G - \u2014_Tradio Al Prompt Enhancement x\nwren = tradio > om FEaEEOO system een > [el] SYSTEM_PROMPT PS C:\\Users\\Wagsihim AI\\Documents\\GitHub \\powerful-project-collection> .\nS 6 role == sec\nPG Get Pee Aa) 3y = **gel_quote-: neai-tame price, volume, ana aaity cnange- * Agent Awareness: When you start a chat, the first thing\n> \u00a9 eigent 49 - **get_fundamentals**: core valuation and profitability metrics the agent does is \u201cRead the Sentinel Feed\" so it's\nSe > 6 emploai 41 ~ **get_technical**: Instant indicator signals (RSI, MACD, etc.) | Een Teac\n> \u00a9 Mini-Agent 42 - **get_news**: Market sentiment and company-specific headlines.\nce 43 - **get_hacker_news**: Tech-market crossover trends. geo 4. Proactive Commands (Sentinel Tools)\n= 44 - **web_search**: General financial or macro research.\nB > \u00a9 OpenBB aE New tools for the Al agent to manage its background self:\n> \u00a9 openclaw oe 53 Teme Goss Gem) ser slert(symbol, condition) : Programmatically\nGy > icra 47 - **search_memory**: Query past sessions and user-defined prefer \u2018add background triggers.\n> \u00a9 temp 48 - \u201cupdate _memory**: Persist critical insights or global setting 2 See Fetch asimmary or\n> \u00a9 test.workspace 49 </tool_manifesto> findings from the last \u00a7X$ hours.\n> \u00a9 tradio ay\n51 <critical_reminders>\nie) \u2014!\ni\" SAME ES 52. - **Financial Disclosure**: Always specify that your analysis is\nWINGS a O 52 - **Error Handling**: If a ticker is invalid or data is missing,\n54 - **Visualization**: Interactive charts are high-value. Always 5\n55 </critical_reminders>\"\u2019 Implementation Phasing\n56\nPhase Milestone Description\nindows cannot find spotif sure you typed the ly, and then tr Phase ThePulse Create sre/nonitoring/engine..\nu Se py using a simple white True\nProblems Output Debug Console (EERE) Ports +e suport Tee SSS\nis on the screen?\"} (215ms) l Phase ETF Implement sx0/dats/et\u00a2_loade\n2026-02-14 -22,608 - httpx - INFO - HTTP Request: POST https: //api -openai.com/vi/chat/completions \u201cHTTP/1.1 200 OK\u201d 2 Resolution = py to auto-populate the\n2026-02-14 21:27:26,712 - httpx - INFO - HTTP Request: POST https: //api .telegram.org/bot 7960886425: AAFLELFHcNgN3nfpQsrhfFAXvSmtNHnBGdU/sendMessage \u201cHTTP/1.1 200 Ok\u201d | ane\n2026-02-14 INFO - POST https: //api . telegram. org/bot 7960886425: AAFLELFHchgN3nfpQsrhfFAXVSMtNHnBGdU/editMessageText \"HTTP/1.1 200 OK\"\n2026-02-14 21:27: INFO - POST https: //api.. telegram. org/bot 7960886425: AAFLELFHchgN3nfpQsrhFFAXvSmtNHnBGdU/getUpdates \"HTTP/1.1 200 OK\" Phase Neural Filter _ Integrate a \u201cSentinel Agent\u201d\n2026-02-14 INFO - POST https: //api.. telegram. org/bot 7960886425: AAFLELFHchgN3nfpOsrhFFAXVSMtNHnBGdU/getUpdates \u201cHTTP/1.1 200 OK\" 3 (background LLM) to score news\n2026-02-14 INFO - POST https: //api telegram. org/bot 7960886425: AAFLELFHchgN3nfpOsrhFFAXVSMtNHnBGdU/getUpdates \u201cHTTP/1.1 20 OK\" headlines as they arrive.\n2026-02-14 INFO - HTTP Request: POST https: //api telegram. org/bot7960886425:: AAFLEL FHchgNanfpQsrhfFAXvSmtNHnBGdU/getUpdates \u201cHTTP/1.1 200 OK\u201d oe -\n_ = INFO - 2 USER INPUT: Can you open Spotify and play a song Phase | Desh __| Add aLive Events\u2019 sidebar to the\n2026-\u20ac2-14 21: INFO (sendChatAction \u201cHITP/1.1 200 OK\u201d v Cee) || Ceo ies\n2026-02-14 INFO - sendChatAction \"HTTP/1.1 200 Ok\u201d high-priority news hits\n2026-02-14 INFO - sendlessage \u201cHITP/1.1 200 0K\u201d ing the Monitoring Enai\n2026-02-14 INFO - HTTP Request: POST https://api.openai.com/vi/chat/completions \u201cHTTP/1.1 22 OK\" i REtGh rcs n hyeea Ty lie er yee Te\n\u2018\\ [OPENAT] TOOL CALL: open app core and the ETF Resolution logic.\n\u2018args: {\"app_name\": \u201cspotify\"} \u2018Should | begin by implementing the Background\nIZ SUCCESS: {\"success\": \u201cTrue\u201d, \u201copened\u201d: \u201cspotify\"} (1606ms) Monitoring Engine structure?\n2026-02-14 21:27:55,559 - httpx - INFO - HTTP Request: POST https: //api.openai.com/vi/chat/completions \u201cHITP/1.1 200 Ok\u201d\n\u2018\\ [OPENAT] TOOL CALL: wait ra)\n\u2018args: {\"seconds\": 2}\nWB success: {\"waited\": \"2\"} (2000ms)\n2026-02-14 21:27:58,440 - httpx - INFO - HTTP Request: POST https: //api-openai.com/vi/chat/completions \"HITP/1.1 200 Ok\u201d\n\\\\ [OPENAT] TOOL CALL: describe_screen\nfArgs: {\"question\": \u201cIs Spotify open? What is visible (hone/search/play controls)?\"} 0 Files With Changes es\n2026-02-14 21:27:58,899 - httpx - INFO - HTTP Request: POST https: //api telegram. org/bot 7960886425: AAFLELFHchgN3nfpQsrhfFAXvSmtNHnBGdU/getUpdates \u201cHTTP/1.1 200 OK\"\nMB success: {\"image_captured\": \u201cTrue\u201d, \u201cimage _base64\": \u201c[BASE64]\", \u201cdescription\u201d: \u201cScreenshot captured successfully. Looking at the screen now.\u201d, \u201cquestion\u201d: \u201cIs S ais sacri\npotify open? what is visible (home/search/play controls)?\"} (192ms) \u00b0\n> Outl\n2 2026-02-14 21:28:03,039 - httpx - INFO - HTTP Request: POST https: //api.openai.com/vi/chat/completions \u201cHITP/1.1 200 Ok\u201d Fast Gemini 3 Fash oo\n> Timeline 0\nX El powerful-project-collection main\u201d <2 @oA\\o Ln 18,Col3 Spaces'3 UTF8 CRLF {} Python 3.13264-bit Antigravity- Settings\n\nQ Search MoePsonnx @aer,ore@e A enc cx ty 228M\n",
  "plain_text": "A File Edit Selection View Go Run Terminal Help powerful-project-collection - Antigravity - system_promptpy Open Agent Manager CBO OMG @y - ao x\n\ney Explorer vs @ system_promptpy U X = @ _init_py ..\\prompts U @ eeutorrp Py MO > pwsh G - \u2014_Tradio Al Prompt Enhancement x\nwren = tradio > om FEaEEOO system een > [el] SYSTEM_PROMPT PS C:\\Users\\Wagsihim AI\\Documents\\GitHub \\powerful-project-collection> .\nS 6 role == sec\nPG Get Pee Aa) 3y = **gel_quote-: neai-tame price, volume, ana aaity cnange- * Agent Awareness: When you start a chat, the first thing\n> \u00a9 eigent 49 - **get_fundamentals**: core valuation and profitability metrics the agent does is \u201cRead the Sentinel Feed\" so it's\nSe > 6 emploai 41 ~ **get_technical**: Instant indicator signals (RSI, MACD, etc.) | Een Teac\n> \u00a9 Mini-Agent 42 - **get_news**: Market sentiment and company-specific headlines.\nce 43 - **get_hacker_news**: Tech-market crossover trends. geo 4. Proactive Commands (Sentinel Tools)\n= 44 - **web_search**: General financial or macro research.\nB > \u00a9 OpenBB aE New tools for the Al agent to manage its background self:\n> \u00a9 openclaw oe 53 Teme Goss Gem) ser slert(symbol, condition) : Programmatically\nGy > icra 47 - **search_memory**: Query past sessions and user-defined prefer \u2018add background triggers.\n> \u00a9 temp 48 - \u201cupdate _memory**: Persist critical insights or global setting 2 See Fetch asimmary or\n> \u00a9 test.workspace 49 </tool_manifesto> findings from the last \u00a7X$ hours.\n> \u00a9 tradio ay\n51 <critical_reminders>\nie) \u2014!\ni\" SAME ES 52. - **Financial Disclosure**: Always specify that your analysis is\nWINGS a O 52 - **Error Handling**: If a ticker is invalid or data is missing,\n54 - **Visualization**: Interactive charts are high-value. Always 5\n55 </critical_reminders>\"\u2019 Implementation Phasing\n56\nPhase Milestone Description\nindows cannot find spotif sure you typed the ly, and then tr Phase ThePulse Create sre/nonitoring/engine..\nu Se py using a simple white True\nProblems Output Debug Console (EERE) Ports +e suport Tee SSS\nis on the screen?\"} (215ms) l Phase ETF Implement sx0/dats/et\u00a2_loade\n2026-02-14 -22,608 - httpx - INFO - HTTP Request: POST https: //api -openai.com/vi/chat/completions \u201cHTTP/1.1 200 OK\u201d 2 Resolution = py to auto-populate the\n2026-02-14 21:27:26,712 - httpx - INFO - HTTP Request: POST https: //api .telegram.org/bot 7960886425: AAFLELFHcNgN3nfpQsrhfFAXvSmtNHnBGdU/sendMessage \u201cHTTP/1.1 200 Ok\u201d | ane\n2026-02-14 INFO - POST https: //api . telegram. org/bot 7960886425: AAFLELFHchgN3nfpQsrhfFAXVSMtNHnBGdU/editMessageText \"HTTP/1.1 200 OK\"\n2026-02-14 21:27: INFO - POST https: //api.. telegram. org/bot 7960886425: AAFLELFHchgN3nfpQsrhFFAXvSmtNHnBGdU/getUpdates \"HTTP/1.1 200 OK\" Phase Neural Filter _ Integrate a \u201cSentinel Agent\u201d\n2026-02-14 INFO - POST https: //api.. telegram. org/bot 7960886425: AAFLELFHchgN3nfpOsrhFFAXVSMtNHnBGdU/getUpdates \u201cHTTP/1.1 200 OK\" 3 (background LLM) to score news\n2026-02-14 INFO - POST https: //api telegram. org/bot 7960886425: AAFLELFHchgN3nfpOsrhFFAXVSMtNHnBGdU/getUpdates \u201cHTTP/1.1 20 OK\" headlines as they arrive.\n2026-02-14 INFO - HTTP Request: POST https: //api telegram. org/bot7960886425:: AAFLEL FHchgNanfpQsrhfFAXvSmtNHnBGdU/getUpdates \u201cHTTP/1.1 200 OK\u201d oe -\n_ = INFO - 2 USER INPUT: Can you open Spotify and play a song Phase | Desh __| Add aLive Events\u2019 sidebar to the\n2026-\u20ac2-14 21: INFO (sendChatAction \u201cHITP/1.1 200 OK\u201d v Cee) || Ceo ies\n2026-02-14 INFO - sendChatAction \"HTTP/1.1 200 Ok\u201d high-priority news hits\n2026-02-14 INFO - sendlessage \u201cHITP/1.1 200 0K\u201d ing the Monitoring Enai\n2026-02-14 INFO - HTTP Request: POST https://api.openai.com/vi/chat/completions \u201cHTTP/1.1 22 OK\" i REtGh rcs n hyeea Ty lie er yee Te\n\u2018\\ [OPENAT] TOOL CALL: open app core and the ETF Resolution logic.\n\u2018args: {\"app_name\": \u201cspotify\"} \u2018Should | begin by implementing the Background\nIZ SUCCESS: {\"success\": \u201cTrue\u201d, \u201copened\u201d: \u201cspotify\"} (1606ms) Monitoring Engine structure?\n2026-02-14 21:27:55,559 - httpx - INFO - HTTP Request: POST https: //api.openai.com/vi/chat/completions \u201cHITP/1.1 200 Ok\u201d\n\u2018\\ [OPENAT] TOOL CALL: wait ra)\n\u2018args: {\"seconds\": 2}\nWB success: {\"waited\": \"2\"} (2000ms)\n2026-02-14 21:27:58,440 - httpx - INFO - HTTP Request: POST https: //api-openai.com/vi/chat/completions \"HITP/1.1 200 Ok\u201d\n\\\\ [OPENAT] TOOL CALL: describe_screen\nfArgs: {\"question\": \u201cIs Spotify open? What is visible (hone/search/play controls)?\"} 0 Files With Changes es\n2026-02-14 21:27:58,899 - httpx - INFO - HTTP Request: POST https: //api telegram. org/bot 7960886425: AAFLELFHchgN3nfpQsrhfFAXvSmtNHnBGdU/getUpdates \u201cHTTP/1.1 200 OK\"\nMB success: {\"image_captured\": \u201cTrue\u201d, \u201cimage _base64\": \u201c[BASE64]\", \u201cdescription\u201d: \u201cScreenshot captured successfully. Looking at the screen now.\u201d, \u201cquestion\u201d: \u201cIs S ais sacri\npotify open? what is visible (home/search/play controls)?\"} (192ms) \u00b0\n> Outl\n2 2026-02-14 21:28:03,039 - httpx - INFO - HTTP Request: POST https: //api.openai.com/vi/chat/completions \u201cHITP/1.1 200 Ok\u201d Fast Gemini 3 Fash oo\n> Timeline 0\nX El powerful-project-collection main\u201d <2 @oA\\o Ln 18,Col3 Spaces'3 UTF8 CRLF {} Python 3.13264-bit Antigravity- Settings\n\nQ Search MoePsonnx @aer,ore@e A enc cx ty 228M\n",
  "total_elements": 615
}
21:28:09 | --------------------------------------------------------------------------------
21:28:16 | CALL | ocr_screen | {}
21:28:23 | RESULT | ocr_screen | ✅ SUCCESS (6408ms)
{
  "elements": [
    {
      "text": "A",
      "x": 18,
      "y": 17,
      "bounds": {
        "left": 13,
        "top": 12,
        "width": 10,
        "height": 10
      },
      "confidence": 96
    },
    {
      "text": "Q",
      "x": 23,
      "y": 58,
      "bounds": {
        "left": 12,
        "top": 47,
        "width": 22,
        "height": 22
      },
      "confidence": 49
    },
    {
      "text": "vd",
      "x": 21,
      "y": 182,
      "bounds": {
        "left": 12,
        "top": 173,
        "width": 18,
        "height": 18
      },
      "confidence": 55
    },
    {
      "text": "4",
      "x": 21,
      "y": 308,
      "bounds": {
        "left": 14,
        "top": 300,
        "width": 14,
        "height": 16
      },
      "confidence": 59
    },
    {
      "text": "*",
      "x": 23,
      "y": 1020,
      "bounds": {
        "left": 18,
        "top": 1014,
        "width": 10,
        "height": 13
      },
      "confidence": 56
    },
    {
      "text": "File",
      "x": 53,
      "y": 17,
      "bounds": {
        "left": 44,
        "top": 12,
        "width": 18,
        "height": 10
      },
      "confidence": 77
    },
    {
      "text": "Edit",
      "x": 89,
      "y": 17,
      "bounds": {
        "left": 79,
        "top": 12,
        "width": 21,
        "height": 10
      },
      "confidence": 91
    },
    {
      "text": "Selection",
      "x": 142,
      "y": 17,
      "bounds": {
        "left": 117,
        "top": 12,
        "width": 51,
        "height": 10
      },
      "confidence": 87
    },
    {
      "text": "View",
      "x": 198,
      "y": 17,
      "bounds": {
        "left": 185,
        "top": 12,
        "width": 27,
        "height": 10
      },
      "confidence": 84
    },
    {
      "text": "Explorer",
      "x": 84,
      "y": 54,
      "bounds": {
        "left": 62,
        "top": 48,
        "width": 45,
        "height": 12
      },
      "confidence": 93
    },
    {
      "text": "|",
      "x": 100,
      "y": 83,
      "bounds": {
        "left": 47,
        "top": 77,
        "width": 107,
        "height": 12
      },
      "confidence": 87
    },
    {
      "text": "|",
      "x": 182,
      "y": 81,
      "bounds": {
        "left": 154,
        "top": 77,
        "width": 57,
        "height": 9
      },
      "confidence": 84
    },
    {
      "text": "daily",
      "x": 107,
      "y": 103,
      "bounds": {
        "left": 94,
        "top": 89,
        "width": 27,
        "height": 29
      },
      "confidence": 68
    },
    {
      "text": "breakdown",
      "x": 161,
      "y": 103,
      "bounds": {
        "left": 128,
        "top": 89,
        "width": 66,
        "height": 29
      },
      "confidence": 68
    },
    {
      "text": "eigent",
      "x": 112,
      "y": 126,
      "bounds": {
        "left": 94,
        "top": 120,
        "width": 36,
        "height": 13
      },
      "confidence": 80
    },
    {
      "text": "Mini-Agent",
      "x": 127,
      "y": 170,
      "bounds": {
        "left": 95,
        "top": 164,
        "width": 64,
        "height": 13
      },
      "confidence": 90
    },
    {
      "text": "moltbot",
      "x": 117,
      "y": 191,
      "bounds": {
        "left": 95,
        "top": 186,
        "width": 45,
        "height": 10
      },
      "confidence": 69
    },
    {
      "text": "\u2018openclaw",
      "x": 121,
      "y": 236,
      "bounds": {
        "left": 94,
        "top": 230,
        "width": 55,
        "height": 13
      },
      "confidence": 35
    },
    {
      "text": "\u2018opencode",
      "x": 123,
      "y": 258,
      "bounds": {
        "left": 94,
        "top": 252,
        "width": 58,
        "height": 13
      },
      "confidence": 54
    },
    {
      "text": "temp",
      "x": 109,
      "y": 281,
      "bounds": {
        "left": 94,
        "top": 275,
        "width": 30,
        "height": 12
      },
      "confidence": 94
    },
    {
      "text": "test",
      "x": 103,
      "y": 301,
      "bounds": {
        "left": 90,
        "top": 287,
        "width": 27,
        "height": 29
      },
      "confidence": 31
    },
    {
      "text": "workspace",
      "x": 154,
      "y": 301,
      "bounds": {
        "left": 123,
        "top": 287,
        "width": 62,
        "height": 29
      },
      "confidence": 31
    },
    {
      "text": "tradio",
      "x": 111,
      "y": 323,
      "bounds": {
        "left": 94,
        "top": 318,
        "width": 34,
        "height": 10
      },
      "confidence": 80
    },
    {
      "text": "(5",
      "x": 80,
      "y": 345,
      "bounds": {
        "left": 75,
        "top": 339,
        "width": 10,
        "height": 12
      },
      "confidence": 54
    },
    {
      "text": "system_prompts",
      "x": 141,
      "y": 347,
      "bounds": {
        "left": 94,
        "top": 341,
        "width": 94,
        "height": 12
      },
      "confidence": 67
    },
    {
      "text": "Ms",
      "x": 80,
      "y": 367,
      "bounds": {
        "left": 74,
        "top": 364,
        "width": 12,
        "height": 6
      },
      "confidence": 53
    },
    {
      "text": "WORK_IN_PROG...",
      "x": 146,
      "y": 368,
      "bounds": {
        "left": 94,
        "top": 363,
        "width": 104,
        "height": 11
      },
      "confidence": 78
    },
    {
      "text": "U",
      "x": 212,
      "y": 367,
      "bounds": {
        "left": 209,
        "top": 363,
        "width": 6,
        "height": 9
      },
      "confidence": 81
    },
    {
      "text": "Go",
      "x": 236,
      "y": 17,
      "bounds": {
        "left": 228,
        "top": 13,
        "width": 16,
        "height": 9
      },
      "confidence": 75
    },
    {
      "text": "Run",
      "x": 271,
      "y": 17,
      "bounds": {
        "left": 261,
        "top": 13,
        "width": 21,
        "height": 9
      },
      "confidence": 75
    },
    {
      "text": "Terminal",
      "x": 322,
      "y": 17,
      "bounds": {
        "left": 299,
        "top": 12,
        "width": 47,
        "height": 10
      },
      "confidence": 87
    },
    {
      "text": "Help",
      "x": 377,
      "y": 18,
      "bounds": {
        "left": 364,
        "top": 12,
        "width": 26,
        "height": 13
      },
      "confidence": 87
    },
    {
      "text": "powerful-project-collection",
      "x": 873,
      "y": 15,
      "bounds": {
        "left": 801,
        "top": 2,
        "width": 144,
        "height": 27
      },
      "confidence": 89
    },
    {
      "text": "-",
      "x": 953,
      "y": 19,
      "bounds": {
        "left": 951,
        "top": 16,
        "width": 5,
        "height": 6
      },
      "confidence": 84
    },
    {
      "text": "Antigravity",
      "x": 987,
      "y": 15,
      "bounds": {
        "left": 960,
        "top": 2,
        "width": 55,
        "height": 27
      },
      "confidence": 92
    },
    {
      "text": "-",
      "x": 1023,
      "y": 18,
      "bounds": {
        "left": 1021,
        "top": 18,
        "width": 4,
        "height": 1
      },
      "confidence": 88
    },
    {
      "text": "system_prompt.py",
      "x": 1077,
      "y": 15,
      "bounds": {
        "left": 1030,
        "top": 2,
        "width": 95,
        "height": 27
      },
      "confidence": 72
    },
    {
      "text": "Open",
      "x": 1451,
      "y": 17,
      "bounds": {
        "left": 1435,
        "top": 4,
        "width": 32,
        "height": 27
      },
      "confidence": 93
    },
    {
      "text": "Agent",
      "x": 1489,
      "y": 17,
      "bounds": {
        "left": 1473,
        "top": 4,
        "width": 32,
        "height": 27
      },
      "confidence": 92
    },
    {
      "text": "Manager",
      "x": 1534,
      "y": 17,
      "bounds": {
        "left": 1511,
        "top": 4,
        "width": 46,
        "height": 27
      },
      "confidence": 85
    },
    {
      "text": "OOD",
      "x": 1617,
      "y": 17,
      "bounds": {
        "left": 1586,
        "top": 10,
        "width": 62,
        "height": 14
      },
      "confidence": 46
    },
    {
      "text": "OG",
      "x": 1698,
      "y": 17,
      "bounds": {
        "left": 1691,
        "top": 10,
        "width": 14,
        "height": 14
      },
      "confidence": 35
    },
    {
      "text": "&",
      "x": 1722,
      "y": 17,
      "bounds": {
        "left": 1715,
        "top": 10,
        "width": 14,
        "height": 14
      },
      "confidence": 35
    },
    {
      "text": "@",
      "x": 1749,
      "y": 17,
      "bounds": {
        "left": 1741,
        "top": 9,
        "width": 16,
        "height": 16
      },
      "confidence": 87
    },
    {
      "text": "-",
      "x": 1805,
      "y": 16,
      "bounds": {
        "left": 1800,
        "top": 16,
        "width": 10,
        "height": 1
      },
      "confidence": 83
    },
    {
      "text": "ao",
      "x": 1851,
      "y": 17,
      "bounds": {
        "left": 1846,
        "top": 12,
        "width": 10,
        "height": 10
      },
      "confidence": 45
    },
    {
      "text": "Xx",
      "x": 1897,
      "y": 17,
      "bounds": {
        "left": 1892,
        "top": 12,
        "width": 10,
        "height": 10
      },
      "confidence": 74
    },
    {
      "text": "\u00ae",
      "x": 251,
      "y": 50,
      "bounds": {
        "left": 245,
        "top": 44,
        "width": 12,
        "height": 12
      },
      "confidence": 63
    },
    {
      "text": "system_promptpy",
      "x": 323,
      "y": 52,
      "bounds": {
        "left": 265,
        "top": 46,
        "width": 117,
        "height": 12
      },
      "confidence": 86
    },
    {
      "text": "U",
      "x": 382,
      "y": 50,
      "bounds": {
        "left": 378,
        "top": 38,
        "width": 9,
        "height": 25
      },
      "confidence": 73
    },
    {
      "text": "X",
      "x": 397,
      "y": 50,
      "bounds": {
        "left": 392,
        "top": 46,
        "width": 10,
        "height": 8
      },
      "confidence": 67
    },
    {
      "text": "_init_py",
      "x": 472,
      "y": 52,
      "bounds": {
        "left": 444,
        "top": 46,
        "width": 56,
        "height": 12
      },
      "confidence": 45
    },
    {
      "text": "...\\prompts",
      "x": 538,
      "y": 52,
      "bounds": {
        "left": 515,
        "top": 47,
        "width": 47,
        "height": 11
      },
      "confidence": 90
    },
    {
      "text": "U",
      "x": 572,
      "y": 50,
      "bounds": {
        "left": 569,
        "top": 46,
        "width": 6,
        "height": 9
      },
      "confidence": 92
    },
    {
      "text": "@",
      "x": 623,
      "y": 50,
      "bounds": {
        "left": 617,
        "top": 44,
        "width": 12,
        "height": 12
      },
      "confidence": 34
    },
    {
      "text": "eeutrp",
      "x": 667,
      "y": 52,
      "bounds": {
        "left": 637,
        "top": 46,
        "width": 60,
        "height": 12
      },
      "confidence": 34
    },
    {
      "text": "Py",
      "x": 719,
      "y": 50,
      "bounds": {
        "left": 706,
        "top": 44,
        "width": 26,
        "height": 13
      },
      "confidence": 63
    },
    {
      "text": ">",
      "x": 829,
      "y": 50,
      "bounds": {
        "left": 822,
        "top": 45,
        "width": 14,
        "height": 11
      },
      "confidence": 77
    },
    {
      "text": "pwsh",
      "x": 925,
      "y": 50,
      "bounds": {
        "left": 911,
        "top": 38,
        "width": 28,
        "height": 25
      },
      "confidence": 84
    },
    {
      "text": "x",
      "x": 983,
      "y": 50,
      "bounds": {
        "left": 982,
        "top": 49,
        "width": 2,
        "height": 2
      },
      "confidence": 93
    },
    {
      "text": "Se.",
      "x": 1487,
      "y": 50,
      "bounds": {
        "left": 1468,
        "top": 43,
        "width": 39,
        "height": 14
      },
      "confidence": 47
    },
    {
      "text": "tradio",
      "x": 266,
      "y": 76,
      "bounds": {
        "left": 249,
        "top": 71,
        "width": 34,
        "height": 10
      },
      "confidence": 92
    },
    {
      "text": ">",
      "x": 291,
      "y": 76,
      "bounds": {
        "left": 288,
        "top": 71,
        "width": 6,
        "height": 10
      },
      "confidence": 95
    },
    {
      "text": "ai",
      "x": 303,
      "y": 77,
      "bounds": {
        "left": 299,
        "top": 74,
        "width": 9,
        "height": 7
      },
      "confidence": 94
    },
    {
      "text": ">",
      "x": 317,
      "y": 76,
      "bounds": {
        "left": 314,
        "top": 71,
        "width": 6,
        "height": 10
      },
      "confidence": 94
    },
    {
      "text": "prompts",
      "x": 349,
      "y": 78,
      "bounds": {
        "left": 325,
        "top": 72,
        "width": 48,
        "height": 12
      },
      "confidence": 95
    },
    {
      "text": ">",
      "x": 382,
      "y": 76,
      "bounds": {
        "left": 379,
        "top": 71,
        "width": 6,
        "height": 10
      },
      "confidence": 92
    },
    {
      "text": "%",
      "x": 397,
      "y": 76,
      "bounds": {
        "left": 391,
        "top": 70,
        "width": 12,
        "height": 12
      },
      "confidence": 34
    },
    {
      "text": "system_prompt.py",
      "x": 464,
      "y": 78,
      "bounds": {
        "left": 412,
        "top": 72,
        "width": 104,
        "height": 12
      },
      "confidence": 60
    },
    {
      "text": ">",
      "x": 525,
      "y": 76,
      "bounds": {
        "left": 522,
        "top": 71,
        "width": 6,
        "height": 10
      },
      "confidence": 96
    },
    {
      "text": "fe]",
      "x": 540,
      "y": 76,
      "bounds": {
        "left": 533,
        "top": 72,
        "width": 14,
        "height": 9
      },
      "confidence": 41
    },
    {
      "text": "SYSTEM_PROMPT",
      "x": 602,
      "y": 77,
      "bounds": {
        "left": 552,
        "top": 72,
        "width": 101,
        "height": 11
      },
      "confidence": 83
    },
    {
      "text": "PS",
      "x": 905,
      "y": 76,
      "bounds": {
        "left": 898,
        "top": 72,
        "width": 14,
        "height": 9
      },
      "confidence": 84
    },
    {
      "text": "C:\\Users\\Magsihim_AI\\Documents\\GitHub\\powerful-project-collection>",
      "x": 1150,
      "y": 77,
      "bounds": {
        "left": 919,
        "top": 71,
        "width": 462,
        "height": 13
      },
      "confidence": 35
    },
    {
      "text": "SYSTEM_PROMPT",
      "x": 351,
      "y": 98,
      "bounds": {
        "left": 301,
        "top": 92,
        "width": 100,
        "height": 12
      },
      "confidence": 61
    },
    {
      "text": "role>",
      "x": 474,
      "y": 96,
      "bounds": {
        "left": 456,
        "top": 91,
        "width": 37,
        "height": 10
      },
      "confidence": 56
    },
    {
      "text": "=",
      "x": 806,
      "y": 97,
      "bounds": {
        "left": 800,
        "top": 97,
        "width": 13,
        "height": 1
      },
      "confidence": 89
    },
    {
      "text": "=",
      "x": 305,
      "y": 110,
      "bounds": {
        "left": 303,
        "top": 110,
        "width": 5,
        "height": 1
      },
      "confidence": 55
    },
    {
      "text": "neai-Lime",
      "x": 467,
      "y": 111,
      "bounds": {
        "left": 433,
        "top": 108,
        "width": 68,
        "height": 6
      },
      "confidence": 39
    },
    {
      "text": "price,",
      "x": 531,
      "y": 112,
      "bounds": {
        "left": 510,
        "top": 108,
        "width": 43,
        "height": 9
      },
      "confidence": 80
    },
    {
      "text": "ana",
      "x": 636,
      "y": 111,
      "bounds": {
        "left": 625,
        "top": 108,
        "width": 22,
        "height": 6
      },
      "confidence": 79
    },
    {
      "text": "ualiy",
      "x": 674,
      "y": 112,
      "bounds": {
        "left": 656,
        "top": 108,
        "width": 37,
        "height": 9
      },
      "confidence": 33
    },
    {
      "text": "-",
      "x": 305,
      "y": 129,
      "bounds": {
        "left": 303,
        "top": 129,
        "width": 5,
        "height": 1
      },
      "confidence": 86
    },
    {
      "text": "**get_fundamentals**:",
      "x": 397,
      "y": 129,
      "bounds": {
        "left": 318,
        "top": 123,
        "width": 158,
        "height": 13
      },
      "confidence": 90
    },
    {
      "text": "core",
      "x": 501,
      "y": 129,
      "bounds": {
        "left": 487,
        "top": 126,
        "width": 29,
        "height": 7
      },
      "confidence": 96
    },
    {
      "text": "valuation",
      "x": 559,
      "y": 128,
      "bounds": {
        "left": 525,
        "top": 123,
        "width": 68,
        "height": 10
      },
      "confidence": 96
    },
    {
      "text": "and",
      "x": 613,
      "y": 128,
      "bounds": {
        "left": 602,
        "top": 123,
        "width": 22,
        "height": 10
      },
      "confidence": 96
    },
    {
      "text": "profitability",
      "x": 682,
      "y": 129,
      "bounds": {
        "left": 633,
        "top": 123,
        "width": 99,
        "height": 13
      },
      "confidence": 95
    },
    {
      "text": "metrics",
      "x": 766,
      "y": 128,
      "bounds": {
        "left": 741,
        "top": 123,
        "width": 51,
        "height": 10
      },
      "confidence": 95
    },
    {
      "text": "|",
      "x": 801,
      "y": 135,
      "bounds": {
        "left": 800,
        "top": 135,
        "width": 3,
        "height": 1
      },
      "confidence": 50
    },
    {
      "text": "-",
      "x": 305,
      "y": 148,
      "bounds": {
        "left": 303,
        "top": 148,
        "width": 5,
        "height": 1
      },
      "confidence": 88
    },
    {
      "text": "**get_technical**:",
      "x": 385,
      "y": 148,
      "bounds": {
        "left": 318,
        "top": 142,
        "width": 135,
        "height": 13
      },
      "confidence": 82
    },
    {
      "text": "Instant",
      "x": 490,
      "y": 147,
      "bounds": {
        "left": 464,
        "top": 143,
        "width": 52,
        "height": 9
      },
      "confidence": 96
    },
    {
      "text": "indicator",
      "x": 559,
      "y": 147,
      "bounds": {
        "left": 526,
        "top": 142,
        "width": 67,
        "height": 10
      },
      "confidence": 96
    },
    {
      "text": "signals",
      "x": 629,
      "y": 148,
      "bounds": {
        "left": 603,
        "top": 142,
        "width": 52,
        "height": 13
      },
      "confidence": 96
    },
    {
      "text": "(RSI,",
      "x": 682,
      "y": 148,
      "bounds": {
        "left": 665,
        "top": 142,
        "width": 34,
        "height": 13
      },
      "confidence": 93
    },
    {
      "text": "MACD,",
      "x": 727,
      "y": 148,
      "bounds": {
        "left": 709,
        "top": 143,
        "width": 36,
        "height": 11
      },
      "confidence": 93
    },
    {
      "text": "etc.)",
      "x": 773,
      "y": 148,
      "bounds": {
        "left": 756,
        "top": 142,
        "width": 35,
        "height": 13
      },
      "confidence": 96
    },
    {
      "text": "-",
      "x": 305,
      "y": 167,
      "bounds": {
        "left": 303,
        "top": 167,
        "width": 5,
        "height": 1
      },
      "confidence": 87
    },
    {
      "text": "**get_news**:",
      "x": 366,
      "y": 167,
      "bounds": {
        "left": 318,
        "top": 161,
        "width": 96,
        "height": 13
      },
      "confidence": 85
    },
    {
      "text": "Market",
      "x": 447,
      "y": 166,
      "bounds": {
        "left": 425,
        "top": 161,
        "width": 45,
        "height": 10
      },
      "confidence": 96
    },
    {
      "text": "sentiment",
      "x": 513,
      "y": 166,
      "bounds": {
        "left": 479,
        "top": 161,
        "width": 68,
        "height": 10
      },
      "confidence": 96
    },
    {
      "text": "and",
      "x": 567,
      "y": 166,
      "bounds": {
        "left": 556,
        "top": 161,
        "width": 22,
        "height": 10
      },
      "confidence": 93
    },
    {
      "text": "company-specific",
      "x": 647,
      "y": 167,
      "bounds": {
        "left": 587,
        "top": 161,
        "width": 121,
        "height": 13
      },
      "confidence": 92
    },
    {
      "text": "headlines.",
      "x": 754,
      "y": 166,
      "bounds": {
        "left": 718,
        "top": 161,
        "width": 73,
        "height": 10
      },
      "confidence": 95
    },
    {
      "text": "|",
      "x": 801,
      "y": 159,
      "bounds": {
        "left": 800,
        "top": 159,
        "width": 3,
        "height": 1
      },
      "confidence": 92
    },
    {
      "text": "-",
      "x": 305,
      "y": 186,
      "bounds": {
        "left": 303,
        "top": 186,
        "width": 5,
        "height": 1
      },
      "confidence": 87
    },
    {
      "text": "**get_hacker_news**:",
      "x": 390,
      "y": 186,
      "bounds": {
        "left": 318,
        "top": 180,
        "width": 144,
        "height": 13
      },
      "confidence": 91
    },
    {
      "text": "Tech-market",
      "x": 520,
      "y": 185,
      "bounds": {
        "left": 479,
        "top": 180,
        "width": 83,
        "height": 10
      },
      "confidence": 83
    },
    {
      "text": "crossover",
      "x": 606,
      "y": 186,
      "bounds": {
        "left": 572,
        "top": 183,
        "width": 68,
        "height": 7
      },
      "confidence": 96
    },
    {
      "text": "trends.",
      "x": 673,
      "y": 185,
      "bounds": {
        "left": 648,
        "top": 180,
        "width": 51,
        "height": 10
      },
      "confidence": 93
    },
    {
      "text": "-",
      "x": 305,
      "y": 205,
      "bounds": {
        "left": 303,
        "top": 205,
        "width": 5,
        "height": 1
      },
      "confidence": 85
    },
    {
      "text": "**web_search**:",
      "x": 367,
      "y": 205,
      "bounds": {
        "left": 318,
        "top": 199,
        "width": 98,
        "height": 13
      },
      "confidence": 56
    },
    {
      "text": "General",
      "x": 466,
      "y": 204,
      "bounds": {
        "left": 440,
        "top": 199,
        "width": 53,
        "height": 10
      },
      "confidence": 96
    },
    {
      "text": "financial",
      "x": 536,
      "y": 204,
      "bounds": {
        "left": 502,
        "top": 199,
        "width": 68,
        "height": 10
      },
      "confidence": 95
    },
    {
      "text": "or",
      "x": 586,
      "y": 205,
      "bounds": {
        "left": 579,
        "top": 202,
        "width": 14,
        "height": 7
      },
      "confidence": 95
    },
    {
      "text": "macro",
      "x": 621,
      "y": 205,
      "bounds": {
        "left": 602,
        "top": 202,
        "width": 38,
        "height": 7
      },
      "confidence": 95
    },
    {
      "text": "research.",
      "x": 681,
      "y": 204,
      "bounds": {
        "left": 649,
        "top": 199,
        "width": 65,
        "height": 10
      },
      "confidence": 96
    },
    {
      "text": "46",
      "x": 267,
      "y": 242,
      "bounds": {
        "left": 260,
        "top": 238,
        "width": 14,
        "height": 9
      },
      "confidence": 47
    },
    {
      "text": "##%",
      "x": 313,
      "y": 242,
      "bounds": {
        "left": 301,
        "top": 238,
        "width": 24,
        "height": 9
      },
      "confidence": 71
    },
    {
      "text": "3.",
      "x": 339,
      "y": 242,
      "bounds": {
        "left": 333,
        "top": 238,
        "width": 12,
        "height": 9
      },
      "confidence": 90
    },
    {
      "text": "Neural",
      "x": 378,
      "y": 242,
      "bounds": {
        "left": 356,
        "top": 237,
        "width": 45,
        "height": 10
      },
      "confidence": 96
    },
    {
      "text": "Context",
      "x": 436,
      "y": 242,
      "bounds": {
        "left": 410,
        "top": 238,
        "width": 52,
        "height": 9
      },
      "confidence": 91
    },
    {
      "text": "(Memory)",
      "x": 501,
      "y": 243,
      "bounds": {
        "left": 472,
        "top": 237,
        "width": 59,
        "height": 13
      },
      "confidence": 91
    },
    {
      "text": "47",
      "x": 267,
      "y": 261,
      "bounds": {
        "left": 260,
        "top": 257,
        "width": 14,
        "height": 9
      },
      "confidence": 48
    },
    {
      "text": "~",
      "x": 305,
      "y": 262,
      "bounds": {
        "left": 303,
        "top": 262,
        "width": 5,
        "height": 1
      },
      "confidence": 64
    },
    {
      "text": "**search_memory**:",
      "x": 385,
      "y": 262,
      "bounds": {
        "left": 318,
        "top": 256,
        "width": 135,
        "height": 13
      },
      "confidence": 82
    },
    {
      "text": "Query",
      "x": 482,
      "y": 263,
      "bounds": {
        "left": 463,
        "top": 257,
        "width": 38,
        "height": 12
      },
      "confidence": 96
    },
    {
      "text": "past",
      "x": 524,
      "y": 263,
      "bounds": {
        "left": 510,
        "top": 257,
        "width": 29,
        "height": 12
      },
      "confidence": 93
    },
    {
      "text": "sessions",
      "x": 578,
      "y": 261,
      "bounds": {
        "left": 549,
        "top": 256,
        "width": 59,
        "height": 10
      },
      "confidence": 93
    },
    {
      "text": "and",
      "x": 628,
      "y": 261,
      "bounds": {
        "left": 618,
        "top": 256,
        "width": 21,
        "height": 10
      },
      "confidence": 96
    },
    {
      "text": "user-defined",
      "x": 694,
      "y": 261,
      "bounds": {
        "left": 649,
        "top": 256,
        "width": 90,
        "height": 10
      },
      "confidence": 96
    },
    {
      "text": "prefer",
      "x": 770,
      "y": 262,
      "bounds": {
        "left": 749,
        "top": 256,
        "width": 43,
        "height": 13
      },
      "confidence": 96
    },
    {
      "text": "-",
      "x": 305,
      "y": 281,
      "bounds": {
        "left": 303,
        "top": 281,
        "width": 5,
        "height": 1
      },
      "confidence": 71
    },
    {
      "text": "\u201c*update_memory**:",
      "x": 385,
      "y": 281,
      "bounds": {
        "left": 318,
        "top": 275,
        "width": 135,
        "height": 13
      },
      "confidence": 32
    },
    {
      "text": "Persist",
      "x": 490,
      "y": 280,
      "bounds": {
        "left": 464,
        "top": 275,
        "width": 52,
        "height": 10
      },
      "confidence": 96
    },
    {
      "text": "critical",
      "x": 555,
      "y": 280,
      "bounds": {
        "left": 525,
        "top": 275,
        "width": 60,
        "height": 10
      },
      "confidence": 96
    },
    {
      "text": "insights",
      "x": 625,
      "y": 281,
      "bounds": {
        "left": 595,
        "top": 275,
        "width": 60,
        "height": 13
      },
      "confidence": 96
    },
    {
      "text": "or",
      "x": 671,
      "y": 281,
      "bounds": {
        "left": 664,
        "top": 278,
        "width": 14,
        "height": 7
      },
      "confidence": 94
    },
    {
      "text": "global",
      "x": 709,
      "y": 281,
      "bounds": {
        "left": 687,
        "top": 275,
        "width": 45,
        "height": 13
      },
      "confidence": 96
    },
    {
      "text": "setting",
      "x": 766,
      "y": 281,
      "bounds": {
        "left": 741,
        "top": 275,
        "width": 51,
        "height": 13
      },
      "confidence": 96
    },
    {
      "text": "49",
      "x": 267,
      "y": 299,
      "bounds": {
        "left": 260,
        "top": 295,
        "width": 14,
        "height": 9
      },
      "confidence": 50
    },
    {
      "text": "</tool_manifesto>",
      "x": 367,
      "y": 300,
      "bounds": {
        "left": 302,
        "top": 294,
        "width": 130,
        "height": 13
      },
      "confidence": 83
    },
    {
      "text": "5@",
      "x": 267,
      "y": 318,
      "bounds": {
        "left": 261,
        "top": 314,
        "width": 13,
        "height": 9
      },
      "confidence": 43
    },
    {
      "text": "51",
      "x": 267,
      "y": 337,
      "bounds": {
        "left": 261,
        "top": 333,
        "width": 13,
        "height": 9
      },
      "confidence": 64
    },
    {
      "text": "<critical_reminders>",
      "x": 378,
      "y": 338,
      "bounds": {
        "left": 302,
        "top": 332,
        "width": 153,
        "height": 13
      },
      "confidence": 69
    },
    {
      "text": "52",
      "x": 267,
      "y": 356,
      "bounds": {
        "left": 261,
        "top": 352,
        "width": 13,
        "height": 9
      },
      "confidence": 66
    },
    {
      "text": "-",
      "x": 305,
      "y": 357,
      "bounds": {
        "left": 303,
        "top": 357,
        "width": 5,
        "height": 1
      },
      "confidence": 66
    },
    {
      "text": "**Financial",
      "x": 359,
      "y": 356,
      "bounds": {
        "left": 318,
        "top": 351,
        "width": 83,
        "height": 10
      },
      "confidence": 92
    },
    {
      "text": "Disclosure**:",
      "x": 458,
      "y": 356,
      "bounds": {
        "left": 410,
        "top": 351,
        "width": 97,
        "height": 10
      },
      "confidence": 91
    },
    {
      "text": "Always",
      "x": 539,
      "y": 357,
      "bounds": {
        "left": 517,
        "top": 351,
        "width": 45,
        "height": 13
      },
      "confidence": 96
    },
    {
      "text": "specify",
      "x": 598,
      "y": 357,
      "bounds": {
        "left": 572,
        "top": 351,
        "width": 52,
        "height": 13
      },
      "confidence": 94
    },
    {
      "text": "that",
      "x": 647,
      "y": 356,
      "bounds": {
        "left": 633,
        "top": 351,
        "width": 29,
        "height": 10
      },
      "confidence": 94
    },
    {
      "text": "your",
      "x": 686,
      "y": 359,
      "bounds": {
        "left": 671,
        "top": 354,
        "width": 30,
        "height": 10
      },
      "confidence": 96
    },
    {
      "text": "analysis",
      "x": 740,
      "y": 357,
      "bounds": {
        "left": 710,
        "top": 351,
        "width": 60,
        "height": 13
      },
      "confidence": 96
    },
    {
      "text": "is",
      "x": 786,
      "y": 356,
      "bounds": {
        "left": 780,
        "top": 351,
        "width": 12,
        "height": 10
      },
      "confidence": 92
    },
    {
      "text": "53",
      "x": 267,
      "y": 375,
      "bounds": {
        "left": 261,
        "top": 371,
        "width": 13,
        "height": 9
      },
      "confidence": 57
    },
    {
      "text": "-",
      "x": 305,
      "y": 376,
      "bounds": {
        "left": 303,
        "top": 376,
        "width": 5,
        "height": 1
      },
      "confidence": 66
    },
    {
      "text": "**Error",
      "x": 344,
      "y": 375,
      "bounds": {
        "left": 318,
        "top": 370,
        "width": 52,
        "height": 10
      },
      "confidence": 69
    },
    {
      "text": "Handling**:",
      "x": 419,
      "y": 376,
      "bounds": {
        "left": 379,
        "top": 370,
        "width": 81,
        "height": 13
      },
      "confidence": 87
    },
    {
      "text": "If",
      "x": 479,
      "y": 375,
      "bounds": {
        "left": 472,
        "top": 370,
        "width": 14,
        "height": 10
      },
      "confidence": 96
    },
    {
      "text": "a",
      "x": 498,
      "y": 376,
      "bounds": {
        "left": 495,
        "top": 373,
        "width": 6,
        "height": 7
      },
      "confidence": 94
    },
    {
      "text": "ticker",
      "x": 532,
      "y": 375,
      "bounds": {
        "left": 509,
        "top": 370,
        "width": 46,
        "height": 10
      },
      "confidence": 96
    },
    {
      "text": "is",
      "x": 571,
      "y": 375,
      "bounds": {
        "left": 564,
        "top": 370,
        "width": 14,
        "height": 10
      },
      "confidence": 96
    },
    {
      "text": "invalid",
      "x": 613,
      "y": 375,
      "bounds": {
        "left": 587,
        "top": 370,
        "width": 52,
        "height": 10
      },
      "confidence": 96
    },
    {
      "text": "or",
      "x": 655,
      "y": 376,
      "bounds": {
        "left": 648,
        "top": 373,
        "width": 15,
        "height": 7
      },
      "confidence": 96
    },
    {
      "text": "data",
      "x": 686,
      "y": 375,
      "bounds": {
        "left": 671,
        "top": 370,
        "width": 30,
        "height": 10
      },
      "confidence": 96
    },
    {
      "text": "is",
      "x": 717,
      "y": 375,
      "bounds": {
        "left": 710,
        "top": 370,
        "width": 14,
        "height": 10
      },
      "confidence": 96
    },
    {
      "text": "missing,",
      "x": 762,
      "y": 376,
      "bounds": {
        "left": 733,
        "top": 370,
        "width": 58,
        "height": 13
      },
      "confidence": 95
    },
    {
      "text": "54",
      "x": 267,
      "y": 394,
      "bounds": {
        "left": 261,
        "top": 390,
        "width": 13,
        "height": 9
      },
      "confidence": 55
    },
    {
      "text": "-",
      "x": 305,
      "y": 395,
      "bounds": {
        "left": 303,
        "top": 395,
        "width": 5,
        "height": 1
      },
      "confidence": 63
    },
    {
      "text": "**Visualization**:",
      "x": 385,
      "y": 394,
      "bounds": {
        "left": 318,
        "top": 389,
        "width": 135,
        "height": 10
      },
      "confidence": 84
    },
    {
      "text": "Interactive",
      "x": 505,
      "y": 394,
      "bounds": {
        "left": 464,
        "top": 389,
        "width": 83,
        "height": 10
      },
      "confidence": 95
    },
    {
      "text": "charts",
      "x": 578,
      "y": 394,
      "bounds": {
        "left": 556,
        "top": 389,
        "width": 45,
        "height": 10
      },
      "confidence": 95
    },
    {
      "text": "are",
      "x": 621,
      "y": 395,
      "bounds": {
        "left": 610,
        "top": 392,
        "width": 22,
        "height": 7
      },
      "confidence": 95
    },
    {
      "text": "high-value.",
      "x": 681,
      "y": 395,
      "bounds": {
        "left": 641,
        "top": 389,
        "width": 81,
        "height": 13
      },
      "confidence": 95
    },
    {
      "text": "55",
      "x": 267,
      "y": 413,
      "bounds": {
        "left": 261,
        "top": 409,
        "width": 13,
        "height": 9
      },
      "confidence": 52
    },
    {
      "text": "</critical_reminders>\"\"\"",
      "x": 393,
      "y": 414,
      "bounds": {
        "left": 302,
        "top": 408,
        "width": 183,
        "height": 13
      },
      "confidence": 58
    },
    {
      "text": "56",
      "x": 267,
      "y": 432,
      "bounds": {
        "left": 261,
        "top": 428,
        "width": 13,
        "height": 9
      },
      "confidence": 95
    },
    {
      "text": "pnot",
      "x": 801,
      "y": 472,
      "bounds": {
        "left": 792,
        "top": 458,
        "width": 18,
        "height": 28
      },
      "confidence": 40
    },
    {
      "text": "find",
      "x": 828,
      "y": 472,
      "bounds": {
        "left": 817,
        "top": 468,
        "width": 22,
        "height": 9
      },
      "confidence": 92
    },
    {
      "text": "\u2018spotif",
      "x": 861,
      "y": 474,
      "bounds": {
        "left": 847,
        "top": 469,
        "width": 28,
        "height": 11
      },
      "confidence": 67
    },
    {
      "text": "fig",
      "x": 1403,
      "y": 511,
      "bounds": {
        "left": 1389,
        "top": 505,
        "width": 28,
        "height": 13
      },
      "confidence": 48
    },
    {
      "text": "a",
      "x": 1436,
      "y": 512,
      "bounds": {
        "left": 1430,
        "top": 511,
        "width": 12,
        "height": 2
      },
      "confidence": 74
    },
    {
      "text": "2026-02-14",
      "x": 288,
      "y": 542,
      "bounds": {
        "left": 253,
        "top": 538,
        "width": 71,
        "height": 9
      },
      "confidence": 64
    },
    {
      "text": "21:27:48,771",
      "x": 372,
      "y": 543,
      "bounds": {
        "left": 330,
        "top": 538,
        "width": 84,
        "height": 11
      },
      "confidence": 55
    },
    {
      "text": "-",
      "x": 425,
      "y": 543,
      "bounds": {
        "left": 422,
        "top": 543,
        "width": 6,
        "height": 1
      },
      "confidence": 59
    },
    {
      "text": "httpx",
      "x": 453,
      "y": 543,
      "bounds": {
        "left": 436,
        "top": 537,
        "width": 35,
        "height": 13
      },
      "confidence": 68
    },
    {
      "text": "-",
      "x": 481,
      "y": 543,
      "bounds": {
        "left": 478,
        "top": 543,
        "width": 6,
        "height": 1
      },
      "confidence": 89
    },
    {
      "text": "INFO",
      "x": 506,
      "y": 542,
      "bounds": {
        "left": 492,
        "top": 538,
        "width": 28,
        "height": 9
      },
      "confidence": 92
    },
    {
      "text": "-",
      "x": 530,
      "y": 543,
      "bounds": {
        "left": 527,
        "top": 543,
        "width": 6,
        "height": 1
      },
      "confidence": 84
    },
    {
      "text": "HTTP",
      "x": 554,
      "y": 542,
      "bounds": {
        "left": 540,
        "top": 538,
        "width": 29,
        "height": 9
      },
      "confidence": 90
    },
    {
      "text": "Request:",
      "x": 602,
      "y": 544,
      "bounds": {
        "left": 576,
        "top": 538,
        "width": 53,
        "height": 12
      },
      "confidence": 94
    },
    {
      "text": "-\u2014\u2014\u2014",
      "x": 820,
      "y": 545,
      "bounds": {
        "left": 780,
        "top": 543,
        "width": 80,
        "height": 4
      },
      "confidence": 43
    },
    {
      "text": "\u2014",
      "x": 928,
      "y": 545,
      "bounds": {
        "left": 913,
        "top": 543,
        "width": 31,
        "height": 4
      },
      "confidence": 78
    },
    {
      "text": "res",
      "x": 1261,
      "y": 543,
      "bounds": {
        "left": 1254,
        "top": 540,
        "width": 14,
        "height": 7
      },
      "confidence": 58
    },
    {
      "text": "\u201cHITP/1.1",
      "x": 1307,
      "y": 542,
      "bounds": {
        "left": 1276,
        "top": 537,
        "width": 62,
        "height": 11
      },
      "confidence": 73
    },
    {
      "text": "200",
      "x": 1356,
      "y": 542,
      "bounds": {
        "left": 1345,
        "top": 538,
        "width": 22,
        "height": 9
      },
      "confidence": 73
    },
    {
      "text": "0K\"",
      "x": 1383,
      "y": 542,
      "bounds": {
        "left": 1373,
        "top": 537,
        "width": 21,
        "height": 10
      },
      "confidence": 58
    },
    {
      "text": "I",
      "x": 1433,
      "y": 541,
      "bounds": {
        "left": 1431,
        "top": 536,
        "width": 4,
        "height": 11
      },
      "confidence": 56
    },
    {
      "text": "2026-02-14",
      "x": 288,
      "y": 559,
      "bounds": {
        "left": 253,
        "top": 555,
        "width": 71,
        "height": 9
      },
      "confidence": 59
    },
    {
      "text": "21:27:48,779",
      "x": 372,
      "y": 560,
      "bounds": {
        "left": 330,
        "top": 555,
        "width": 84,
        "height": 11
      },
      "confidence": 73
    },
    {
      "text": "-",
      "x": 425,
      "y": 560,
      "bounds": {
        "left": 422,
        "top": 560,
        "width": 6,
        "height": 1
      },
      "confidence": 62
    },
    {
      "text": "_main__",
      "x": 463,
      "y": 560,
      "bounds": {
        "left": 434,
        "top": 554,
        "width": 58,
        "height": 13
      },
      "confidence": 51
    },
    {
      "text": "-",
      "x": 502,
      "y": 560,
      "bounds": {
        "left": 499,
        "top": 560,
        "width": 6,
        "height": 1
      },
      "confidence": 59
    },
    {
      "text": "INFO",
      "x": 527,
      "y": 559,
      "bounds": {
        "left": 513,
        "top": 555,
        "width": 28,
        "height": 9
      },
      "confidence": 84
    },
    {
      "text": "-",
      "x": 551,
      "y": 560,
      "bounds": {
        "left": 548,
        "top": 560,
        "width": 6,
        "height": 1
      },
      "confidence": 84
    },
    {
      "text": "\u00a9",
      "x": 569,
      "y": 559,
      "bounds": {
        "left": 566,
        "top": 544,
        "width": 6,
        "height": 30
      },
      "confidence": 63
    },
    {
      "text": "USER",
      "x": 596,
      "y": 559,
      "bounds": {
        "left": 582,
        "top": 555,
        "width": 29,
        "height": 9
      },
      "confidence": 92
    },
    {
      "text": "INPUT:",
      "x": 637,
      "y": 559,
      "bounds": {
        "left": 618,
        "top": 555,
        "width": 39,
        "height": 9
      },
      "confidence": 92
    },
    {
      "text": "Can",
      "x": 676,
      "y": 559,
      "bounds": {
        "left": 666,
        "top": 555,
        "width": 21,
        "height": 9
      },
      "confidence": 96
    },
    {
      "text": "you",
      "x": 704,
      "y": 562,
      "bounds": {
        "left": 694,
        "top": 557,
        "width": 21,
        "height": 10
      },
      "confidence": 96
    },
    {
      "text": "open",
      "x": 736,
      "y": 562,
      "bounds": {
        "left": 722,
        "top": 557,
        "width": 28,
        "height": 10
      },
      "confidence": 93
    },
    {
      "text": "Spotify",
      "x": 781,
      "y": 560,
      "bounds": {
        "left": 757,
        "top": 554,
        "width": 49,
        "height": 13
      },
      "confidence": 92
    },
    {
      "text": "and",
      "x": 824,
      "y": 559,
      "bounds": {
        "left": 814,
        "top": 554,
        "width": 20,
        "height": 10
      },
      "confidence": 96
    },
    {
      "text": "play",
      "x": 855,
      "y": 560,
      "bounds": {
        "left": 842,
        "top": 554,
        "width": 27,
        "height": 13
      },
      "confidence": 95
    },
    {
      "text": "a",
      "x": 880,
      "y": 560,
      "bounds": {
        "left": 877,
        "top": 557,
        "width": 6,
        "height": 7
      },
      "confidence": 95
    },
    {
      "text": "song",
      "x": 905,
      "y": 562,
      "bounds": {
        "left": 891,
        "top": 557,
        "width": 28,
        "height": 10
      },
      "confidence": 92
    },
    {
      "text": "2026-02-14",
      "x": 288,
      "y": 576,
      "bounds": {
        "left": 253,
        "top": 572,
        "width": 71,
        "height": 9
      },
      "confidence": 89
    },
    {
      "text": "21:27:49,191",
      "x": 372,
      "y": 577,
      "bounds": {
        "left": 330,
        "top": 572,
        "width": 84,
        "height": 11
      },
      "confidence": 90
    },
    {
      "text": "-",
      "x": 425,
      "y": 577,
      "bounds": {
        "left": 422,
        "top": 577,
        "width": 6,
        "height": 1
      },
      "confidence": 45
    },
    {
      "text": "httpx",
      "x": 453,
      "y": 577,
      "bounds": {
        "left": 436,
        "top": 571,
        "width": 35,
        "height": 13
      },
      "confidence": 38
    },
    {
      "text": "INFO",
      "x": 506,
      "y": 576,
      "bounds": {
        "left": 492,
        "top": 572,
        "width": 28,
        "height": 9
      },
      "confidence": 73
    },
    {
      "text": "-",
      "x": 530,
      "y": 577,
      "bounds": {
        "left": 527,
        "top": 577,
        "width": 6,
        "height": 1
      },
      "confidence": 40
    },
    {
      "text": "HTTP",
      "x": 554,
      "y": 576,
      "bounds": {
        "left": 540,
        "top": 572,
        "width": 29,
        "height": 9
      },
      "confidence": 79
    },
    {
      "text": "Request:",
      "x": 602,
      "y": 578,
      "bounds": {
        "left": 576,
        "top": 572,
        "width": 53,
        "height": 12
      },
      "confidence": 95
    },
    {
      "text": "POST",
      "x": 652,
      "y": 576,
      "bounds": {
        "left": 638,
        "top": 572,
        "width": 29,
        "height": 9
      },
      "confidence": 93
    },
    {
      "text": "https://api.telegran.org/bot7960886425:",
      "x": 806,
      "y": 577,
      "bounds": {
        "left": 674,
        "top": 571,
        "width": 265,
        "height": 13
      },
      "confidence": 47
    },
    {
      "text": "\u201cHTTP/1.1",
      "x": 1335,
      "y": 576,
      "bounds": {
        "left": 1304,
        "top": 571,
        "width": 62,
        "height": 11
      },
      "confidence": 42
    },
    {
      "text": "200",
      "x": 1384,
      "y": 576,
      "bounds": {
        "left": 1373,
        "top": 572,
        "width": 22,
        "height": 9
      },
      "confidence": 77
    },
    {
      "text": "OK\"",
      "x": 1411,
      "y": 576,
      "bounds": {
        "left": 1401,
        "top": 571,
        "width": 21,
        "height": 10
      },
      "confidence": 70
    },
    {
      "text": "|",
      "x": 1445,
      "y": 583,
      "bounds": {
        "left": 1445,
        "top": 572,
        "width": 1,
        "height": 22
      },
      "confidence": 41
    },
    {
      "text": "2026-02-14",
      "x": 288,
      "y": 593,
      "bounds": {
        "left": 253,
        "top": 589,
        "width": 71,
        "height": 9
      },
      "confidence": 70
    },
    {
      "text": "21:27:49,374",
      "x": 372,
      "y": 594,
      "bounds": {
        "left": 330,
        "top": 589,
        "width": 85,
        "height": 11
      },
      "confidence": 93
    },
    {
      "text": "-",
      "x": 425,
      "y": 594,
      "bounds": {
        "left": 422,
        "top": 594,
        "width": 6,
        "height": 1
      },
      "confidence": 70
    },
    {
      "text": "httpx",
      "x": 453,
      "y": 594,
      "bounds": {
        "left": 436,
        "top": 588,
        "width": 35,
        "height": 13
      },
      "confidence": 54
    },
    {
      "text": "-",
      "x": 481,
      "y": 594,
      "bounds": {
        "left": 478,
        "top": 594,
        "width": 6,
        "height": 1
      },
      "confidence": 90
    },
    {
      "text": "INFO",
      "x": 506,
      "y": 593,
      "bounds": {
        "left": 492,
        "top": 589,
        "width": 28,
        "height": 9
      },
      "confidence": 93
    },
    {
      "text": "-",
      "x": 530,
      "y": 594,
      "bounds": {
        "left": 527,
        "top": 594,
        "width": 6,
        "height": 1
      },
      "confidence": 77
    },
    {
      "text": "HTTP",
      "x": 554,
      "y": 593,
      "bounds": {
        "left": 540,
        "top": 589,
        "width": 29,
        "height": 9
      },
      "confidence": 89
    },
    {
      "text": "Request:",
      "x": 602,
      "y": 595,
      "bounds": {
        "left": 576,
        "top": 589,
        "width": 53,
        "height": 12
      },
      "confidence": 95
    },
    {
      "text": "POST",
      "x": 652,
      "y": 593,
      "bounds": {
        "left": 638,
        "top": 589,
        "width": 29,
        "height": 9
      },
      "confidence": 94
    },
    {
      "text": "https:",
      "x": 691,
      "y": 594,
      "bounds": {
        "left": 674,
        "top": 588,
        "width": 34,
        "height": 13
      },
      "confidence": 88
    },
    {
      "text": "//api",
      "x": 729,
      "y": 594,
      "bounds": {
        "left": 715,
        "top": 588,
        "width": 29,
        "height": 13
      },
      "confidence": 34
    },
    {
      "text": ".telegram.org/bot",
      "x": 810,
      "y": 593,
      "bounds": {
        "left": 751,
        "top": 578,
        "width": 118,
        "height": 30
      },
      "confidence": 34
    },
    {
      "text": "7960886425:",
      "x": 905,
      "y": 593,
      "bounds": {
        "left": 871,
        "top": 578,
        "width": 68,
        "height": 30
      },
      "confidence": 35
    },
    {
      "text": "\"HTTP/1.1",
      "x": 1335,
      "y": 593,
      "bounds": {
        "left": 1304,
        "top": 588,
        "width": 62,
        "height": 11
      },
      "confidence": 56
    },
    {
      "text": "20",
      "x": 1384,
      "y": 593,
      "bounds": {
        "left": 1373,
        "top": 589,
        "width": 22,
        "height": 9
      },
      "confidence": 63
    },
    {
      "text": "OK\"",
      "x": 1411,
      "y": 593,
      "bounds": {
        "left": 1401,
        "top": 588,
        "width": 21,
        "height": 10
      },
      "confidence": 58
    },
    {
      "text": "2026-02-14",
      "x": 288,
      "y": 610,
      "bounds": {
        "left": 253,
        "top": 606,
        "width": 71,
        "height": 9
      },
      "confidence": 63
    },
    {
      "text": "21:27:49,617",
      "x": 372,
      "y": 611,
      "bounds": {
        "left": 330,
        "top": 606,
        "width": 84,
        "height": 11
      },
      "confidence": 93
    },
    {
      "text": "-",
      "x": 425,
      "y": 611,
      "bounds": {
        "left": 422,
        "top": 611,
        "width": 6,
        "height": 1
      },
      "confidence": 73
    },
    {
      "text": "httpx",
      "x": 453,
      "y": 611,
      "bounds": {
        "left": 436,
        "top": 605,
        "width": 35,
        "height": 13
      },
      "confidence": 87
    },
    {
      "text": "-",
      "x": 481,
      "y": 611,
      "bounds": {
        "left": 478,
        "top": 611,
        "width": 6,
        "height": 1
      },
      "confidence": 90
    },
    {
      "text": "INFO",
      "x": 506,
      "y": 610,
      "bounds": {
        "left": 492,
        "top": 606,
        "width": 28,
        "height": 9
      },
      "confidence": 93
    },
    {
      "text": "-",
      "x": 530,
      "y": 611,
      "bounds": {
        "left": 527,
        "top": 611,
        "width": 6,
        "height": 1
      },
      "confidence": 76
    },
    {
      "text": "HTTP",
      "x": 554,
      "y": 610,
      "bounds": {
        "left": 540,
        "top": 606,
        "width": 29,
        "height": 9
      },
      "confidence": 89
    },
    {
      "text": "Request:",
      "x": 602,
      "y": 612,
      "bounds": {
        "left": 576,
        "top": 606,
        "width": 53,
        "height": 12
      },
      "confidence": 96
    },
    {
      "text": "POST",
      "x": 652,
      "y": 610,
      "bounds": {
        "left": 638,
        "top": 606,
        "width": 29,
        "height": 9
      },
      "confidence": 95
    },
    {
      "text": "https:",
      "x": 693,
      "y": 610,
      "bounds": {
        "left": 674,
        "top": 595,
        "width": 38,
        "height": 30
      },
      "confidence": 86
    },
    {
      "text": "//api",
      "x": 732,
      "y": 611,
      "bounds": {
        "left": 716,
        "top": 605,
        "width": 33,
        "height": 13
      },
      "confidence": 36
    },
    {
      "text": "AFLELFHcNgN3nf",
      "x": 1000,
      "y": 610,
      "bounds": {
        "left": 951,
        "top": 595,
        "width": 98,
        "height": 30
      },
      "confidence": 37
    },
    {
      "text": "\"HITP/1.1",
      "x": 1314,
      "y": 610,
      "bounds": {
        "left": 1283,
        "top": 605,
        "width": 62,
        "height": 11
      },
      "confidence": 39
    },
    {
      "text": "200",
      "x": 1363,
      "y": 610,
      "bounds": {
        "left": 1352,
        "top": 606,
        "width": 22,
        "height": 9
      },
      "confidence": 89
    },
    {
      "text": "OK\u201d",
      "x": 1390,
      "y": 610,
      "bounds": {
        "left": 1380,
        "top": 605,
        "width": 21,
        "height": 10
      },
      "confidence": 49
    },
    {
      "text": "2026-02-14",
      "x": 288,
      "y": 627,
      "bounds": {
        "left": 253,
        "top": 623,
        "width": 71,
        "height": 9
      },
      "confidence": 66
    },
    {
      "text": "21:27:52,524",
      "x": 372,
      "y": 628,
      "bounds": {
        "left": 330,
        "top": 623,
        "width": 85,
        "height": 11
      },
      "confidence": 93
    },
    {
      "text": "-",
      "x": 425,
      "y": 628,
      "bounds": {
        "left": 422,
        "top": 628,
        "width": 6,
        "height": 1
      },
      "confidence": 59
    },
    {
      "text": "httpx",
      "x": 453,
      "y": 628,
      "bounds": {
        "left": 436,
        "top": 622,
        "width": 35,
        "height": 13
      },
      "confidence": 81
    },
    {
      "text": "-",
      "x": 481,
      "y": 628,
      "bounds": {
        "left": 478,
        "top": 628,
        "width": 6,
        "height": 1
      },
      "confidence": 90
    },
    {
      "text": "INFO",
      "x": 506,
      "y": 627,
      "bounds": {
        "left": 492,
        "top": 623,
        "width": 28,
        "height": 9
      },
      "confidence": 93
    },
    {
      "text": "-",
      "x": 530,
      "y": 628,
      "bounds": {
        "left": 527,
        "top": 628,
        "width": 6,
        "height": 1
      },
      "confidence": 85
    },
    {
      "text": "HTTP",
      "x": 554,
      "y": 627,
      "bounds": {
        "left": 540,
        "top": 623,
        "width": 29,
        "height": 9
      },
      "confidence": 93
    },
    {
      "text": "Request:",
      "x": 602,
      "y": 629,
      "bounds": {
        "left": 576,
        "top": 623,
        "width": 53,
        "height": 12
      },
      "confidence": 94
    },
    {
      "text": "POST",
      "x": 652,
      "y": 627,
      "bounds": {
        "left": 638,
        "top": 623,
        "width": 29,
        "height": 9
      },
      "confidence": 96
    },
    {
      "text": "https:",
      "x": 691,
      "y": 628,
      "bounds": {
        "left": 674,
        "top": 622,
        "width": 34,
        "height": 13
      },
      "confidence": 74
    },
    {
      "text": "\"HITP/1.1",
      "x": 1006,
      "y": 627,
      "bounds": {
        "left": 975,
        "top": 622,
        "width": 62,
        "height": 11
      },
      "confidence": 32
    },
    {
      "text": "200",
      "x": 1055,
      "y": 627,
      "bounds": {
        "left": 1044,
        "top": 623,
        "width": 22,
        "height": 9
      },
      "confidence": 88
    },
    {
      "text": "Ok\u201d",
      "x": 1082,
      "y": 627,
      "bounds": {
        "left": 1072,
        "top": 622,
        "width": 21,
        "height": 10
      },
      "confidence": 66
    },
    {
      "text": "[OPENAT]",
      "x": 316,
      "y": 645,
      "bounds": {
        "left": 290,
        "top": 639,
        "width": 53,
        "height": 13
      },
      "confidence": 71
    },
    {
      "text": "TOOL",
      "x": 365,
      "y": 644,
      "bounds": {
        "left": 351,
        "top": 640,
        "width": 28,
        "height": 9
      },
      "confidence": 87
    },
    {
      "text": "CALL:",
      "x": 400,
      "y": 644,
      "bounds": {
        "left": 386,
        "top": 640,
        "width": 28,
        "height": 9
      },
      "confidence": 93
    },
    {
      "text": "open_app",
      "x": 456,
      "y": 647,
      "bounds": {
        "left": 428,
        "top": 642,
        "width": 57,
        "height": 10
      },
      "confidence": 88
    },
    {
      "text": "\u2018Args:",
      "x": 304,
      "y": 663,
      "bounds": {
        "left": 288,
        "top": 657,
        "width": 33,
        "height": 12
      },
      "confidence": 33
    },
    {
      "text": "\u201cspotify\"}",
      "x": 456,
      "y": 662,
      "bounds": {
        "left": 422,
        "top": 656,
        "width": 69,
        "height": 13
      },
      "confidence": 76
    },
    {
      "text": "{\"success\":",
      "x": 409,
      "y": 679,
      "bounds": {
        "left": 372,
        "top": 673,
        "width": 75,
        "height": 13
      },
      "confidence": 33
    },
    {
      "text": "\u201cTrue\u201d,",
      "x": 480,
      "y": 679,
      "bounds": {
        "left": 457,
        "top": 673,
        "width": 47,
        "height": 12
      },
      "confidence": 70
    },
    {
      "text": "\u201copened\u201d:",
      "x": 537,
      "y": 679,
      "bounds": {
        "left": 513,
        "top": 673,
        "width": 48,
        "height": 13
      },
      "confidence": 65
    },
    {
      "text": "\u201cspotify\"}",
      "x": 617,
      "y": 679,
      "bounds": {
        "left": 583,
        "top": 673,
        "width": 69,
        "height": 13
      },
      "confidence": 79
    },
    {
      "text": "2026-02-14",
      "x": 288,
      "y": 695,
      "bounds": {
        "left": 253,
        "top": 691,
        "width": 71,
        "height": 9
      },
      "confidence": 65
    },
    {
      "text": "21:27:55,559",
      "x": 372,
      "y": 696,
      "bounds": {
        "left": 330,
        "top": 691,
        "width": 84,
        "height": 11
      },
      "confidence": 91
    },
    {
      "text": "-",
      "x": 425,
      "y": 696,
      "bounds": {
        "left": 422,
        "top": 696,
        "width": 6,
        "height": 1
      },
      "confidence": 53
    },
    {
      "text": "httpx",
      "x": 453,
      "y": 696,
      "bounds": {
        "left": 436,
        "top": 690,
        "width": 35,
        "height": 13
      },
      "confidence": 65
    },
    {
      "text": "-",
      "x": 481,
      "y": 696,
      "bounds": {
        "left": 478,
        "top": 696,
        "width": 6,
        "height": 1
      },
      "confidence": 91
    },
    {
      "text": "INFO",
      "x": 506,
      "y": 695,
      "bounds": {
        "left": 492,
        "top": 691,
        "width": 28,
        "height": 9
      },
      "confidence": 93
    },
    {
      "text": "-",
      "x": 530,
      "y": 696,
      "bounds": {
        "left": 527,
        "top": 696,
        "width": 6,
        "height": 1
      },
      "confidence": 75
    },
    {
      "text": "HTTP",
      "x": 554,
      "y": 695,
      "bounds": {
        "left": 540,
        "top": 691,
        "width": 29,
        "height": 9
      },
      "confidence": 92
    },
    {
      "text": "Request:",
      "x": 602,
      "y": 697,
      "bounds": {
        "left": 576,
        "top": 691,
        "width": 53,
        "height": 12
      },
      "confidence": 96
    },
    {
      "text": "POST",
      "x": 652,
      "y": 695,
      "bounds": {
        "left": 638,
        "top": 691,
        "width": 29,
        "height": 9
      },
      "confidence": 96
    },
    {
      "text": "https:",
      "x": 693,
      "y": 695,
      "bounds": {
        "left": 674,
        "top": 680,
        "width": 39,
        "height": 30
      },
      "confidence": 39
    },
    {
      "text": "//api.openai.com/vi/chat/completions",
      "x": 841,
      "y": 696,
      "bounds": {
        "left": 715,
        "top": 690,
        "width": 252,
        "height": 13
      },
      "confidence": 32
    },
    {
      "text": "\u201cHITP/1.1",
      "x": 1006,
      "y": 695,
      "bounds": {
        "left": 975,
        "top": 690,
        "width": 62,
        "height": 11
      },
      "confidence": 39
    },
    {
      "text": "200",
      "x": 1055,
      "y": 695,
      "bounds": {
        "left": 1044,
        "top": 691,
        "width": 22,
        "height": 9
      },
      "confidence": 90
    },
    {
      "text": "Ok\u201d",
      "x": 1082,
      "y": 695,
      "bounds": {
        "left": 1072,
        "top": 690,
        "width": 21,
        "height": 10
      },
      "confidence": 66
    },
    {
      "text": "[OPENAT]",
      "x": 316,
      "y": 713,
      "bounds": {
        "left": 290,
        "top": 707,
        "width": 53,
        "height": 13
      },
      "confidence": 65
    },
    {
      "text": "TOOL",
      "x": 365,
      "y": 712,
      "bounds": {
        "left": 351,
        "top": 708,
        "width": 28,
        "height": 9
      },
      "confidence": 92
    },
    {
      "text": "CALL:",
      "x": 402,
      "y": 712,
      "bounds": {
        "left": 386,
        "top": 708,
        "width": 33,
        "height": 9
      },
      "confidence": 95
    },
    {
      "text": "wait",
      "x": 442,
      "y": 712,
      "bounds": {
        "left": 428,
        "top": 707,
        "width": 28,
        "height": 10
      },
      "confidence": 96
    },
    {
      "text": "\u2018args:",
      "x": 304,
      "y": 731,
      "bounds": {
        "left": 288,
        "top": 725,
        "width": 33,
        "height": 12
      },
      "confidence": 42
    },
    {
      "text": "{\"seconds\":",
      "x": 367,
      "y": 730,
      "bounds": {
        "left": 330,
        "top": 724,
        "width": 75,
        "height": 13
      },
      "confidence": 41
    },
    {
      "text": "2}",
      "x": 421,
      "y": 730,
      "bounds": {
        "left": 414,
        "top": 724,
        "width": 14,
        "height": 13
      },
      "confidence": 93
    },
    {
      "text": "{\"waited\u2019",
      "x": 400,
      "y": 747,
      "bounds": {
        "left": 372,
        "top": 741,
        "width": 56,
        "height": 13
      },
      "confidence": 60
    },
    {
      "text": "}",
      "x": 474,
      "y": 747,
      "bounds": {
        "left": 471,
        "top": 741,
        "width": 6,
        "height": 13
      },
      "confidence": 36
    },
    {
      "text": "(2000ms)",
      "x": 512,
      "y": 747,
      "bounds": {
        "left": 485,
        "top": 741,
        "width": 54,
        "height": 13
      },
      "confidence": 35
    },
    {
      "text": "I:",
      "x": 1437,
      "y": 745,
      "bounds": {
        "left": 1431,
        "top": 735,
        "width": 13,
        "height": 20
      },
      "confidence": 62
    },
    {
      "text": "2026-02-14",
      "x": 288,
      "y": 763,
      "bounds": {
        "left": 253,
        "top": 759,
        "width": 71,
        "height": 9
      },
      "confidence": 67
    },
    {
      "text": "21:27:58,440",
      "x": 372,
      "y": 764,
      "bounds": {
        "left": 330,
        "top": 759,
        "width": 85,
        "height": 11
      },
      "confidence": 88
    },
    {
      "text": "-",
      "x": 425,
      "y": 764,
      "bounds": {
        "left": 422,
        "top": 764,
        "width": 6,
        "height": 1
      },
      "confidence": 54
    },
    {
      "text": "httpx",
      "x": 453,
      "y": 764,
      "bounds": {
        "left": 436,
        "top": 758,
        "width": 35,
        "height": 13
      },
      "confidence": 81
    },
    {
      "text": "-",
      "x": 481,
      "y": 764,
      "bounds": {
        "left": 478,
        "top": 764,
        "width": 6,
        "height": 1
      },
      "confidence": 89
    },
    {
      "text": "INFO",
      "x": 506,
      "y": 763,
      "bounds": {
        "left": 492,
        "top": 759,
        "width": 28,
        "height": 9
      },
      "confidence": 93
    },
    {
      "text": "-",
      "x": 530,
      "y": 764,
      "bounds": {
        "left": 527,
        "top": 764,
        "width": 6,
        "height": 1
      },
      "confidence": 70
    },
    {
      "text": "HTTP",
      "x": 554,
      "y": 763,
      "bounds": {
        "left": 540,
        "top": 759,
        "width": 29,
        "height": 9
      },
      "confidence": 90
    },
    {
      "text": "Request:",
      "x": 602,
      "y": 765,
      "bounds": {
        "left": 576,
        "top": 759,
        "width": 53,
        "height": 12
      },
      "confidence": 96
    },
    {
      "text": "POST",
      "x": 652,
      "y": 763,
      "bounds": {
        "left": 638,
        "top": 759,
        "width": 29,
        "height": 9
      },
      "confidence": 96
    },
    {
      "text": "https:",
      "x": 693,
      "y": 763,
      "bounds": {
        "left": 674,
        "top": 748,
        "width": 39,
        "height": 30
      },
      "confidence": 48
    },
    {
      "text": "//api-openai.com/vi/chat/completions",
      "x": 841,
      "y": 764,
      "bounds": {
        "left": 715,
        "top": 758,
        "width": 252,
        "height": 13
      },
      "confidence": 43
    },
    {
      "text": "\"HITP/1.1",
      "x": 1006,
      "y": 763,
      "bounds": {
        "left": 975,
        "top": 758,
        "width": 62,
        "height": 11
      },
      "confidence": 35
    },
    {
      "text": "200",
      "x": 1055,
      "y": 763,
      "bounds": {
        "left": 1044,
        "top": 759,
        "width": 22,
        "height": 9
      },
      "confidence": 92
    },
    {
      "text": "Ok\u201d",
      "x": 1082,
      "y": 763,
      "bounds": {
        "left": 1072,
        "top": 758,
        "width": 21,
        "height": 10
      },
      "confidence": 71
    },
    {
      "text": "[OPENAT]",
      "x": 316,
      "y": 781,
      "bounds": {
        "left": 290,
        "top": 775,
        "width": 53,
        "height": 13
      },
      "confidence": 48
    },
    {
      "text": "TOOL",
      "x": 365,
      "y": 780,
      "bounds": {
        "left": 351,
        "top": 776,
        "width": 28,
        "height": 9
      },
      "confidence": 95
    },
    {
      "text": "CALL:",
      "x": 402,
      "y": 780,
      "bounds": {
        "left": 386,
        "top": 776,
        "width": 33,
        "height": 9
      },
      "confidence": 93
    },
    {
      "text": "describe_screen",
      "x": 480,
      "y": 781,
      "bounds": {
        "left": 428,
        "top": 775,
        "width": 105,
        "height": 13
      },
      "confidence": 89
    },
    {
      "text": "\u2018Args:",
      "x": 304,
      "y": 799,
      "bounds": {
        "left": 288,
        "top": 793,
        "width": 33,
        "height": 12
      },
      "confidence": 70
    },
    {
      "text": "{\u201cquestion\u201d:",
      "x": 368,
      "y": 798,
      "bounds": {
        "left": 330,
        "top": 792,
        "width": 77,
        "height": 13
      },
      "confidence": 49
    },
    {
      "text": "\u201cIs",
      "x": 435,
      "y": 797,
      "bounds": {
        "left": 429,
        "top": 793,
        "width": 13,
        "height": 9
      },
      "confidence": 74
    },
    {
      "text": "Spotify",
      "x": 474,
      "y": 798,
      "bounds": {
        "left": 449,
        "top": 792,
        "width": 50,
        "height": 13
      },
      "confidence": 88
    },
    {
      "text": "open?",
      "x": 522,
      "y": 798,
      "bounds": {
        "left": 505,
        "top": 792,
        "width": 35,
        "height": 13
      },
      "confidence": 95
    },
    {
      "text": "what",
      "x": 561,
      "y": 797,
      "bounds": {
        "left": 547,
        "top": 792,
        "width": 28,
        "height": 10
      },
      "confidence": 78
    },
    {
      "text": "is",
      "x": 589,
      "y": 797,
      "bounds": {
        "left": 583,
        "top": 792,
        "width": 13,
        "height": 10
      },
      "confidence": 92
    },
    {
      "text": "visible",
      "x": 627,
      "y": 797,
      "bounds": {
        "left": 603,
        "top": 792,
        "width": 49,
        "height": 10
      },
      "confidence": 92
    },
    {
      "text": "controls)?\"}",
      "x": 827,
      "y": 798,
      "bounds": {
        "left": 785,
        "top": 792,
        "width": 84,
        "height": 13
      },
      "confidence": 73
    },
    {
      "text": "2026-02-14",
      "x": 288,
      "y": 814,
      "bounds": {
        "left": 253,
        "top": 810,
        "width": 71,
        "height": 9
      },
      "confidence": 69
    },
    {
      "text": "21:27:58,899",
      "x": 372,
      "y": 815,
      "bounds": {
        "left": 330,
        "top": 810,
        "width": 84,
        "height": 11
      },
      "confidence": 93
    },
    {
      "text": "-",
      "x": 425,
      "y": 815,
      "bounds": {
        "left": 422,
        "top": 815,
        "width": 6,
        "height": 1
      },
      "confidence": 61
    },
    {
      "text": "httpx",
      "x": 453,
      "y": 815,
      "bounds": {
        "left": 436,
        "top": 809,
        "width": 35,
        "height": 13
      },
      "confidence": 43
    },
    {
      "text": "-",
      "x": 481,
      "y": 815,
      "bounds": {
        "left": 478,
        "top": 815,
        "width": 6,
        "height": 1
      },
      "confidence": 90
    },
    {
      "text": "INFO",
      "x": 506,
      "y": 814,
      "bounds": {
        "left": 492,
        "top": 810,
        "width": 28,
        "height": 9
      },
      "confidence": 92
    },
    {
      "text": "-",
      "x": 530,
      "y": 815,
      "bounds": {
        "left": 527,
        "top": 815,
        "width": 6,
        "height": 1
      },
      "confidence": 87
    },
    {
      "text": "HTTP",
      "x": 554,
      "y": 814,
      "bounds": {
        "left": 540,
        "top": 810,
        "width": 29,
        "height": 9
      },
      "confidence": 90
    },
    {
      "text": "Request:",
      "x": 602,
      "y": 816,
      "bounds": {
        "left": 576,
        "top": 810,
        "width": 53,
        "height": 12
      },
      "confidence": 93
    },
    {
      "text": "POST",
      "x": 652,
      "y": 814,
      "bounds": {
        "left": 638,
        "top": 810,
        "width": 29,
        "height": 9
      },
      "confidence": 96
    },
    {
      "text": "https:",
      "x": 693,
      "y": 814,
      "bounds": {
        "left": 674,
        "top": 799,
        "width": 38,
        "height": 30
      },
      "confidence": 86
    },
    {
      "text": "//api",
      "x": 732,
      "y": 814,
      "bounds": {
        "left": 716,
        "top": 799,
        "width": 33,
        "height": 30
      },
      "confidence": 48
    },
    {
      "text": "AAFLELFHchgN3nfpQsrhfFAXvSmtNHnBGdU/getUpdates",
      "x": 1107,
      "y": 815,
      "bounds": {
        "left": 946,
        "top": 809,
        "width": 322,
        "height": 13
      },
      "confidence": 32
    },
    {
      "text": "\u201cHTTP/1.1",
      "x": 1307,
      "y": 814,
      "bounds": {
        "left": 1276,
        "top": 809,
        "width": 62,
        "height": 11
      },
      "confidence": 58
    },
    {
      "text": "200",
      "x": 1356,
      "y": 814,
      "bounds": {
        "left": 1345,
        "top": 810,
        "width": 22,
        "height": 9
      },
      "confidence": 64
    },
    {
      "text": "OK\"",
      "x": 1383,
      "y": 814,
      "bounds": {
        "left": 1373,
        "top": 809,
        "width": 21,
        "height": 10
      },
      "confidence": 36
    },
    {
      "text": "success:",
      "x": 335,
      "y": 831,
      "bounds": {
        "left": 307,
        "top": 824,
        "width": 56,
        "height": 14
      },
      "confidence": 49
    },
    {
      "text": "{\"image_captured\":",
      "x": 434,
      "y": 832,
      "bounds": {
        "left": 372,
        "top": 826,
        "width": 124,
        "height": 13
      },
      "confidence": 52
    },
    {
      "text": "\u201cTrue\u201d,",
      "x": 529,
      "y": 832,
      "bounds": {
        "left": 506,
        "top": 826,
        "width": 47,
        "height": 12
      },
      "confidence": 72
    },
    {
      "text": "\u201c[BASE64]\",",
      "x": 711,
      "y": 832,
      "bounds": {
        "left": 674,
        "top": 826,
        "width": 75,
        "height": 13
      },
      "confidence": 43
    },
    {
      "text": "\u201cdescription\u201d:",
      "x": 805,
      "y": 832,
      "bounds": {
        "left": 758,
        "top": 826,
        "width": 95,
        "height": 13
      },
      "confidence": 74
    },
    {
      "text": "\u201cScreenshot",
      "x": 901,
      "y": 831,
      "bounds": {
        "left": 863,
        "top": 826,
        "width": 76,
        "height": 10
      },
      "confidence": 89
    },
    {
      "text": "captured",
      "x": 974,
      "y": 832,
      "bounds": {
        "left": 946,
        "top": 826,
        "width": 56,
        "height": 13
      },
      "confidence": 93
    },
    {
      "text": "successfully.",
      "x": 1054,
      "y": 832,
      "bounds": {
        "left": 1010,
        "top": 826,
        "width": 88,
        "height": 13
      },
      "confidence": 92
    },
    {
      "text": "Looking",
      "x": 1132,
      "y": 832,
      "bounds": {
        "left": 1108,
        "top": 826,
        "width": 49,
        "height": 13
      },
      "confidence": 93
    },
    {
      "text": "at",
      "x": 1170,
      "y": 831,
      "bounds": {
        "left": 1163,
        "top": 827,
        "width": 14,
        "height": 9
      },
      "confidence": 95
    },
    {
      "text": "the",
      "x": 1194,
      "y": 831,
      "bounds": {
        "left": 1184,
        "top": 826,
        "width": 21,
        "height": 10
      },
      "confidence": 95
    },
    {
      "text": "screen",
      "x": 1233,
      "y": 832,
      "bounds": {
        "left": 1213,
        "top": 829,
        "width": 41,
        "height": 7
      },
      "confidence": 92
    },
    {
      "text": "now.\u201d,",
      "x": 1279,
      "y": 831,
      "bounds": {
        "left": 1262,
        "top": 826,
        "width": 34,
        "height": 10
      },
      "confidence": 66
    },
    {
      "text": "\u201cquestion\u201d:",
      "x": 1348,
      "y": 832,
      "bounds": {
        "left": 1311,
        "top": 826,
        "width": 74,
        "height": 13
      },
      "confidence": 84
    },
    {
      "text": "\u201cIs",
      "x": 1405,
      "y": 831,
      "bounds": {
        "left": 1395,
        "top": 826,
        "width": 20,
        "height": 10
      },
      "confidence": 90
    },
    {
      "text": "S",
      "x": 1425,
      "y": 831,
      "bounds": {
        "left": 1422,
        "top": 827,
        "width": 7,
        "height": 9
      },
      "confidence": 51
    },
    {
      "text": "potify",
      "x": 275,
      "y": 849,
      "bounds": {
        "left": 254,
        "top": 843,
        "width": 42,
        "height": 13
      },
      "confidence": 91
    },
    {
      "text": "open?",
      "x": 319,
      "y": 849,
      "bounds": {
        "left": 302,
        "top": 843,
        "width": 35,
        "height": 13
      },
      "confidence": 96
    },
    {
      "text": "what",
      "x": 358,
      "y": 848,
      "bounds": {
        "left": 344,
        "top": 843,
        "width": 28,
        "height": 10
      },
      "confidence": 88
    },
    {
      "text": "is",
      "x": 386,
      "y": 848,
      "bounds": {
        "left": 380,
        "top": 843,
        "width": 13,
        "height": 10
      },
      "confidence": 95
    },
    {
      "text": "visible",
      "x": 424,
      "y": 848,
      "bounds": {
        "left": 400,
        "top": 843,
        "width": 49,
        "height": 10
      },
      "confidence": 93
    },
    {
      "text": "(home/search/play",
      "x": 516,
      "y": 849,
      "bounds": {
        "left": 457,
        "top": 843,
        "width": 119,
        "height": 13
      },
      "confidence": 78
    },
    {
      "text": "controls)?\"}",
      "x": 624,
      "y": 849,
      "bounds": {
        "left": 582,
        "top": 843,
        "width": 84,
        "height": 13
      },
      "confidence": 86
    },
    {
      "text": "(192ms)",
      "x": 697,
      "y": 849,
      "bounds": {
        "left": 674,
        "top": 843,
        "width": 47,
        "height": 13
      },
      "confidence": 85
    },
    {
      "text": "2026-02-14",
      "x": 288,
      "y": 865,
      "bounds": {
        "left": 253,
        "top": 861,
        "width": 71,
        "height": 9
      },
      "confidence": 51
    },
    {
      "text": "21:28:03,039",
      "x": 372,
      "y": 866,
      "bounds": {
        "left": 330,
        "top": 861,
        "width": 84,
        "height": 11
      },
      "confidence": 70
    },
    {
      "text": "-",
      "x": 425,
      "y": 866,
      "bounds": {
        "left": 422,
        "top": 866,
        "width": 6,
        "height": 1
      },
      "confidence": 69
    },
    {
      "text": "httpx",
      "x": 453,
      "y": 866,
      "bounds": {
        "left": 436,
        "top": 860,
        "width": 35,
        "height": 13
      },
      "confidence": 87
    },
    {
      "text": "-",
      "x": 481,
      "y": 866,
      "bounds": {
        "left": 478,
        "top": 866,
        "width": 6,
        "height": 1
      },
      "confidence": 91
    },
    {
      "text": "INFO",
      "x": 506,
      "y": 865,
      "bounds": {
        "left": 492,
        "top": 861,
        "width": 28,
        "height": 9
      },
      "confidence": 92
    },
    {
      "text": "-",
      "x": 530,
      "y": 866,
      "bounds": {
        "left": 527,
        "top": 866,
        "width": 6,
        "height": 1
      },
      "confidence": 85
    },
    {
      "text": "HTTP",
      "x": 554,
      "y": 865,
      "bounds": {
        "left": 540,
        "top": 861,
        "width": 29,
        "height": 9
      },
      "confidence": 92
    },
    {
      "text": "Request:",
      "x": 602,
      "y": 867,
      "bounds": {
        "left": 576,
        "top": 861,
        "width": 53,
        "height": 12
      },
      "confidence": 96
    },
    {
      "text": "POST",
      "x": 652,
      "y": 865,
      "bounds": {
        "left": 638,
        "top": 861,
        "width": 29,
        "height": 9
      },
      "confidence": 95
    },
    {
      "text": "https:",
      "x": 693,
      "y": 865,
      "bounds": {
        "left": 674,
        "top": 850,
        "width": 39,
        "height": 30
      },
      "confidence": 46
    },
    {
      "text": "//api.openai.com/vi/chat/completions",
      "x": 841,
      "y": 866,
      "bounds": {
        "left": 715,
        "top": 860,
        "width": 252,
        "height": 13
      },
      "confidence": 32
    },
    {
      "text": "\u201cHITP/1.1",
      "x": 1006,
      "y": 865,
      "bounds": {
        "left": 975,
        "top": 860,
        "width": 62,
        "height": 11
      },
      "confidence": 31
    },
    {
      "text": "200",
      "x": 1055,
      "y": 865,
      "bounds": {
        "left": 1044,
        "top": 861,
        "width": 22,
        "height": 9
      },
      "confidence": 85
    },
    {
      "text": "Ok\u201d",
      "x": 1082,
      "y": 865,
      "bounds": {
        "left": 1072,
        "top": 860,
        "width": 21,
        "height": 10
      },
      "confidence": 74
    },
    {
      "text": "[OPENAT]",
      "x": 316,
      "y": 883,
      "bounds": {
        "left": 290,
        "top": 877,
        "width": 53,
        "height": 13
      },
      "confidence": 59
    },
    {
      "text": "TOOL",
      "x": 365,
      "y": 882,
      "bounds": {
        "left": 351,
        "top": 878,
        "width": 28,
        "height": 9
      },
      "confidence": 96
    },
    {
      "text": "CALL:",
      "x": 402,
      "y": 882,
      "bounds": {
        "left": 386,
        "top": 878,
        "width": 33,
        "height": 9
      },
      "confidence": 93
    },
    {
      "text": "ocr_screen",
      "x": 463,
      "y": 885,
      "bounds": {
        "left": 428,
        "top": 880,
        "width": 70,
        "height": 10
      },
      "confidence": 75
    },
    {
      "text": "Args:",
      "x": 304,
      "y": 901,
      "bounds": {
        "left": 288,
        "top": 895,
        "width": 33,
        "height": 12
      },
      "confidence": 88
    },
    {
      "text": "{}",
      "x": 337,
      "y": 900,
      "bounds": {
        "left": 330,
        "top": 894,
        "width": 14,
        "height": 13
      },
      "confidence": 80
    },
    {
      "text": "2026-02-14",
      "x": 288,
      "y": 916,
      "bounds": {
        "left": 253,
        "top": 912,
        "width": 71,
        "height": 9
      },
      "confidence": 68
    },
    {
      "text": "21:28:08,991",
      "x": 372,
      "y": 917,
      "bounds": {
        "left": 330,
        "top": 912,
        "width": 84,
        "height": 11
      },
      "confidence": 73
    },
    {
      "text": "-",
      "x": 425,
      "y": 917,
      "bounds": {
        "left": 422,
        "top": 917,
        "width": 6,
        "height": 1
      },
      "confidence": 64
    },
    {
      "text": "httpx",
      "x": 453,
      "y": 917,
      "bounds": {
        "left": 436,
        "top": 911,
        "width": 35,
        "height": 13
      },
      "confidence": 82
    },
    {
      "text": "-",
      "x": 481,
      "y": 917,
      "bounds": {
        "left": 478,
        "top": 917,
        "width": 6,
        "height": 1
      },
      "confidence": 91
    },
    {
      "text": "INFO",
      "x": 506,
      "y": 916,
      "bounds": {
        "left": 492,
        "top": 912,
        "width": 28,
        "height": 9
      },
      "confidence": 93
    },
    {
      "text": "-",
      "x": 530,
      "y": 917,
      "bounds": {
        "left": 527,
        "top": 917,
        "width": 6,
        "height": 1
      },
      "confidence": 78
    },
    {
      "text": "HTTP",
      "x": 554,
      "y": 916,
      "bounds": {
        "left": 540,
        "top": 912,
        "width": 29,
        "height": 9
      },
      "confidence": 91
    },
    {
      "text": "Request:",
      "x": 602,
      "y": 918,
      "bounds": {
        "left": 576,
        "top": 912,
        "width": 53,
        "height": 12
      },
      "confidence": 96
    },
    {
      "text": "POST",
      "x": 652,
      "y": 916,
      "bounds": {
        "left": 638,
        "top": 912,
        "width": 29,
        "height": 9
      },
      "confidence": 92
    },
    {
      "text": "https:",
      "x": 693,
      "y": 916,
      "bounds": {
        "left": 674,
        "top": 901,
        "width": 38,
        "height": 30
      },
      "confidence": 87
    },
    {
      "text": "//api",
      "x": 732,
      "y": 916,
      "bounds": {
        "left": 716,
        "top": 901,
        "width": 33,
        "height": 30
      },
      "confidence": 57
    },
    {
      "text": "\u201cHTTP/1.1",
      "x": 1307,
      "y": 916,
      "bounds": {
        "left": 1276,
        "top": 911,
        "width": 62,
        "height": 11
      },
      "confidence": 57
    },
    {
      "text": "200",
      "x": 1356,
      "y": 916,
      "bounds": {
        "left": 1345,
        "top": 912,
        "width": 22,
        "height": 9
      },
      "confidence": 68
    },
    {
      "text": "OK\"",
      "x": 1383,
      "y": 916,
      "bounds": {
        "left": 1373,
        "top": 911,
        "width": 21,
        "height": 10
      },
      "confidence": 38
    },
    {
      "text": "'A\u2019,",
      "x": 555,
      "y": 934,
      "bounds": {
        "left": 543,
        "top": 928,
        "width": 24,
        "height": 12
      },
      "confidence": 34
    },
    {
      "text": "18,",
      "x": 620,
      "y": 934,
      "bounds": {
        "left": 610,
        "top": 929,
        "width": 20,
        "height": 11
      },
      "confidence": 92
    },
    {
      "text": "\u2018y':",
      "x": 652,
      "y": 934,
      "bounds": {
        "left": 641,
        "top": 928,
        "width": 23,
        "height": 13
      },
      "confidence": 38
    },
    {
      "text": "17,",
      "x": 683,
      "y": 934,
      "bounds": {
        "left": 673,
        "top": 929,
        "width": 20,
        "height": 11
      },
      "confidence": 93
    },
    {
      "text": "\"bounds\u2019:",
      "x": 733,
      "y": 933,
      "bounds": {
        "left": 704,
        "top": 928,
        "width": 58,
        "height": 10
      },
      "confidence": 51
    },
    {
      "text": "13,",
      "x": 844,
      "y": 934,
      "bounds": {
        "left": 834,
        "top": 929,
        "width": 20,
        "height": 11
      },
      "confidence": 95
    },
    {
      "text": "\u2018top\u2019:",
      "x": 883,
      "y": 934,
      "bounds": {
        "left": 865,
        "top": 928,
        "width": 37,
        "height": 13
      },
      "confidence": 69
    },
    {
      "text": "12,",
      "x": 921,
      "y": 934,
      "bounds": {
        "left": 911,
        "top": 929,
        "width": 20,
        "height": 11
      },
      "confidence": 93
    },
    {
      "text": "\u2018width\":",
      "x": 967,
      "y": 933,
      "bounds": {
        "left": 942,
        "top": 928,
        "width": 51,
        "height": 10
      },
      "confidence": 58
    },
    {
      "text": "10,",
      "x": 1012,
      "y": 934,
      "bounds": {
        "left": 1002,
        "top": 929,
        "width": 20,
        "height": 11
      },
      "confidence": 88
    },
    {
      "text": "\u2018height\u2019:",
      "x": 1056,
      "y": 934,
      "bounds": {
        "left": 1033,
        "top": 928,
        "width": 46,
        "height": 13
      },
      "confidence": 80
    },
    {
      "text": "10},",
      "x": 1113,
      "y": 934,
      "bounds": {
        "left": 1100,
        "top": 928,
        "width": 27,
        "height": 13
      },
      "confidence": 90
    },
    {
      "text": "\u2018conf...",
      "x": 1163,
      "y": 933,
      "bounds": {
        "left": 1138,
        "top": 928,
        "width": 51,
        "height": 10
      },
      "confidence": 93
    },
    {
      "text": "[74919",
      "x": 1220,
      "y": 934,
      "bounds": {
        "left": 1200,
        "top": 928,
        "width": 40,
        "height": 13
      },
      "confidence": 93
    },
    {
      "text": "chars]\",",
      "x": 1274,
      "y": 934,
      "bounds": {
        "left": 1247,
        "top": 928,
        "width": 55,
        "height": 13
      },
      "confidence": 82
    },
    {
      "text": "\u201cunfiltered",
      "x": 1349,
      "y": 933,
      "bounds": {
        "left": 1312,
        "top": 918,
        "width": 75,
        "height": 30
      },
      "confidence": 84
    },
    {
      "text": "text\u201d",
      "x": 1411,
      "y": 933,
      "bounds": {
        "left": 1394,
        "top": 918,
        "width": 35,
        "height": 30
      },
      "confidence": 72
    },
    {
      "text": ":",
      "x": 256,
      "y": 951,
      "bounds": {
        "left": 255,
        "top": 948,
        "width": 3,
        "height": 7
      },
      "confidence": 51
    },
    {
      "text": "\"A",
      "x": 275,
      "y": 950,
      "bounds": {
        "left": 268,
        "top": 945,
        "width": 14,
        "height": 10
      },
      "confidence": 79
    },
    {
      "text": "File",
      "x": 302,
      "y": 950,
      "bounds": {
        "left": 289,
        "top": 945,
        "width": 27,
        "height": 10
      },
      "confidence": 95
    },
    {
      "text": "Edit",
      "x": 337,
      "y": 950,
      "bounds": {
        "left": 324,
        "top": 945,
        "width": 27,
        "height": 10
      },
      "confidence": 96
    },
    {
      "text": "Selection",
      "x": 389,
      "y": 950,
      "bounds": {
        "left": 358,
        "top": 945,
        "width": 63,
        "height": 10
      },
      "confidence": 94
    },
    {
      "text": "View",
      "x": 442,
      "y": 950,
      "bounds": {
        "left": 428,
        "top": 945,
        "width": 29,
        "height": 10
      },
      "confidence": 94
    },
    {
      "text": "Go",
      "x": 470,
      "y": 950,
      "bounds": {
        "left": 463,
        "top": 946,
        "width": 15,
        "height": 9
      },
      "confidence": 94
    },
    {
      "text": "Run",
      "x": 495,
      "y": 950,
      "bounds": {
        "left": 485,
        "top": 946,
        "width": 20,
        "height": 9
      },
      "confidence": 95
    },
    {
      "text": "Terminal",
      "x": 540,
      "y": 950,
      "bounds": {
        "left": 512,
        "top": 945,
        "width": 56,
        "height": 10
      },
      "confidence": 95
    },
    {
      "text": "Help",
      "x": 589,
      "y": 951,
      "bounds": {
        "left": 575,
        "top": 945,
        "width": 29,
        "height": 13
      },
      "confidence": 93
    },
    {
      "text": "powerful-project-collection",
      "x": 705,
      "y": 951,
      "bounds": {
        "left": 611,
        "top": 945,
        "width": 188,
        "height": 13
      },
      "confidence": 62
    },
    {
      "text": "-",
      "x": 810,
      "y": 951,
      "bounds": {
        "left": 807,
        "top": 951,
        "width": 6,
        "height": 1
      },
      "confidence": 90
    },
    {
      "text": "antigravity",
      "x": 859,
      "y": 951,
      "bounds": {
        "left": 820,
        "top": 945,
        "width": 78,
        "height": 13
      },
      "confidence": 75
    },
    {
      "text": "-",
      "x": 908,
      "y": 951,
      "bounds": {
        "left": 905,
        "top": 951,
        "width": 6,
        "height": 1
      },
      "confidence": 92
    },
    {
      "text": "system",
      "x": 947,
      "y": 952,
      "bounds": {
        "left": 919,
        "top": 946,
        "width": 56,
        "height": 12
      },
      "confidence": 67
    },
    {
      "text": "p...",
      "x": 981,
      "y": 950,
      "bounds": {
        "left": 966,
        "top": 935,
        "width": 30,
        "height": 30
      },
      "confidence": 67
    },
    {
      "text": "[5147",
      "x": 1020,
      "y": 951,
      "bounds": {
        "left": 1004,
        "top": 945,
        "width": 33,
        "height": 13
      },
      "confidence": 85
    },
    {
      "text": "chars]\",",
      "x": 1071,
      "y": 951,
      "bounds": {
        "left": 1044,
        "top": 945,
        "width": 55,
        "height": 13
      },
      "confidence": 83
    },
    {
      "text": "\u201cplain",
      "x": 1128,
      "y": 950,
      "bounds": {
        "left": 1108,
        "top": 935,
        "width": 41,
        "height": 30
      },
      "confidence": 58
    },
    {
      "text": "text\u201d:",
      "x": 1176,
      "y": 954,
      "bounds": {
        "left": 1156,
        "top": 953,
        "width": 40,
        "height": 2
      },
      "confidence": 58
    },
    {
      "text": "\"A",
      "x": 1213,
      "y": 950,
      "bounds": {
        "left": 1206,
        "top": 945,
        "width": 14,
        "height": 10
      },
      "confidence": 82
    },
    {
      "text": "File",
      "x": 1240,
      "y": 950,
      "bounds": {
        "left": 1227,
        "top": 945,
        "width": 27,
        "height": 10
      },
      "confidence": 94
    },
    {
      "text": "Edit",
      "x": 1275,
      "y": 950,
      "bounds": {
        "left": 1262,
        "top": 945,
        "width": 27,
        "height": 10
      },
      "confidence": 96
    },
    {
      "text": "Selection",
      "x": 1327,
      "y": 950,
      "bounds": {
        "left": 1296,
        "top": 945,
        "width": 63,
        "height": 10
      },
      "confidence": 96
    },
    {
      "text": "View",
      "x": 1380,
      "y": 950,
      "bounds": {
        "left": 1366,
        "top": 945,
        "width": 29,
        "height": 10
      },
      "confidence": 94
    },
    {
      "text": "Go",
      "x": 1408,
      "y": 950,
      "bounds": {
        "left": 1401,
        "top": 946,
        "width": 15,
        "height": 9
      },
      "confidence": 92
    },
    {
      "text": "R",
      "x": 1426,
      "y": 950,
      "bounds": {
        "left": 1423,
        "top": 946,
        "width": 6,
        "height": 9
      },
      "confidence": 91
    },
    {
      "text": "un",
      "x": 260,
      "y": 968,
      "bounds": {
        "left": 254,
        "top": 965,
        "width": 13,
        "height": 7
      },
      "confidence": 92
    },
    {
      "text": "Terminal",
      "x": 302,
      "y": 967,
      "bounds": {
        "left": 274,
        "top": 962,
        "width": 56,
        "height": 10
      },
      "confidence": 94
    },
    {
      "text": "Help",
      "x": 351,
      "y": 968,
      "bounds": {
        "left": 337,
        "top": 962,
        "width": 29,
        "height": 13
      },
      "confidence": 93
    },
    {
      "text": "powerful-project-collection",
      "x": 467,
      "y": 968,
      "bounds": {
        "left": 373,
        "top": 962,
        "width": 188,
        "height": 13
      },
      "confidence": 75
    },
    {
      "text": "-",
      "x": 572,
      "y": 968,
      "bounds": {
        "left": 569,
        "top": 968,
        "width": 6,
        "height": 1
      },
      "confidence": 90
    },
    {
      "text": "Antigravity",
      "x": 621,
      "y": 968,
      "bounds": {
        "left": 582,
        "top": 962,
        "width": 78,
        "height": 13
      },
      "confidence": 91
    },
    {
      "text": "-",
      "x": 670,
      "y": 968,
      "bounds": {
        "left": 667,
        "top": 968,
        "width": 6,
        "height": 1
      },
      "confidence": 90
    },
    {
      "text": "[5147",
      "x": 782,
      "y": 968,
      "bounds": {
        "left": 766,
        "top": 962,
        "width": 33,
        "height": 13
      },
      "confidence": 93
    },
    {
      "text": "chars]\",",
      "x": 833,
      "y": 968,
      "bounds": {
        "left": 806,
        "top": 962,
        "width": 55,
        "height": 13
      },
      "confidence": 37
    },
    {
      "text": "\u201ctotal_elements\":",
      "x": 922,
      "y": 968,
      "bounds": {
        "left": 870,
        "top": 962,
        "width": 104,
        "height": 13
      },
      "confidence": 75
    },
    {
      "text": "\"615\"}",
      "x": 1016,
      "y": 968,
      "bounds": {
        "left": 996,
        "top": 962,
        "width": 41,
        "height": 13
      },
      "confidence": 82
    },
    {
      "text": "(6873ms)",
      "x": 1072,
      "y": 968,
      "bounds": {
        "left": 1045,
        "top": 962,
        "width": 54,
        "height": 13
      },
      "confidence": 66
    },
    {
      "text": "Problems",
      "x": 279,
      "y": 511,
      "bounds": {
        "left": 254,
        "top": 507,
        "width": 50,
        "height": 9
      },
      "confidence": 95
    },
    {
      "text": "Output",
      "x": 347,
      "y": 513,
      "bounds": {
        "left": 328,
        "top": 507,
        "width": 39,
        "height": 12
      },
      "confidence": 57
    },
    {
      "text": "Terminal",
      "x": 521,
      "y": 511,
      "bounds": {
        "left": 498,
        "top": 507,
        "width": 46,
        "height": 9
      },
      "confidence": 44
    },
    {
      "text": "Ports",
      "x": 583,
      "y": 511,
      "bounds": {
        "left": 570,
        "top": 507,
        "width": 27,
        "height": 9
      },
      "confidence": 51
    },
    {
      "text": ">",
      "x": 52,
      "y": 978,
      "bounds": {
        "left": 49,
        "top": 973,
        "width": 6,
        "height": 10
      },
      "confidence": 95
    },
    {
      "text": "Outline",
      "x": 82,
      "y": 978,
      "bounds": {
        "left": 62,
        "top": 974,
        "width": 40,
        "height": 9
      },
      "confidence": 75
    },
    {
      "text": "2026-02-14",
      "x": 288,
      "y": 984,
      "bounds": {
        "left": 253,
        "top": 980,
        "width": 71,
        "height": 9
      },
      "confidence": 67
    },
    {
      "text": "21:28:16,852",
      "x": 372,
      "y": 985,
      "bounds": {
        "left": 330,
        "top": 980,
        "width": 84,
        "height": 11
      },
      "confidence": 93
    },
    {
      "text": "-",
      "x": 425,
      "y": 985,
      "bounds": {
        "left": 422,
        "top": 985,
        "width": 6,
        "height": 1
      },
      "confidence": 89
    },
    {
      "text": "httpx",
      "x": 453,
      "y": 985,
      "bounds": {
        "left": 436,
        "top": 979,
        "width": 35,
        "height": 13
      },
      "confidence": 89
    },
    {
      "text": "-",
      "x": 481,
      "y": 985,
      "bounds": {
        "left": 478,
        "top": 985,
        "width": 6,
        "height": 1
      },
      "confidence": 91
    },
    {
      "text": "INFO",
      "x": 506,
      "y": 984,
      "bounds": {
        "left": 492,
        "top": 980,
        "width": 28,
        "height": 9
      },
      "confidence": 93
    },
    {
      "text": "-",
      "x": 530,
      "y": 985,
      "bounds": {
        "left": 527,
        "top": 985,
        "width": 6,
        "height": 1
      },
      "confidence": 90
    },
    {
      "text": "HTTP",
      "x": 554,
      "y": 984,
      "bounds": {
        "left": 540,
        "top": 980,
        "width": 29,
        "height": 9
      },
      "confidence": 92
    },
    {
      "text": "Request:",
      "x": 602,
      "y": 986,
      "bounds": {
        "left": 576,
        "top": 980,
        "width": 53,
        "height": 12
      },
      "confidence": 96
    },
    {
      "text": "POST",
      "x": 652,
      "y": 984,
      "bounds": {
        "left": 638,
        "top": 980,
        "width": 29,
        "height": 9
      },
      "confidence": 93
    },
    {
      "text": "https://api-openai.com/v1/chat/completions",
      "x": 820,
      "y": 985,
      "bounds": {
        "left": 674,
        "top": 979,
        "width": 293,
        "height": 13
      },
      "confidence": 35
    },
    {
      "text": "\u201cHITP/1.1",
      "x": 1006,
      "y": 984,
      "bounds": {
        "left": 975,
        "top": 979,
        "width": 62,
        "height": 11
      },
      "confidence": 40
    },
    {
      "text": "200",
      "x": 1055,
      "y": 984,
      "bounds": {
        "left": 1044,
        "top": 980,
        "width": 22,
        "height": 9
      },
      "confidence": 73
    },
    {
      "text": "Ok\u201d",
      "x": 1082,
      "y": 984,
      "bounds": {
        "left": 1072,
        "top": 979,
        "width": 21,
        "height": 10
      },
      "confidence": 73
    },
    {
      "text": ">",
      "x": 52,
      "y": 1000,
      "bounds": {
        "left": 49,
        "top": 995,
        "width": 6,
        "height": 10
      },
      "confidence": 94
    },
    {
      "text": "Timeline",
      "x": 85,
      "y": 1000,
      "bounds": {
        "left": 62,
        "top": 996,
        "width": 46,
        "height": 9
      },
      "confidence": 77
    },
    {
      "text": "0",
      "x": 256,
      "y": 1001,
      "bounds": {
        "left": 253,
        "top": 993,
        "width": 7,
        "height": 17
      },
      "confidence": 64
    },
    {
      "text": "El",
      "x": 55,
      "y": 1022,
      "bounds": {
        "left": 49,
        "top": 1015,
        "width": 12,
        "height": 14
      },
      "confidence": 36
    },
    {
      "text": "powerful-project-collection",
      "x": 138,
      "y": 1023,
      "bounds": {
        "left": 67,
        "top": 1017,
        "width": 143,
        "height": 12
      },
      "confidence": 69
    },
    {
      "text": "main\"",
      "x": 236,
      "y": 1021,
      "bounds": {
        "left": 221,
        "top": 1017,
        "width": 30,
        "height": 9
      },
      "confidence": 53
    },
    {
      "text": "@oAo",
      "x": 317,
      "y": 1021,
      "bounds": {
        "left": 290,
        "top": 1014,
        "width": 54,
        "height": 14
      },
      "confidence": 62
    },
    {
      "text": "Ln",
      "x": 1385,
      "y": 1021,
      "bounds": {
        "left": 1380,
        "top": 1017,
        "width": 11,
        "height": 9
      },
      "confidence": 45
    },
    {
      "text": "18,Col3",
      "x": 1418,
      "y": 1022,
      "bounds": {
        "left": 1396,
        "top": 1017,
        "width": 45,
        "height": 11
      },
      "confidence": 45
    },
    {
      "text": "Q",
      "x": 76,
      "y": 1056,
      "bounds": {
        "left": 69,
        "top": 1049,
        "width": 14,
        "height": 15
      },
      "confidence": 86
    },
    {
      "text": "Search",
      "x": 115,
      "y": 1056,
      "bounds": {
        "left": 95,
        "top": 1051,
        "width": 40,
        "height": 10
      },
      "confidence": 95
    },
    {
      "text": "Tradio",
      "x": 1551,
      "y": 51,
      "bounds": {
        "left": 1537,
        "top": 37,
        "width": 28,
        "height": 29
      },
      "confidence": 86
    },
    {
      "text": "Al",
      "x": 1575,
      "y": 51,
      "bounds": {
        "left": 1571,
        "top": 37,
        "width": 8,
        "height": 29
      },
      "confidence": 93
    },
    {
      "text": "Prompt",
      "x": 1602,
      "y": 51,
      "bounds": {
        "left": 1586,
        "top": 37,
        "width": 32,
        "height": 29
      },
      "confidence": 75
    },
    {
      "text": "Enhancement",
      "x": 1657,
      "y": 51,
      "bounds": {
        "left": 1624,
        "top": 37,
        "width": 67,
        "height": 29
      },
      "confidence": 96
    },
    {
      "text": "x",
      "x": 1892,
      "y": 53,
      "bounds": {
        "left": 1888,
        "top": 49,
        "width": 8,
        "height": 8
      },
      "confidence": 70
    },
    {
      "text": "Feed\".",
      "x": 1586,
      "y": 86,
      "bounds": {
        "left": 1569,
        "top": 81,
        "width": 35,
        "height": 10
      },
      "confidence": 71
    },
    {
      "text": "\u2018\u00a9",
      "x": 1549,
      "y": 108,
      "bounds": {
        "left": 1547,
        "top": 106,
        "width": 5,
        "height": 5
      },
      "confidence": 51
    },
    {
      "text": "Agent",
      "x": 1584,
      "y": 108,
      "bounds": {
        "left": 1564,
        "top": 94,
        "width": 40,
        "height": 29
      },
      "confidence": 51
    },
    {
      "text": "Awareness:",
      "x": 1643,
      "y": 108,
      "bounds": {
        "left": 1610,
        "top": 94,
        "width": 66,
        "height": 29
      },
      "confidence": 89
    },
    {
      "text": "When",
      "x": 1693,
      "y": 108,
      "bounds": {
        "left": 1677,
        "top": 103,
        "width": 33,
        "height": 10
      },
      "confidence": 95
    },
    {
      "text": "you",
      "x": 1724,
      "y": 111,
      "bounds": {
        "left": 1714,
        "top": 106,
        "width": 21,
        "height": 10
      },
      "confidence": 96
    },
    {
      "text": "start",
      "x": 1756,
      "y": 108,
      "bounds": {
        "left": 1739,
        "top": 104,
        "width": 35,
        "height": 9
      },
      "confidence": 95
    },
    {
      "text": "a",
      "x": 1770,
      "y": 108,
      "bounds": {
        "left": 1767,
        "top": 94,
        "width": 6,
        "height": 29
      },
      "confidence": 96
    },
    {
      "text": "chat,",
      "x": 1791,
      "y": 109,
      "bounds": {
        "left": 1778,
        "top": 103,
        "width": 27,
        "height": 12
      },
      "confidence": 96
    },
    {
      "text": "the",
      "x": 1817,
      "y": 108,
      "bounds": {
        "left": 1808,
        "top": 94,
        "width": 18,
        "height": 29
      },
      "confidence": 96
    },
    {
      "text": "first",
      "x": 1842,
      "y": 108,
      "bounds": {
        "left": 1831,
        "top": 94,
        "width": 22,
        "height": 29
      },
      "confidence": 96
    },
    {
      "text": "thing",
      "x": 1871,
      "y": 109,
      "bounds": {
        "left": 1856,
        "top": 103,
        "width": 30,
        "height": 13
      },
      "confidence": 96
    },
    {
      "text": "the",
      "x": 1575,
      "y": 131,
      "bounds": {
        "left": 1564,
        "top": 117,
        "width": 22,
        "height": 29
      },
      "confidence": 72
    },
    {
      "text": "agent",
      "x": 1607,
      "y": 131,
      "bounds": {
        "left": 1593,
        "top": 117,
        "width": 29,
        "height": 29
      },
      "confidence": 96
    },
    {
      "text": "does",
      "x": 1640,
      "y": 131,
      "bounds": {
        "left": 1629,
        "top": 117,
        "width": 22,
        "height": 29
      },
      "confidence": 96
    },
    {
      "text": "is",
      "x": 1662,
      "y": 131,
      "bounds": {
        "left": 1658,
        "top": 117,
        "width": 9,
        "height": 29
      },
      "confidence": 96
    },
    {
      "text": "\u201cRead",
      "x": 1687,
      "y": 131,
      "bounds": {
        "left": 1672,
        "top": 117,
        "width": 30,
        "height": 29
      },
      "confidence": 84
    },
    {
      "text": "the",
      "x": 1715,
      "y": 131,
      "bounds": {
        "left": 1706,
        "top": 117,
        "width": 18,
        "height": 29
      },
      "confidence": 96
    },
    {
      "text": "Sentinel",
      "x": 1753,
      "y": 131,
      "bounds": {
        "left": 1730,
        "top": 117,
        "width": 47,
        "height": 29
      },
      "confidence": 95
    },
    {
      "text": "Feed\"",
      "x": 1814,
      "y": 131,
      "bounds": {
        "left": 1780,
        "top": 126,
        "width": 68,
        "height": 10
      },
      "confidence": 79
    },
    {
      "text": "so",
      "x": 1821,
      "y": 131,
      "bounds": {
        "left": 1817,
        "top": 117,
        "width": 8,
        "height": 29
      },
      "confidence": 88
    },
    {
      "text": "it's",
      "x": 1838,
      "y": 131,
      "bounds": {
        "left": 1829,
        "top": 126,
        "width": 19,
        "height": 10
      },
      "confidence": 95
    },
    {
      "text": "immediately",
      "x": 1604,
      "y": 154,
      "bounds": {
        "left": 1569,
        "top": 148,
        "width": 71,
        "height": 13
      },
      "confidence": 95
    },
    {
      "text": "caught",
      "x": 1662,
      "y": 154,
      "bounds": {
        "left": 1643,
        "top": 148,
        "width": 39,
        "height": 13
      },
      "confidence": 95
    },
    {
      "text": "up",
      "x": 1693,
      "y": 156,
      "bounds": {
        "left": 1686,
        "top": 151,
        "width": 14,
        "height": 10
      },
      "confidence": 96
    },
    {
      "text": "on",
      "x": 1711,
      "y": 154,
      "bounds": {
        "left": 1704,
        "top": 151,
        "width": 15,
        "height": 7
      },
      "confidence": 93
    },
    {
      "text": "what",
      "x": 1736,
      "y": 153,
      "bounds": {
        "left": 1722,
        "top": 148,
        "width": 29,
        "height": 10
      },
      "confidence": 95
    },
    {
      "text": "it",
      "x": 1758,
      "y": 153,
      "bounds": {
        "left": 1754,
        "top": 148,
        "width": 8,
        "height": 10
      },
      "confidence": 96
    },
    {
      "text": "missed.",
      "x": 1786,
      "y": 153,
      "bounds": {
        "left": 1765,
        "top": 148,
        "width": 42,
        "height": 10
      },
      "confidence": 86
    },
    {
      "text": "4.",
      "x": 1547,
      "y": 190,
      "bounds": {
        "left": 1541,
        "top": 185,
        "width": 12,
        "height": 10
      },
      "confidence": 79
    },
    {
      "text": "Proactive",
      "x": 1587,
      "y": 190,
      "bounds": {
        "left": 1557,
        "top": 185,
        "width": 61,
        "height": 10
      },
      "confidence": 90
    },
    {
      "text": "Commands",
      "x": 1659,
      "y": 190,
      "bounds": {
        "left": 1622,
        "top": 185,
        "width": 74,
        "height": 10
      },
      "confidence": 96
    },
    {
      "text": "(Sentinel",
      "x": 1729,
      "y": 191,
      "bounds": {
        "left": 1700,
        "top": 185,
        "width": 58,
        "height": 12
      },
      "confidence": 96
    },
    {
      "text": "Tools)",
      "x": 1781,
      "y": 191,
      "bounds": {
        "left": 1761,
        "top": 185,
        "width": 40,
        "height": 12
      },
      "confidence": 82
    },
    {
      "text": "New",
      "x": 1552,
      "y": 218,
      "bounds": {
        "left": 1542,
        "top": 204,
        "width": 21,
        "height": 29
      },
      "confidence": 95
    },
    {
      "text": "tools",
      "x": 1612,
      "y": 218,
      "bounds": {
        "left": 1569,
        "top": 213,
        "width": 86,
        "height": 10
      },
      "confidence": 85
    },
    {
      "text": "for",
      "x": 1610,
      "y": 218,
      "bounds": {
        "left": 1603,
        "top": 204,
        "width": 15,
        "height": 29
      },
      "confidence": 96
    },
    {
      "text": "the",
      "x": 1631,
      "y": 218,
      "bounds": {
        "left": 1622,
        "top": 204,
        "width": 18,
        "height": 29
      },
      "confidence": 96
    },
    {
      "text": "Al",
      "x": 1651,
      "y": 218,
      "bounds": {
        "left": 1644,
        "top": 204,
        "width": 15,
        "height": 29
      },
      "confidence": 94
    },
    {
      "text": "agent",
      "x": 1677,
      "y": 218,
      "bounds": {
        "left": 1663,
        "top": 204,
        "width": 28,
        "height": 29
      },
      "confidence": 96
    },
    {
      "text": "to",
      "x": 1702,
      "y": 218,
      "bounds": {
        "left": 1697,
        "top": 204,
        "width": 11,
        "height": 29
      },
      "confidence": 96
    },
    {
      "text": "manage",
      "x": 1735,
      "y": 218,
      "bounds": {
        "left": 1716,
        "top": 204,
        "width": 38,
        "height": 29
      },
      "confidence": 90
    },
    {
      "text": "its",
      "x": 1767,
      "y": 218,
      "bounds": {
        "left": 1760,
        "top": 204,
        "width": 15,
        "height": 29
      },
      "confidence": 96
    },
    {
      "text": "background",
      "x": 1825,
      "y": 219,
      "bounds": {
        "left": 1778,
        "top": 213,
        "width": 95,
        "height": 13
      },
      "confidence": 94
    },
    {
      "text": "self:",
      "x": 1863,
      "y": 218,
      "bounds": {
        "left": 1849,
        "top": 204,
        "width": 28,
        "height": 29
      },
      "confidence": 80
    },
    {
      "text": "(symbol,",
      "x": 1659,
      "y": 241,
      "bounds": {
        "left": 1635,
        "top": 237,
        "width": 48,
        "height": 9
      },
      "confidence": 50
    },
    {
      "text": "condition)",
      "x": 1723,
      "y": 241,
      "bounds": {
        "left": 1692,
        "top": 237,
        "width": 63,
        "height": 8
      },
      "confidence": 84
    },
    {
      "text": ":",
      "x": 1763,
      "y": 240,
      "bounds": {
        "left": 1762,
        "top": 237,
        "width": 2,
        "height": 7
      },
      "confidence": 86
    },
    {
      "text": "Programmatically",
      "x": 1818,
      "y": 240,
      "bounds": {
        "left": 1768,
        "top": 234,
        "width": 100,
        "height": 13
      },
      "confidence": 84
    },
    {
      "text": "add",
      "x": 1579,
      "y": 261,
      "bounds": {
        "left": 1568,
        "top": 256,
        "width": 22,
        "height": 10
      },
      "confidence": 76
    },
    {
      "text": "background",
      "x": 1628,
      "y": 262,
      "bounds": {
        "left": 1594,
        "top": 256,
        "width": 69,
        "height": 13
      },
      "confidence": 93
    },
    {
      "text": "triggers.",
      "x": 1689,
      "y": 263,
      "bounds": {
        "left": 1666,
        "top": 257,
        "width": 47,
        "height": 12
      },
      "confidence": 91
    },
    {
      "text": "\u00a9",
      "x": 1549,
      "y": 284,
      "bounds": {
        "left": 1547,
        "top": 282,
        "width": 5,
        "height": 5
      },
      "confidence": 41
    },
    {
      "text": "get_sentinel_summary()",
      "x": 1644,
      "y": 287,
      "bounds": {
        "left": 1573,
        "top": 282,
        "width": 142,
        "height": 10
      },
      "confidence": 48
    },
    {
      "text": ":",
      "x": 1723,
      "y": 285,
      "bounds": {
        "left": 1722,
        "top": 282,
        "width": 2,
        "height": 7
      },
      "confidence": 87
    },
    {
      "text": "Fetch",
      "x": 1744,
      "y": 284,
      "bounds": {
        "left": 1729,
        "top": 279,
        "width": 30,
        "height": 10
      },
      "confidence": 96
    },
    {
      "text": "a",
      "x": 1766,
      "y": 285,
      "bounds": {
        "left": 1763,
        "top": 282,
        "width": 6,
        "height": 7
      },
      "confidence": 80
    },
    {
      "text": "summary",
      "x": 1799,
      "y": 287,
      "bounds": {
        "left": 1773,
        "top": 282,
        "width": 53,
        "height": 10
      },
      "confidence": 80
    },
    {
      "text": "of",
      "x": 1835,
      "y": 284,
      "bounds": {
        "left": 1829,
        "top": 279,
        "width": 13,
        "height": 10
      },
      "confidence": 95
    },
    {
      "text": "findings",
      "x": 1591,
      "y": 307,
      "bounds": {
        "left": 1568,
        "top": 301,
        "width": 47,
        "height": 13
      },
      "confidence": 82
    },
    {
      "text": "from",
      "x": 1631,
      "y": 306,
      "bounds": {
        "left": 1618,
        "top": 301,
        "width": 27,
        "height": 10
      },
      "confidence": 95
    },
    {
      "text": "the",
      "x": 1658,
      "y": 306,
      "bounds": {
        "left": 1649,
        "top": 301,
        "width": 19,
        "height": 10
      },
      "confidence": 96
    },
    {
      "text": "last",
      "x": 1681,
      "y": 306,
      "bounds": {
        "left": 1671,
        "top": 301,
        "width": 20,
        "height": 10
      },
      "confidence": 93
    },
    {
      "text": "$x$",
      "x": 1705,
      "y": 306,
      "bounds": {
        "left": 1695,
        "top": 301,
        "width": 21,
        "height": 11
      },
      "confidence": 89
    },
    {
      "text": "hours.",
      "x": 1737,
      "y": 306,
      "bounds": {
        "left": 1720,
        "top": 301,
        "width": 35,
        "height": 10
      },
      "confidence": 95
    },
    {
      "text": "Implementation",
      "x": 1593,
      "y": 410,
      "bounds": {
        "left": 1542,
        "top": 396,
        "width": 103,
        "height": 29
      },
      "confidence": 93
    },
    {
      "text": "Phasing",
      "x": 1678,
      "y": 410,
      "bounds": {
        "left": 1651,
        "top": 396,
        "width": 54,
        "height": 29
      },
      "confidence": 96
    },
    {
      "text": "Phase",
      "x": 1569,
      "y": 444,
      "bounds": {
        "left": 1551,
        "top": 439,
        "width": 36,
        "height": 10
      },
      "confidence": 94
    },
    {
      "text": "Milestone",
      "x": 1637,
      "y": 444,
      "bounds": {
        "left": 1606,
        "top": 439,
        "width": 62,
        "height": 10
      },
      "confidence": 88
    },
    {
      "text": "Description",
      "x": 1728,
      "y": 445,
      "bounds": {
        "left": 1692,
        "top": 439,
        "width": 72,
        "height": 13
      },
      "confidence": 60
    },
    {
      "text": "Phase",
      "x": 1566,
      "y": 472,
      "bounds": {
        "left": 1550,
        "top": 468,
        "width": 32,
        "height": 9
      },
      "confidence": 82
    },
    {
      "text": "Create",
      "x": 1709,
      "y": 472,
      "bounds": {
        "left": 1692,
        "top": 468,
        "width": 34,
        "height": 9
      },
      "confidence": 61
    },
    {
      "text": "src/nonitoring/engine.",
      "x": 1805,
      "y": 474,
      "bounds": {
        "left": 1734,
        "top": 470,
        "width": 143,
        "height": 9
      },
      "confidence": 64
    },
    {
      "text": "1",
      "x": 1552,
      "y": 490,
      "bounds": {
        "left": 1550,
        "top": 486,
        "width": 4,
        "height": 9
      },
      "confidence": 94
    },
    {
      "text": "Core",
      "x": 1617,
      "y": 492,
      "bounds": {
        "left": 1601,
        "top": 476,
        "width": 32,
        "height": 32
      },
      "confidence": 96
    },
    {
      "text": "py",
      "x": 1699,
      "y": 496,
      "bounds": {
        "left": 1692,
        "top": 493,
        "width": 14,
        "height": 7
      },
      "confidence": 60
    },
    {
      "text": "using",
      "x": 1750,
      "y": 495,
      "bounds": {
        "left": 1713,
        "top": 489,
        "width": 75,
        "height": 12
      },
      "confidence": 94
    },
    {
      "text": "white",
      "x": 1811,
      "y": 494,
      "bounds": {
        "left": 1795,
        "top": 491,
        "width": 33,
        "height": 7
      },
      "confidence": 69
    },
    {
      "text": "True",
      "x": 1848,
      "y": 494,
      "bounds": {
        "left": 1835,
        "top": 491,
        "width": 26,
        "height": 7
      },
      "confidence": 84
    },
    {
      "text": "loop",
      "x": 1703,
      "y": 512,
      "bounds": {
        "left": 1692,
        "top": 496,
        "width": 23,
        "height": 32
      },
      "confidence": 55
    },
    {
      "text": "with",
      "x": 1730,
      "y": 512,
      "bounds": {
        "left": 1720,
        "top": 496,
        "width": 21,
        "height": 32
      },
      "confidence": 93
    },
    {
      "text": "market-hours",
      "x": 1782,
      "y": 512,
      "bounds": {
        "left": 1749,
        "top": 496,
        "width": 67,
        "height": 32
      },
      "confidence": 92
    },
    {
      "text": "awareness.",
      "x": 1850,
      "y": 512,
      "bounds": {
        "left": 1821,
        "top": 496,
        "width": 59,
        "height": 32
      },
      "confidence": 95
    },
    {
      "text": "Phase",
      "x": 1566,
      "y": 540,
      "bounds": {
        "left": 1550,
        "top": 536,
        "width": 32,
        "height": 9
      },
      "confidence": 62
    },
    {
      "text": "|",
      "x": 1597,
      "y": 539,
      "bounds": {
        "left": 1594,
        "top": 523,
        "width": 6,
        "height": 32
      },
      "confidence": 62
    },
    {
      "text": "ETF",
      "x": 1615,
      "y": 540,
      "bounds": {
        "left": 1606,
        "top": 536,
        "width": 19,
        "height": 9
      },
      "confidence": 82
    },
    {
      "text": "Implement",
      "x": 1720,
      "y": 542,
      "bounds": {
        "left": 1692,
        "top": 536,
        "width": 57,
        "height": 12
      },
      "confidence": 92
    },
    {
      "text": "2",
      "x": 1553,
      "y": 558,
      "bounds": {
        "left": 1550,
        "top": 554,
        "width": 6,
        "height": 9
      },
      "confidence": 96
    },
    {
      "text": "Resolution",
      "x": 1634,
      "y": 558,
      "bounds": {
        "left": 1606,
        "top": 554,
        "width": 57,
        "height": 9
      },
      "confidence": 77
    },
    {
      "text": "py",
      "x": 1705,
      "y": 564,
      "bounds": {
        "left": 1692,
        "top": 561,
        "width": 27,
        "height": 7
      },
      "confidence": 64
    },
    {
      "text": "to",
      "x": 1730,
      "y": 560,
      "bounds": {
        "left": 1724,
        "top": 544,
        "width": 12,
        "height": 32
      },
      "confidence": 94
    },
    {
      "text": "auto-populate",
      "x": 1788,
      "y": 563,
      "bounds": {
        "left": 1740,
        "top": 557,
        "width": 96,
        "height": 12
      },
      "confidence": 91
    },
    {
      "text": "the",
      "x": 1830,
      "y": 560,
      "bounds": {
        "left": 1820,
        "top": 544,
        "width": 20,
        "height": 32
      },
      "confidence": 96
    },
    {
      "text": "\u2018monitor",
      "x": 1763,
      "y": 582,
      "bounds": {
        "left": 1692,
        "top": 577,
        "width": 142,
        "height": 10
      },
      "confidence": 47
    },
    {
      "text": "ist",
      "x": 1745,
      "y": 580,
      "bounds": {
        "left": 1738,
        "top": 564,
        "width": 14,
        "height": 32
      },
      "confidence": 56
    },
    {
      "text": "from",
      "x": 1768,
      "y": 580,
      "bounds": {
        "left": 1757,
        "top": 564,
        "width": 22,
        "height": 32
      },
      "confidence": 56
    },
    {
      "text": "CSV/Web",
      "x": 1808,
      "y": 582,
      "bounds": {
        "left": 1786,
        "top": 577,
        "width": 44,
        "height": 10
      },
      "confidence": 73
    },
    {
      "text": "links.",
      "x": 1851,
      "y": 581,
      "bounds": {
        "left": 1838,
        "top": 577,
        "width": 26,
        "height": 9
      },
      "confidence": 69
    },
    {
      "text": "Phase",
      "x": 1566,
      "y": 608,
      "bounds": {
        "left": 1550,
        "top": 604,
        "width": 32,
        "height": 9
      },
      "confidence": 88
    },
    {
      "text": "Neural",
      "x": 1623,
      "y": 608,
      "bounds": {
        "left": 1606,
        "top": 604,
        "width": 35,
        "height": 9
      },
      "confidence": 67
    },
    {
      "text": "Filter",
      "x": 1659,
      "y": 608,
      "bounds": {
        "left": 1645,
        "top": 604,
        "width": 28,
        "height": 9
      },
      "confidence": 74
    },
    {
      "text": "_",
      "x": 1685,
      "y": 608,
      "bounds": {
        "left": 1681,
        "top": 594,
        "width": 8,
        "height": 28
      },
      "confidence": 51
    },
    {
      "text": "Integrate",
      "x": 1720,
      "y": 610,
      "bounds": {
        "left": 1692,
        "top": 604,
        "width": 57,
        "height": 12
      },
      "confidence": 80
    },
    {
      "text": "a",
      "x": 1746,
      "y": 608,
      "bounds": {
        "left": 1744,
        "top": 594,
        "width": 5,
        "height": 28
      },
      "confidence": 91
    },
    {
      "text": "\u201cSentinel",
      "x": 1776,
      "y": 608,
      "bounds": {
        "left": 1753,
        "top": 604,
        "width": 46,
        "height": 9
      },
      "confidence": 80
    },
    {
      "text": "Agent\u201d",
      "x": 1821,
      "y": 610,
      "bounds": {
        "left": 1803,
        "top": 604,
        "width": 36,
        "height": 12
      },
      "confidence": 42
    },
    {
      "text": "3",
      "x": 1553,
      "y": 626,
      "bounds": {
        "left": 1550,
        "top": 622,
        "width": 6,
        "height": 9
      },
      "confidence": 92
    },
    {
      "text": "(background",
      "x": 1725,
      "y": 628,
      "bounds": {
        "left": 1692,
        "top": 622,
        "width": 67,
        "height": 12
      },
      "confidence": 86
    },
    {
      "text": "LLM)",
      "x": 1775,
      "y": 627,
      "bounds": {
        "left": 1763,
        "top": 622,
        "width": 25,
        "height": 11
      },
      "confidence": 95
    },
    {
      "text": "to",
      "x": 1796,
      "y": 627,
      "bounds": {
        "left": 1791,
        "top": 623,
        "width": 11,
        "height": 8
      },
      "confidence": 96
    },
    {
      "text": "score",
      "x": 1820,
      "y": 628,
      "bounds": {
        "left": 1806,
        "top": 625,
        "width": 28,
        "height": 6
      },
      "confidence": 96
    },
    {
      "text": "news",
      "x": 1850,
      "y": 628,
      "bounds": {
        "left": 1837,
        "top": 625,
        "width": 27,
        "height": 6
      },
      "confidence": 85
    },
    {
      "text": "headlines",
      "x": 1717,
      "y": 644,
      "bounds": {
        "left": 1692,
        "top": 640,
        "width": 50,
        "height": 9
      },
      "confidence": 88
    },
    {
      "text": "as",
      "x": 1751,
      "y": 646,
      "bounds": {
        "left": 1745,
        "top": 643,
        "width": 12,
        "height": 6
      },
      "confidence": 96
    },
    {
      "text": "they",
      "x": 1771,
      "y": 646,
      "bounds": {
        "left": 1760,
        "top": 640,
        "width": 23,
        "height": 12
      },
      "confidence": 96
    },
    {
      "text": "arrive.",
      "x": 1802,
      "y": 646,
      "bounds": {
        "left": 1786,
        "top": 643,
        "width": 32,
        "height": 6
      },
      "confidence": 87
    },
    {
      "text": "Phase",
      "x": 1566,
      "y": 671,
      "bounds": {
        "left": 1550,
        "top": 667,
        "width": 32,
        "height": 9
      },
      "confidence": 79
    },
    {
      "text": "Dash",
      "x": 1619,
      "y": 671,
      "bounds": {
        "left": 1606,
        "top": 667,
        "width": 26,
        "height": 9
      },
      "confidence": 49
    },
    {
      "text": "\u2018Add",
      "x": 1702,
      "y": 671,
      "bounds": {
        "left": 1692,
        "top": 667,
        "width": 21,
        "height": 9
      },
      "confidence": 70
    },
    {
      "text": "a",
      "x": 1720,
      "y": 673,
      "bounds": {
        "left": 1717,
        "top": 670,
        "width": 6,
        "height": 6
      },
      "confidence": 71
    },
    {
      "text": "\"Live",
      "x": 1739,
      "y": 671,
      "bounds": {
        "left": 1727,
        "top": 667,
        "width": 25,
        "height": 9
      },
      "confidence": 71
    },
    {
      "text": "Events\"",
      "x": 1774,
      "y": 671,
      "bounds": {
        "left": 1756,
        "top": 667,
        "width": 37,
        "height": 9
      },
      "confidence": 90
    },
    {
      "text": "sidebar",
      "x": 1816,
      "y": 671,
      "bounds": {
        "left": 1797,
        "top": 667,
        "width": 39,
        "height": 9
      },
      "confidence": 93
    },
    {
      "text": "to",
      "x": 1844,
      "y": 672,
      "bounds": {
        "left": 1839,
        "top": 668,
        "width": 11,
        "height": 8
      },
      "confidence": 96
    },
    {
      "text": "the",
      "x": 1862,
      "y": 671,
      "bounds": {
        "left": 1853,
        "top": 667,
        "width": 18,
        "height": 9
      },
      "confidence": 84
    },
    {
      "text": "4",
      "x": 1553,
      "y": 689,
      "bounds": {
        "left": 1550,
        "top": 685,
        "width": 7,
        "height": 9
      },
      "confidence": 96
    },
    {
      "text": "Integration",
      "x": 1636,
      "y": 691,
      "bounds": {
        "left": 1606,
        "top": 685,
        "width": 60,
        "height": 12
      },
      "confidence": 83
    },
    {
      "text": "Quant",
      "x": 1703,
      "y": 690,
      "bounds": {
        "left": 1683,
        "top": 676,
        "width": 41,
        "height": 28
      },
      "confidence": 55
    },
    {
      "text": "Terminal",
      "x": 1749,
      "y": 690,
      "bounds": {
        "left": 1727,
        "top": 676,
        "width": 45,
        "height": 28
      },
      "confidence": 95
    },
    {
      "text": "Ul",
      "x": 1782,
      "y": 689,
      "bounds": {
        "left": 1777,
        "top": 685,
        "width": 10,
        "height": 9
      },
      "confidence": 80
    },
    {
      "text": "that",
      "x": 1801,
      "y": 690,
      "bounds": {
        "left": 1791,
        "top": 676,
        "width": 21,
        "height": 28
      },
      "confidence": 80
    },
    {
      "text": "glows",
      "x": 1831,
      "y": 690,
      "bounds": {
        "left": 1816,
        "top": 676,
        "width": 31,
        "height": 28
      },
      "confidence": 96
    },
    {
      "text": "when",
      "x": 1865,
      "y": 690,
      "bounds": {
        "left": 1851,
        "top": 676,
        "width": 29,
        "height": 28
      },
      "confidence": 96
    },
    {
      "text": "high-priority",
      "x": 1725,
      "y": 709,
      "bounds": {
        "left": 1692,
        "top": 703,
        "width": 67,
        "height": 12
      },
      "confidence": 71
    },
    {
      "text": "news",
      "x": 1775,
      "y": 709,
      "bounds": {
        "left": 1762,
        "top": 706,
        "width": 27,
        "height": 6
      },
      "confidence": 96
    },
    {
      "text": "hits.",
      "x": 1802,
      "y": 707,
      "bounds": {
        "left": 1792,
        "top": 703,
        "width": 21,
        "height": 9
      },
      "confidence": 94
    },
    {
      "text": "Next",
      "x": 1552,
      "y": 739,
      "bounds": {
        "left": 1538,
        "top": 725,
        "width": 29,
        "height": 29
      },
      "confidence": 95
    },
    {
      "text": "Step:",
      "x": 1587,
      "y": 739,
      "bounds": {
        "left": 1574,
        "top": 725,
        "width": 27,
        "height": 29
      },
      "confidence": 96
    },
    {
      "text": "|",
      "x": 1607,
      "y": 739,
      "bounds": {
        "left": 1606,
        "top": 735,
        "width": 2,
        "height": 9
      },
      "confidence": 92
    },
    {
      "text": "can",
      "x": 1622,
      "y": 739,
      "bounds": {
        "left": 1615,
        "top": 725,
        "width": 15,
        "height": 29
      },
      "confidence": 96
    },
    {
      "text": "start",
      "x": 1648,
      "y": 739,
      "bounds": {
        "left": 1634,
        "top": 725,
        "width": 28,
        "height": 29
      },
      "confidence": 90
    },
    {
      "text": "by",
      "x": 1671,
      "y": 739,
      "bounds": {
        "left": 1666,
        "top": 725,
        "width": 10,
        "height": 29
      },
      "confidence": 90
    },
    {
      "text": "creating",
      "x": 1706,
      "y": 739,
      "bounds": {
        "left": 1683,
        "top": 725,
        "width": 46,
        "height": 29
      },
      "confidence": 96
    },
    {
      "text": "the",
      "x": 1743,
      "y": 739,
      "bounds": {
        "left": 1733,
        "top": 725,
        "width": 21,
        "height": 29
      },
      "confidence": 96
    },
    {
      "text": "Monitoring",
      "x": 1788,
      "y": 740,
      "bounds": {
        "left": 1755,
        "top": 734,
        "width": 66,
        "height": 13
      },
      "confidence": 96
    },
    {
      "text": "Engine",
      "x": 1845,
      "y": 740,
      "bounds": {
        "left": 1826,
        "top": 734,
        "width": 39,
        "height": 13
      },
      "confidence": 83
    },
    {
      "text": "core",
      "x": 1553,
      "y": 759,
      "bounds": {
        "left": 1541,
        "top": 756,
        "width": 25,
        "height": 7
      },
      "confidence": 94
    },
    {
      "text": "and",
      "x": 1580,
      "y": 758,
      "bounds": {
        "left": 1569,
        "top": 753,
        "width": 22,
        "height": 10
      },
      "confidence": 96
    },
    {
      "text": "the",
      "x": 1603,
      "y": 758,
      "bounds": {
        "left": 1594,
        "top": 753,
        "width": 19,
        "height": 10
      },
      "confidence": 96
    },
    {
      "text": "ETF",
      "x": 1627,
      "y": 758,
      "bounds": {
        "left": 1617,
        "top": 754,
        "width": 20,
        "height": 9
      },
      "confidence": 96
    },
    {
      "text": "Resolution",
      "x": 1672,
      "y": 758,
      "bounds": {
        "left": 1642,
        "top": 753,
        "width": 61,
        "height": 10
      },
      "confidence": 96
    },
    {
      "text": "logic.",
      "x": 1722,
      "y": 759,
      "bounds": {
        "left": 1707,
        "top": 753,
        "width": 30,
        "height": 13
      },
      "confidence": 96
    },
    {
      "text": "\u2018Should",
      "x": 1565,
      "y": 778,
      "bounds": {
        "left": 1541,
        "top": 773,
        "width": 48,
        "height": 10
      },
      "confidence": 75
    },
    {
      "text": "|",
      "x": 1586,
      "y": 778,
      "bounds": {
        "left": 1585,
        "top": 764,
        "width": 3,
        "height": 29
      },
      "confidence": 83
    },
    {
      "text": "begin",
      "x": 1610,
      "y": 779,
      "bounds": {
        "left": 1594,
        "top": 773,
        "width": 33,
        "height": 13
      },
      "confidence": 95
    },
    {
      "text": "by",
      "x": 1638,
      "y": 779,
      "bounds": {
        "left": 1631,
        "top": 773,
        "width": 14,
        "height": 13
      },
      "confidence": 96
    },
    {
      "text": "implementing",
      "x": 1697,
      "y": 779,
      "bounds": {
        "left": 1664,
        "top": 773,
        "width": 66,
        "height": 13
      },
      "confidence": 96
    },
    {
      "text": "the",
      "x": 1744,
      "y": 778,
      "bounds": {
        "left": 1734,
        "top": 773,
        "width": 20,
        "height": 10
      },
      "confidence": 96
    },
    {
      "text": "Background",
      "x": 1792,
      "y": 779,
      "bounds": {
        "left": 1758,
        "top": 773,
        "width": 69,
        "height": 13
      },
      "confidence": 94
    },
    {
      "text": "Monitoring",
      "x": 1574,
      "y": 798,
      "bounds": {
        "left": 1542,
        "top": 792,
        "width": 65,
        "height": 13
      },
      "confidence": 96
    },
    {
      "text": "Engine",
      "x": 1632,
      "y": 798,
      "bounds": {
        "left": 1612,
        "top": 792,
        "width": 40,
        "height": 13
      },
      "confidence": 96
    },
    {
      "text": "structure?",
      "x": 1684,
      "y": 797,
      "bounds": {
        "left": 1655,
        "top": 793,
        "width": 59,
        "height": 9
      },
      "confidence": 96
    },
    {
      "text": "Review",
      "x": 1827,
      "y": 919,
      "bounds": {
        "left": 1811,
        "top": 915,
        "width": 33,
        "height": 8
      },
      "confidence": 92
    },
    {
      "text": "Changes",
      "x": 1869,
      "y": 920,
      "bounds": {
        "left": 1849,
        "top": 915,
        "width": 41,
        "height": 10
      },
      "confidence": 96
    },
    {
      "text": "Fast",
      "x": 1590,
      "y": 984,
      "bounds": {
        "left": 1574,
        "top": 980,
        "width": 33,
        "height": 8
      },
      "confidence": 58
    },
    {
      "text": "Fash",
      "x": 1697,
      "y": 985,
      "bounds": {
        "left": 1686,
        "top": 981,
        "width": 23,
        "height": 8
      },
      "confidence": 62
    },
    {
      "text": "oo",
      "x": 1878,
      "y": 985,
      "bounds": {
        "left": 1859,
        "top": 978,
        "width": 38,
        "height": 14
      },
      "confidence": 56
    },
    {
      "text": "UTF-8",
      "x": 1537,
      "y": 1021,
      "bounds": {
        "left": 1522,
        "top": 1017,
        "width": 31,
        "height": 9
      },
      "confidence": 86
    },
    {
      "text": "CRLF",
      "x": 1582,
      "y": 1021,
      "bounds": {
        "left": 1569,
        "top": 1017,
        "width": 26,
        "height": 9
      },
      "confidence": 73
    },
    {
      "text": "{}",
      "x": 1619,
      "y": 1021,
      "bounds": {
        "left": 1613,
        "top": 1015,
        "width": 13,
        "height": 12
      },
      "confidence": 48
    },
    {
      "text": "Python",
      "x": 1652,
      "y": 1023,
      "bounds": {
        "left": 1634,
        "top": 1017,
        "width": 36,
        "height": 12
      },
      "confidence": 64
    },
    {
      "text": "3.13264-bit",
      "x": 1720,
      "y": 1021,
      "bounds": {
        "left": 1687,
        "top": 1017,
        "width": 66,
        "height": 9
      },
      "confidence": 33
    },
    {
      "text": "Antigravty-",
      "x": 1800,
      "y": 1020,
      "bounds": {
        "left": 1766,
        "top": 1005,
        "width": 68,
        "height": 31
      },
      "confidence": 33
    },
    {
      "text": "Settings",
      "x": 1860,
      "y": 1020,
      "bounds": {
        "left": 1835,
        "top": 1005,
        "width": 50,
        "height": 31
      },
      "confidence": 43
    },
    {
      "text": "9:28",
      "x": 1869,
      "y": 1048,
      "bounds": {
        "left": 1858,
        "top": 1044,
        "width": 22,
        "height": 8
      },
      "confidence": 76
    },
    {
      "text": "PM",
      "x": 1892,
      "y": 1048,
      "bounds": {
        "left": 1884,
        "top": 1044,
        "width": 16,
        "height": 8
      },
      "confidence": 76
    },
    {
      "text": "A",
      "x": 1697,
      "y": 1056,
      "bounds": {
        "left": 1692,
        "top": 1053,
        "width": 10,
        "height": 6
      },
      "confidence": 61
    },
    {
      "text": "nc",
      "x": 1735,
      "y": 1057,
      "bounds": {
        "left": 1724,
        "top": 1053,
        "width": 22,
        "height": 8
      },
      "confidence": 41
    }
  ],
  "unfiltered_text": "A\n\nQ\n\ne\n\nvd\n\na\n\neeeceeeceeeece\n\n8\n4\n\n*\n\nFile Edit Selection View\n\nExplorer\n\n|\n|\n\ndaily breakdown\neigent\n\nemploai\n\nMini-Agent\n\nmoltbot\n\n\u2018OpensB\n\n\u2018openclaw\n\u2018opencode\n\ntemp\n\ntest workspace\ntradio\n\n(5 system_prompts\n\nMs WORK_IN_PROG... U\n\nGo Run Terminal Help powerful-project-collection - Antigravity - system_prompt.py Open Agent Manager OOD OG & @ - ao Xx\n\n\u00ae system_promptpy U X \u2014 % _init_py ...\\prompts U @ eeutrp Py MO > = pwsh x Se.\ntradio > ai > prompts > % system_prompt.py > fe] SYSTEM_PROMPT PS C:\\Users\\Magsihim_AI\\Documents\\GitHub\\powerful-project-collection>\n6 SYSTEM_PROMPT role> =\n\n= *=get_quote--: neai-Lime price, voiume, ana ualiy change.\n- **get_fundamentals**: core valuation and profitability metrics |\n- **get_technical**: Instant indicator signals (RSI, MACD, etc.)\n- **get_news**: Market sentiment and company-specific headlines. |\n- **get_hacker_news**: Tech-market crossover trends.\n\n- **web_search**: General financial or macro research.\n\n46 ##% 3. Neural Context (Memory)\n\n47 ~ **search_memory**: Query past sessions and user-defined prefer\n48 - \u201c*update_memory**: Persist critical insights or global setting\n49 </tool_manifesto>\n\n5@\n\n51 <critical_reminders>\n\n52 - **Financial Disclosure**: Always specify that your analysis is\n53 - **Error Handling**: If a ticker is invalid or data is missing,\n54 - **Visualization**: Interactive charts are high-value. Always\n55 </critical_reminders>\"\"\"\n\n56\n\npnot find \u2018spotif\n\nfig a\n\n2026-02-14 21:27:48,771 - httpx - INFO - HTTP Request: post -\u2014\u2014\u2014 \u2014 res \u201cHITP/1.1 200 0K\" I\n2026-02-14 21:27:48,779 - _main__ - INFO - \u00a9 USER INPUT: Can you open Spotify and play a song\n2026-02-14 21:27:49,191 - httpx \u2014 INFO - HTTP Request: POST https://api.telegran.org/bot7960886425: ANFLEL \u00a5cigNnfpOsrhfFAKYSatNHnBGdL/sendchatAction \u201cHTTP/1.1 200 OK\" |\n2026-02-14 21:27:49,374 - httpx - INFO - HTTP Request: POST https: //api .telegram.org/bot 7960886425: AAFLELFHcNgN3nf pOsrhfFAKvSmtNHnBGdU/sendchatAction \"HTTP/1.1 20 OK\"\n2026-02-14 21:27:49,617 - httpx - INFO - HTTP Request: POST https: //api .telegram.org/bot 7960886425: AFLELFHcNgN3nf pQsrhFFAKvSmtNHnBGdU/sendMessage \"HITP/1.1 200 OK\u201d\n2026-02-14 21:27:52,524 - httpx - INFO - HTTP Request: POST https: //api.openai.com/vi/chat/completions \"HITP/1.1 200 Ok\u201d\n\u2018\\ [OPENAT] TOOL CALL: open_app\n\u2018Args: {\"app_nane\": \u201cspotify\"}\nIZ SUCCESS: {\"success\": \u201cTrue\u201d, \u201copened\u201d: \u201cspotify\"} (1606ms)\n2026-02-14 21:27:55,559 - httpx - INFO - HTTP Request: POST https: //api.openai.com/vi/chat/completions \u201cHITP/1.1 200 Ok\u201d\n\u2018\\ [OPENAT] TOOL CALL: wait\n\u2018args: {\"seconds\": 2}\nWB Success: {\"waited\u2019 } (2000ms) I:\n2026-02-14 21:27:58,440 - httpx - INFO - HTTP Request: POST https: //api-openai.com/vi/chat/completions \"HITP/1.1 200 Ok\u201d\n\\\\ [OPENAT] TOOL CALL: describe_screen\n\u2018Args: {\u201cquestion\u201d: \u201cIs Spotify open? what is visible (home/search/play controls)?\"}\n2026-02-14 21:27:58,899 - httpx - INFO - HTTP Request: POST https: //api telegram. org/bot 7960886425: AAFLELFHchgN3nfpQsrhfFAXvSmtNHnBGdU/getUpdates \u201cHTTP/1.1 200 OK\"\nMB success: {\"image_captured\": \u201cTrue\u201d, \u201cimage _base64\u201d: \u201c[BASE64]\", \u201cdescription\u201d: \u201cScreenshot captured successfully. Looking at the screen now.\u201d, \u201cquestion\u201d: \u201cIs S\npotify open? what is visible (home/search/play controls)?\"} (192ms)\n2026-02-14 21:28:03,039 - httpx - INFO - HTTP Request: POST https: //api.openai.com/vi/chat/completions \u201cHITP/1.1 200 Ok\u201d\n\u2018\\ [OPENAT] TOOL CALL: ocr_screen\nArgs: {}\n2026-02-14 21:28:08,991 - httpx - INFO - HTTP Request: POST https: //api telegram. org/bot 7960886425: AAFLELFHchgN3nfpQsrhfFAXVSMtNHnBGdU/getUpdates \u201cHTTP/1.1 200 OK\"\nBE SUCCESS: {\"elements\": \u201c[{\u2018text': 'A\u2019, \u00b0x': 18, \u2018y': 17, \"bounds\u2019: {*left\": 13, \u2018top\u2019: 12, \u2018width\": 10, \u2018height\u2019: 10}, \u2018conf... [74919 chars]\", \u201cunfiltered text\u201d\n: \"A File Edit Selection View Go Run Terminal Help powerful-project-collection - antigravity - system p... [5147 chars]\", \u201cplain text\u201d: \"A File Edit Selection View Go R\nun Terminal Help powerful-project-collection - Antigravity - system p... [5147 chars]\", \u201ctotal_elements\": \"615\"} (6873ms)\n\nProblems Output Debug Console Terminal Ports\n\n> Outline 2026-02-14 21:28:16,852 - httpx - INFO - HTTP Request: POST https://api-openai.com/v1/chat/completions \u201cHITP/1.1 200 Ok\u201d\n> Timeline 0\nEl powerful-project-collection main\"  @oAo Ln 18,Col3 Spaces: 3\n\nQ Search\n\nMoPotsdiIreargeere\n\nTradio Al Prompt Enhancement += x\nFeed\".\n\u2018\u00a9 Agent Awareness: When you start a chat, the first thing\n\nthe agent does is \u201cRead the Sentinel Feed\" so it's\nimmediately caught up on what it missed.\n\n4. Proactive Commands (Sentinel Tools)\nNew tools for the Al agent to manage its background self:\n\u00a9 set_slert (symbol, condition) : Programmatically\nadd background triggers.\n\u00a9 get_sentinel_summary() : Fetch a summary of\nfindings from the last $x$ hours.\n\nImplementation Phasing\nPhase Milestone Description\n\nPhase The Pulse Create src/nonitoring/engine.\n1 Core py using a simple white True\nloop with market-hours awareness.\nPhase | ETF Implement sre/data/etf_loade\n2 Resolution py to auto-populate the\n\u2018monitor ist from CSV/Web links.\n\nPhase Neural Filter _ Integrate a \u201cSentinel Agent\u201d\n\n3 (background LLM) to score news\nheadlines as they arrive.\n\nPhase Dash \u2018Add a \"Live Events\" sidebar to the\n\n4 Integration Quant Terminal Ul that glows when\n\nhigh-priority news hits.\n\nNext Step: | can start by creating the Monitoring Engine\ncore and the ETF Resolution logic.\n\n\u2018Should | begin by implementing the Background\nMonitoring Engine structure?\n\nReview Changes\n\nA Fast Gemini 3 Fash oo\n\nUTF-8 CRLF {} Python 3.13264-bit Antigravty- Settings\n\n9:28 PM\n\nA nc Sok on ios\n",
  "plain_text": "A\n\nQ\n\ne\n\nvd\n\na\n\neeeceeeceeeece\n\n8\n4\n\n*\n\nFile Edit Selection View\n\nExplorer\n\n|\n|\n\ndaily breakdown\neigent\n\nemploai\n\nMini-Agent\n\nmoltbot\n\n\u2018OpensB\n\n\u2018openclaw\n\u2018opencode\n\ntemp\n\ntest workspace\ntradio\n\n(5 system_prompts\n\nMs WORK_IN_PROG... U\n\nGo Run Terminal Help powerful-project-collection - Antigravity - system_prompt.py Open Agent Manager OOD OG & @ - ao Xx\n\n\u00ae system_promptpy U X \u2014 % _init_py ...\\prompts U @ eeutrp Py MO > = pwsh x Se.\ntradio > ai > prompts > % system_prompt.py > fe] SYSTEM_PROMPT PS C:\\Users\\Magsihim_AI\\Documents\\GitHub\\powerful-project-collection>\n6 SYSTEM_PROMPT role> =\n\n= *=get_quote--: neai-Lime price, voiume, ana ualiy change.\n- **get_fundamentals**: core valuation and profitability metrics |\n- **get_technical**: Instant indicator signals (RSI, MACD, etc.)\n- **get_news**: Market sentiment and company-specific headlines. |\n- **get_hacker_news**: Tech-market crossover trends.\n\n- **web_search**: General financial or macro research.\n\n46 ##% 3. Neural Context (Memory)\n\n47 ~ **search_memory**: Query past sessions and user-defined prefer\n48 - \u201c*update_memory**: Persist critical insights or global setting\n49 </tool_manifesto>\n\n5@\n\n51 <critical_reminders>\n\n52 - **Financial Disclosure**: Always specify that your analysis is\n53 - **Error Handling**: If a ticker is invalid or data is missing,\n54 - **Visualization**: Interactive charts are high-value. Always\n55 </critical_reminders>\"\"\"\n\n56\n\npnot find \u2018spotif\n\nfig a\n\n2026-02-14 21:27:48,771 - httpx - INFO - HTTP Request: post -\u2014\u2014\u2014 \u2014 res \u201cHITP/1.1 200 0K\" I\n2026-02-14 21:27:48,779 - _main__ - INFO - \u00a9 USER INPUT: Can you open Spotify and play a song\n2026-02-14 21:27:49,191 - httpx \u2014 INFO - HTTP Request: POST https://api.telegran.org/bot7960886425: ANFLEL \u00a5cigNnfpOsrhfFAKYSatNHnBGdL/sendchatAction \u201cHTTP/1.1 200 OK\" |\n2026-02-14 21:27:49,374 - httpx - INFO - HTTP Request: POST https: //api .telegram.org/bot 7960886425: AAFLELFHcNgN3nf pOsrhfFAKvSmtNHnBGdU/sendchatAction \"HTTP/1.1 20 OK\"\n2026-02-14 21:27:49,617 - httpx - INFO - HTTP Request: POST https: //api .telegram.org/bot 7960886425: AFLELFHcNgN3nf pQsrhFFAKvSmtNHnBGdU/sendMessage \"HITP/1.1 200 OK\u201d\n2026-02-14 21:27:52,524 - httpx - INFO - HTTP Request: POST https: //api.openai.com/vi/chat/completions \"HITP/1.1 200 Ok\u201d\n\u2018\\ [OPENAT] TOOL CALL: open_app\n\u2018Args: {\"app_nane\": \u201cspotify\"}\nIZ SUCCESS: {\"success\": \u201cTrue\u201d, \u201copened\u201d: \u201cspotify\"} (1606ms)\n2026-02-14 21:27:55,559 - httpx - INFO - HTTP Request: POST https: //api.openai.com/vi/chat/completions \u201cHITP/1.1 200 Ok\u201d\n\u2018\\ [OPENAT] TOOL CALL: wait\n\u2018args: {\"seconds\": 2}\nWB Success: {\"waited\u2019 } (2000ms) I:\n2026-02-14 21:27:58,440 - httpx - INFO - HTTP Request: POST https: //api-openai.com/vi/chat/completions \"HITP/1.1 200 Ok\u201d\n\\\\ [OPENAT] TOOL CALL: describe_screen\n\u2018Args: {\u201cquestion\u201d: \u201cIs Spotify open? what is visible (home/search/play controls)?\"}\n2026-02-14 21:27:58,899 - httpx - INFO - HTTP Request: POST https: //api telegram. org/bot 7960886425: AAFLELFHchgN3nfpQsrhfFAXvSmtNHnBGdU/getUpdates \u201cHTTP/1.1 200 OK\"\nMB success: {\"image_captured\": \u201cTrue\u201d, \u201cimage _base64\u201d: \u201c[BASE64]\", \u201cdescription\u201d: \u201cScreenshot captured successfully. Looking at the screen now.\u201d, \u201cquestion\u201d: \u201cIs S\npotify open? what is visible (home/search/play controls)?\"} (192ms)\n2026-02-14 21:28:03,039 - httpx - INFO - HTTP Request: POST https: //api.openai.com/vi/chat/completions \u201cHITP/1.1 200 Ok\u201d\n\u2018\\ [OPENAT] TOOL CALL: ocr_screen\nArgs: {}\n2026-02-14 21:28:08,991 - httpx - INFO - HTTP Request: POST https: //api telegram. org/bot 7960886425: AAFLELFHchgN3nfpQsrhfFAXVSMtNHnBGdU/getUpdates \u201cHTTP/1.1 200 OK\"\nBE SUCCESS: {\"elements\": \u201c[{\u2018text': 'A\u2019, \u00b0x': 18, \u2018y': 17, \"bounds\u2019: {*left\": 13, \u2018top\u2019: 12, \u2018width\": 10, \u2018height\u2019: 10}, \u2018conf... [74919 chars]\", \u201cunfiltered text\u201d\n: \"A File Edit Selection View Go Run Terminal Help powerful-project-collection - antigravity - system p... [5147 chars]\", \u201cplain text\u201d: \"A File Edit Selection View Go R\nun Terminal Help powerful-project-collection - Antigravity - system p... [5147 chars]\", \u201ctotal_elements\": \"615\"} (6873ms)\n\nProblems Output Debug Console Terminal Ports\n\n> Outline 2026-02-14 21:28:16,852 - httpx - INFO - HTTP Request: POST https://api-openai.com/v1/chat/completions \u201cHITP/1.1 200 Ok\u201d\n> Timeline 0\nEl powerful-project-collection main\"  @oAo Ln 18,Col3 Spaces: 3\n\nQ Search\n\nMoPotsdiIreargeere\n\nTradio Al Prompt Enhancement += x\nFeed\".\n\u2018\u00a9 Agent Awareness: When you start a chat, the first thing\n\nthe agent does is \u201cRead the Sentinel Feed\" so it's\nimmediately caught up on what it missed.\n\n4. Proactive Commands (Sentinel Tools)\nNew tools for the Al agent to manage its background self:\n\u00a9 set_slert (symbol, condition) : Programmatically\nadd background triggers.\n\u00a9 get_sentinel_summary() : Fetch a summary of\nfindings from the last $x$ hours.\n\nImplementation Phasing\nPhase Milestone Description\n\nPhase The Pulse Create src/nonitoring/engine.\n1 Core py using a simple white True\nloop with market-hours awareness.\nPhase | ETF Implement sre/data/etf_loade\n2 Resolution py to auto-populate the\n\u2018monitor ist from CSV/Web links.\n\nPhase Neural Filter _ Integrate a \u201cSentinel Agent\u201d\n\n3 (background LLM) to score news\nheadlines as they arrive.\n\nPhase Dash \u2018Add a \"Live Events\" sidebar to the\n\n4 Integration Quant Terminal Ul that glows when\n\nhigh-priority news hits.\n\nNext Step: | can start by creating the Monitoring Engine\ncore and the ETF Resolution logic.\n\n\u2018Should | begin by implementing the Background\nMonitoring Engine structure?\n\nReview Changes\n\nA Fast Gemini 3 Fash oo\n\nUTF-8 CRLF {} Python 3.13264-bit Antigravty- Settings\n\n9:28 PM\n\nA nc Sok on ios\n",
  "total_elements": 689
}
21:28:23 | --------------------------------------------------------------------------------
21:28:29 | CALL | click | {
  "x": 1240,
  "y": 651
}
21:28:29 | RESULT | click | ✅ SUCCESS (264ms)
{
  "success": true,
  "clicked": "(1240, 651)"
}
21:28:29 | --------------------------------------------------------------------------------
21:28:32 | CALL | press_key | {
  "key": "escape"
}
21:28:32 | RESULT | press_key | ✅ SUCCESS (100ms)
{
  "success": true,
  "pressed": "escape"
}
21:28:32 | --------------------------------------------------------------------------------
21:28:35 | CALL | wait | {
  "seconds": 0.5
}
21:28:36 | RESULT | wait | ✅ SUCCESS (501ms)
{
  "waited": 0.5
}
21:28:36 | --------------------------------------------------------------------------------
21:28:38 | CALL | ocr_screen | {}
21:28:43 | RESULT | ocr_screen | ✅ SUCCESS (5907ms)
{
  "elements": [
    {
      "text": "A",
      "x": 18,
      "y": 17,
      "bounds": {
        "left": 13,
        "top": 12,
        "width": 10,
        "height": 10
      },
      "confidence": 64
    },
    {
      "text": "File",
      "x": 53,
      "y": 17,
      "bounds": {
        "left": 44,
        "top": 12,
        "width": 18,
        "height": 10
      },
      "confidence": 81
    },
    {
      "text": "Edit",
      "x": 89,
      "y": 17,
      "bounds": {
        "left": 79,
        "top": 12,
        "width": 21,
        "height": 10
      },
      "confidence": 81
    },
    {
      "text": "Selection",
      "x": 142,
      "y": 17,
      "bounds": {
        "left": 117,
        "top": 12,
        "width": 51,
        "height": 10
      },
      "confidence": 84
    },
    {
      "text": "View",
      "x": 198,
      "y": 17,
      "bounds": {
        "left": 185,
        "top": 12,
        "width": 27,
        "height": 10
      },
      "confidence": 90
    },
    {
      "text": "Go",
      "x": 236,
      "y": 17,
      "bounds": {
        "left": 228,
        "top": 13,
        "width": 16,
        "height": 9
      },
      "confidence": 93
    },
    {
      "text": "Run",
      "x": 271,
      "y": 17,
      "bounds": {
        "left": 261,
        "top": 13,
        "width": 21,
        "height": 9
      },
      "confidence": 93
    },
    {
      "text": "Terminal",
      "x": 322,
      "y": 17,
      "bounds": {
        "left": 299,
        "top": 12,
        "width": 47,
        "height": 10
      },
      "confidence": 92
    },
    {
      "text": "Help",
      "x": 377,
      "y": 18,
      "bounds": {
        "left": 364,
        "top": 12,
        "width": 26,
        "height": 13
      },
      "confidence": 94
    },
    {
      "text": "powerful-project-collection",
      "x": 874,
      "y": 16,
      "bounds": {
        "left": 801,
        "top": 3,
        "width": 146,
        "height": 26
      },
      "confidence": 86
    },
    {
      "text": "-",
      "x": 954,
      "y": 18,
      "bounds": {
        "left": 952,
        "top": 18,
        "width": 4,
        "height": 1
      },
      "confidence": 85
    },
    {
      "text": "Antigravity",
      "x": 988,
      "y": 16,
      "bounds": {
        "left": 961,
        "top": 3,
        "width": 55,
        "height": 26
      },
      "confidence": 79
    },
    {
      "text": "-",
      "x": 1023,
      "y": 18,
      "bounds": {
        "left": 1021,
        "top": 18,
        "width": 4,
        "height": 1
      },
      "confidence": 79
    },
    {
      "text": "Open",
      "x": 1451,
      "y": 18,
      "bounds": {
        "left": 1435,
        "top": 5,
        "width": 33,
        "height": 26
      },
      "confidence": 83
    },
    {
      "text": "Agent",
      "x": 1488,
      "y": 18,
      "bounds": {
        "left": 1471,
        "top": 5,
        "width": 34,
        "height": 26
      },
      "confidence": 83
    },
    {
      "text": "C2",
      "x": 1569,
      "y": 17,
      "bounds": {
        "left": 1563,
        "top": 11,
        "width": 13,
        "height": 12
      },
      "confidence": 33
    },
    {
      "text": "6",
      "x": 1698,
      "y": 17,
      "bounds": {
        "left": 1691,
        "top": 10,
        "width": 14,
        "height": 14
      },
      "confidence": 42
    },
    {
      "text": "&",
      "x": 1722,
      "y": 17,
      "bounds": {
        "left": 1715,
        "top": 10,
        "width": 14,
        "height": 14
      },
      "confidence": 76
    },
    {
      "text": "@",
      "x": 1749,
      "y": 17,
      "bounds": {
        "left": 1741,
        "top": 9,
        "width": 16,
        "height": 16
      },
      "confidence": 71
    },
    {
      "text": "-",
      "x": 1805,
      "y": 16,
      "bounds": {
        "left": 1800,
        "top": 16,
        "width": 10,
        "height": 1
      },
      "confidence": 87
    },
    {
      "text": "ag",
      "x": 1851,
      "y": 17,
      "bounds": {
        "left": 1846,
        "top": 12,
        "width": 10,
        "height": 10
      },
      "confidence": 74
    },
    {
      "text": "x",
      "x": 1897,
      "y": 17,
      "bounds": {
        "left": 1892,
        "top": 12,
        "width": 10,
        "height": 10
      },
      "confidence": 52
    },
    {
      "text": "system",
      "x": 283,
      "y": 51,
      "bounds": {
        "left": 263,
        "top": 44,
        "width": 40,
        "height": 14
      },
      "confidence": 61
    },
    {
      "text": "promptpy",
      "x": 341,
      "y": 49,
      "bounds": {
        "left": 310,
        "top": 34,
        "width": 63,
        "height": 31
      },
      "confidence": 61
    },
    {
      "text": "executorp",
      "x": 667,
      "y": 52,
      "bounds": {
        "left": 637,
        "top": 46,
        "width": 60,
        "height": 12
      },
      "confidence": 63
    },
    {
      "text": ">",
      "x": 829,
      "y": 50,
      "bounds": {
        "left": 822,
        "top": 45,
        "width": 14,
        "height": 11
      },
      "confidence": 87
    },
    {
      "text": "=",
      "x": 855,
      "y": 50,
      "bounds": {
        "left": 849,
        "top": 49,
        "width": 12,
        "height": 2
      },
      "confidence": 41
    },
    {
      "text": "pwsh",
      "x": 925,
      "y": 51,
      "bounds": {
        "left": 911,
        "top": 45,
        "width": 28,
        "height": 13
      },
      "confidence": 57
    },
    {
      "text": "Al",
      "x": 1576,
      "y": 50,
      "bounds": {
        "left": 1572,
        "top": 35,
        "width": 9,
        "height": 31
      },
      "confidence": 62
    },
    {
      "text": "Prompt",
      "x": 1602,
      "y": 50,
      "bounds": {
        "left": 1585,
        "top": 35,
        "width": 34,
        "height": 31
      },
      "confidence": 52
    },
    {
      "text": "\\",
      "x": 47,
      "y": 77,
      "bounds": {
        "left": 43,
        "top": 62,
        "width": 8,
        "height": 31
      },
      "confidence": 51
    },
    {
      "text": "powerful-project-collection",
      "x": 136,
      "y": 83,
      "bounds": {
        "left": 62,
        "top": 77,
        "width": 149,
        "height": 12
      },
      "confidence": 58
    },
    {
      "text": ">",
      "x": 291,
      "y": 76,
      "bounds": {
        "left": 288,
        "top": 71,
        "width": 6,
        "height": 10
      },
      "confidence": 96
    },
    {
      "text": "a",
      "x": 311,
      "y": 86,
      "bounds": {
        "left": 299,
        "top": 71,
        "width": 25,
        "height": 30
      },
      "confidence": 60
    },
    {
      "text": "rents",
      "x": 350,
      "y": 82,
      "bounds": {
        "left": 324,
        "top": 60,
        "width": 53,
        "height": 45
      },
      "confidence": 32
    },
    {
      "text": "system",
      "x": 431,
      "y": 78,
      "bounds": {
        "left": 412,
        "top": 72,
        "width": 38,
        "height": 12
      },
      "confidence": 88
    },
    {
      "text": ">",
      "x": 525,
      "y": 76,
      "bounds": {
        "left": 522,
        "top": 71,
        "width": 6,
        "height": 10
      },
      "confidence": 94
    },
    {
      "text": "[el",
      "x": 540,
      "y": 76,
      "bounds": {
        "left": 533,
        "top": 72,
        "width": 14,
        "height": 9
      },
      "confidence": 47
    },
    {
      "text": "SYSTEM_PROMPT",
      "x": 602,
      "y": 77,
      "bounds": {
        "left": 552,
        "top": 72,
        "width": 101,
        "height": 11
      },
      "confidence": 88
    },
    {
      "text": "PS",
      "x": 905,
      "y": 76,
      "bounds": {
        "left": 898,
        "top": 72,
        "width": 14,
        "height": 9
      },
      "confidence": 69
    },
    {
      "text": "C:\\Users\\Magsihim",
      "x": 979,
      "y": 75,
      "bounds": {
        "left": 919,
        "top": 60,
        "width": 120,
        "height": 31
      },
      "confidence": 56
    },
    {
      "text": "AT\\Documents\\GitHub\\powerful-project-collection>",
      "x": 1213,
      "y": 77,
      "bounds": {
        "left": 1046,
        "top": 71,
        "width": 335,
        "height": 13
      },
      "confidence": 32
    },
    {
      "text": "=",
      "x": 80,
      "y": 99,
      "bounds": {
        "left": 74,
        "top": 98,
        "width": 12,
        "height": 3
      },
      "confidence": 75
    },
    {
      "text": "6",
      "x": 271,
      "y": 96,
      "bounds": {
        "left": 268,
        "top": 92,
        "width": 6,
        "height": 9
      },
      "confidence": 95
    },
    {
      "text": "PROMPT.",
      "x": 378,
      "y": 95,
      "bounds": {
        "left": 351,
        "top": 80,
        "width": 55,
        "height": 31
      },
      "confidence": 72
    },
    {
      "text": "role>",
      "x": 474,
      "y": 97,
      "bounds": {
        "left": 456,
        "top": 93,
        "width": 37,
        "height": 8
      },
      "confidence": 52
    },
    {
      "text": "=",
      "x": 814,
      "y": 99,
      "bounds": {
        "left": 800,
        "top": 97,
        "width": 29,
        "height": 4
      },
      "confidence": 52
    },
    {
      "text": "sec",
      "x": 1585,
      "y": 86,
      "bounds": {
        "left": 1575,
        "top": 81,
        "width": 21,
        "height": 10
      },
      "confidence": 47
    },
    {
      "text": ">",
      "x": 61,
      "y": 103,
      "bounds": {
        "left": 58,
        "top": 98,
        "width": 6,
        "height": 10
      },
      "confidence": 78
    },
    {
      "text": "\u00a9",
      "x": 80,
      "y": 114,
      "bounds": {
        "left": 74,
        "top": 106,
        "width": 12,
        "height": 17
      },
      "confidence": 78
    },
    {
      "text": "PRICE,",
      "x": 531,
      "y": 112,
      "bounds": {
        "left": 510,
        "top": 108,
        "width": 43,
        "height": 9
      },
      "confidence": 44
    },
    {
      "text": "ano",
      "x": 636,
      "y": 111,
      "bounds": {
        "left": 625,
        "top": 108,
        "width": 22,
        "height": 6
      },
      "confidence": 34
    },
    {
      "text": "0",
      "x": 1549,
      "y": 108,
      "bounds": {
        "left": 1547,
        "top": 106,
        "width": 5,
        "height": 5
      },
      "confidence": 69
    },
    {
      "text": ">",
      "x": 61,
      "y": 125,
      "bounds": {
        "left": 58,
        "top": 120,
        "width": 6,
        "height": 10
      },
      "confidence": 95
    },
    {
      "text": "\u00a9",
      "x": 80,
      "y": 129,
      "bounds": {
        "left": 74,
        "top": 128,
        "width": 12,
        "height": 2
      },
      "confidence": 83
    },
    {
      "text": "eigent",
      "x": 112,
      "y": 127,
      "bounds": {
        "left": 94,
        "top": 121,
        "width": 36,
        "height": 12
      },
      "confidence": 84
    },
    {
      "text": "-",
      "x": 305,
      "y": 129,
      "bounds": {
        "left": 303,
        "top": 129,
        "width": 5,
        "height": 1
      },
      "confidence": 76
    },
    {
      "text": "**get_fundamentals**:",
      "x": 397,
      "y": 129,
      "bounds": {
        "left": 318,
        "top": 123,
        "width": 158,
        "height": 13
      },
      "confidence": 85
    },
    {
      "text": "core",
      "x": 501,
      "y": 129,
      "bounds": {
        "left": 487,
        "top": 126,
        "width": 29,
        "height": 7
      },
      "confidence": 96
    },
    {
      "text": "valuation",
      "x": 559,
      "y": 128,
      "bounds": {
        "left": 525,
        "top": 123,
        "width": 68,
        "height": 10
      },
      "confidence": 96
    },
    {
      "text": "and",
      "x": 613,
      "y": 128,
      "bounds": {
        "left": 602,
        "top": 123,
        "width": 22,
        "height": 10
      },
      "confidence": 96
    },
    {
      "text": "profitability",
      "x": 682,
      "y": 129,
      "bounds": {
        "left": 633,
        "top": 123,
        "width": 99,
        "height": 13
      },
      "confidence": 95
    },
    {
      "text": "metrics",
      "x": 766,
      "y": 128,
      "bounds": {
        "left": 741,
        "top": 123,
        "width": 51,
        "height": 10
      },
      "confidence": 95
    },
    {
      "text": "|",
      "x": 801,
      "y": 135,
      "bounds": {
        "left": 800,
        "top": 135,
        "width": 3,
        "height": 1
      },
      "confidence": 54
    },
    {
      "text": "the",
      "x": 1574,
      "y": 127,
      "bounds": {
        "left": 1564,
        "top": 112,
        "width": 21,
        "height": 31
      },
      "confidence": 90
    },
    {
      "text": "agent",
      "x": 1608,
      "y": 127,
      "bounds": {
        "left": 1592,
        "top": 112,
        "width": 32,
        "height": 31
      },
      "confidence": 96
    },
    {
      "text": "does",
      "x": 1640,
      "y": 127,
      "bounds": {
        "left": 1628,
        "top": 112,
        "width": 24,
        "height": 31
      },
      "confidence": 56
    },
    {
      "text": "is",
      "x": 1662,
      "y": 127,
      "bounds": {
        "left": 1657,
        "top": 112,
        "width": 10,
        "height": 31
      },
      "confidence": 56
    },
    {
      "text": "\u201cRead",
      "x": 1686,
      "y": 127,
      "bounds": {
        "left": 1672,
        "top": 112,
        "width": 29,
        "height": 31
      },
      "confidence": 56
    },
    {
      "text": "the",
      "x": 1715,
      "y": 127,
      "bounds": {
        "left": 1706,
        "top": 112,
        "width": 19,
        "height": 31
      },
      "confidence": 96
    },
    {
      "text": "Sentinel",
      "x": 1752,
      "y": 127,
      "bounds": {
        "left": 1730,
        "top": 112,
        "width": 45,
        "height": 31
      },
      "confidence": 96
    },
    {
      "text": "Feed\u201d",
      "x": 1814,
      "y": 131,
      "bounds": {
        "left": 1780,
        "top": 126,
        "width": 68,
        "height": 10
      },
      "confidence": 62
    },
    {
      "text": "so",
      "x": 1821,
      "y": 127,
      "bounds": {
        "left": 1817,
        "top": 112,
        "width": 8,
        "height": 31
      },
      "confidence": 70
    },
    {
      "text": "it's",
      "x": 1839,
      "y": 131,
      "bounds": {
        "left": 1830,
        "top": 126,
        "width": 18,
        "height": 10
      },
      "confidence": 70
    },
    {
      "text": "Se",
      "x": 24,
      "y": 142,
      "bounds": {
        "left": 14,
        "top": 131,
        "width": 20,
        "height": 22
      },
      "confidence": 52
    },
    {
      "text": ">",
      "x": 61,
      "y": 147,
      "bounds": {
        "left": 58,
        "top": 142,
        "width": 6,
        "height": 10
      },
      "confidence": 54
    },
    {
      "text": "6",
      "x": 77,
      "y": 144,
      "bounds": {
        "left": 74,
        "top": 127,
        "width": 6,
        "height": 35
      },
      "confidence": 43
    },
    {
      "text": "emploai",
      "x": 117,
      "y": 148,
      "bounds": {
        "left": 94,
        "top": 142,
        "width": 46,
        "height": 13
      },
      "confidence": 43
    },
    {
      "text": "-",
      "x": 305,
      "y": 148,
      "bounds": {
        "left": 303,
        "top": 148,
        "width": 5,
        "height": 1
      },
      "confidence": 46
    },
    {
      "text": "Instant",
      "x": 490,
      "y": 147,
      "bounds": {
        "left": 464,
        "top": 143,
        "width": 52,
        "height": 9
      },
      "confidence": 96
    },
    {
      "text": "indicator",
      "x": 559,
      "y": 147,
      "bounds": {
        "left": 526,
        "top": 142,
        "width": 67,
        "height": 10
      },
      "confidence": 96
    },
    {
      "text": "signals",
      "x": 629,
      "y": 148,
      "bounds": {
        "left": 603,
        "top": 142,
        "width": 52,
        "height": 13
      },
      "confidence": 95
    },
    {
      "text": "(RSI,",
      "x": 682,
      "y": 148,
      "bounds": {
        "left": 665,
        "top": 142,
        "width": 34,
        "height": 13
      },
      "confidence": 92
    },
    {
      "text": "MACD,",
      "x": 727,
      "y": 148,
      "bounds": {
        "left": 709,
        "top": 143,
        "width": 36,
        "height": 11
      },
      "confidence": 84
    },
    {
      "text": "etc.)",
      "x": 773,
      "y": 148,
      "bounds": {
        "left": 756,
        "top": 142,
        "width": 35,
        "height": 13
      },
      "confidence": 94
    },
    {
      "text": "|",
      "x": 801,
      "y": 159,
      "bounds": {
        "left": 800,
        "top": 159,
        "width": 3,
        "height": 1
      },
      "confidence": 48
    },
    {
      "text": "immediately",
      "x": 1604,
      "y": 148,
      "bounds": {
        "left": 1569,
        "top": 131,
        "width": 70,
        "height": 34
      },
      "confidence": 93
    },
    {
      "text": "caught",
      "x": 1664,
      "y": 148,
      "bounds": {
        "left": 1647,
        "top": 131,
        "width": 35,
        "height": 34
      },
      "confidence": 95
    },
    {
      "text": "up",
      "x": 1694,
      "y": 156,
      "bounds": {
        "left": 1689,
        "top": 151,
        "width": 10,
        "height": 10
      },
      "confidence": 96
    },
    {
      "text": "on",
      "x": 1712,
      "y": 148,
      "bounds": {
        "left": 1706,
        "top": 131,
        "width": 12,
        "height": 34
      },
      "confidence": 95
    },
    {
      "text": "what",
      "x": 1736,
      "y": 148,
      "bounds": {
        "left": 1723,
        "top": 131,
        "width": 27,
        "height": 34
      },
      "confidence": 95
    },
    {
      "text": "it",
      "x": 1757,
      "y": 148,
      "bounds": {
        "left": 1752,
        "top": 131,
        "width": 10,
        "height": 34
      },
      "confidence": 94
    },
    {
      "text": "missed.",
      "x": 1789,
      "y": 148,
      "bounds": {
        "left": 1769,
        "top": 131,
        "width": 40,
        "height": 34
      },
      "confidence": 92
    },
    {
      "text": ">",
      "x": 61,
      "y": 169,
      "bounds": {
        "left": 58,
        "top": 164,
        "width": 6,
        "height": 10
      },
      "confidence": 84
    },
    {
      "text": "\u00a9",
      "x": 80,
      "y": 169,
      "bounds": {
        "left": 74,
        "top": 164,
        "width": 12,
        "height": 10
      },
      "confidence": 84
    },
    {
      "text": "Mini-Agent",
      "x": 127,
      "y": 170,
      "bounds": {
        "left": 95,
        "top": 164,
        "width": 64,
        "height": 13
      },
      "confidence": 44
    },
    {
      "text": "-",
      "x": 305,
      "y": 167,
      "bounds": {
        "left": 303,
        "top": 167,
        "width": 5,
        "height": 1
      },
      "confidence": 74
    },
    {
      "text": "**get_news**:",
      "x": 366,
      "y": 167,
      "bounds": {
        "left": 318,
        "top": 161,
        "width": 96,
        "height": 13
      },
      "confidence": 69
    },
    {
      "text": "Market",
      "x": 447,
      "y": 166,
      "bounds": {
        "left": 425,
        "top": 161,
        "width": 45,
        "height": 10
      },
      "confidence": 92
    },
    {
      "text": "sentiment",
      "x": 513,
      "y": 166,
      "bounds": {
        "left": 479,
        "top": 161,
        "width": 68,
        "height": 10
      },
      "confidence": 92
    },
    {
      "text": "and",
      "x": 567,
      "y": 166,
      "bounds": {
        "left": 556,
        "top": 161,
        "width": 22,
        "height": 10
      },
      "confidence": 93
    },
    {
      "text": "company-specific",
      "x": 647,
      "y": 167,
      "bounds": {
        "left": 587,
        "top": 161,
        "width": 121,
        "height": 13
      },
      "confidence": 88
    },
    {
      "text": "headlines.",
      "x": 754,
      "y": 166,
      "bounds": {
        "left": 718,
        "top": 161,
        "width": 73,
        "height": 10
      },
      "confidence": 95
    },
    {
      "text": "~",
      "x": 305,
      "y": 186,
      "bounds": {
        "left": 303,
        "top": 186,
        "width": 5,
        "height": 1
      },
      "confidence": 67
    },
    {
      "text": "**get_hacker_news**:",
      "x": 390,
      "y": 186,
      "bounds": {
        "left": 318,
        "top": 180,
        "width": 144,
        "height": 13
      },
      "confidence": 85
    },
    {
      "text": "Tech-market",
      "x": 520,
      "y": 185,
      "bounds": {
        "left": 479,
        "top": 180,
        "width": 83,
        "height": 10
      },
      "confidence": 92
    },
    {
      "text": "crossover",
      "x": 606,
      "y": 186,
      "bounds": {
        "left": 572,
        "top": 183,
        "width": 68,
        "height": 7
      },
      "confidence": 94
    },
    {
      "text": "trends.",
      "x": 673,
      "y": 185,
      "bounds": {
        "left": 648,
        "top": 180,
        "width": 51,
        "height": 10
      },
      "confidence": 96
    },
    {
      "text": "4.",
      "x": 1544,
      "y": 185,
      "bounds": {
        "left": 1537,
        "top": 169,
        "width": 14,
        "height": 32
      },
      "confidence": 79
    },
    {
      "text": "Proactive",
      "x": 1589,
      "y": 185,
      "bounds": {
        "left": 1558,
        "top": 169,
        "width": 62,
        "height": 32
      },
      "confidence": 93
    },
    {
      "text": "Commands",
      "x": 1711,
      "y": 191,
      "bounds": {
        "left": 1622,
        "top": 185,
        "width": 179,
        "height": 12
      },
      "confidence": 96
    },
    {
      "text": "(Sentinel",
      "x": 1729,
      "y": 185,
      "bounds": {
        "left": 1699,
        "top": 169,
        "width": 60,
        "height": 32
      },
      "confidence": 90
    },
    {
      "text": "Tools)",
      "x": 1783,
      "y": 185,
      "bounds": {
        "left": 1763,
        "top": 169,
        "width": 41,
        "height": 32
      },
      "confidence": 74
    },
    {
      "text": "=",
      "x": 80,
      "y": 209,
      "bounds": {
        "left": 74,
        "top": 208,
        "width": 12,
        "height": 3
      },
      "confidence": 40
    },
    {
      "text": "-",
      "x": 305,
      "y": 205,
      "bounds": {
        "left": 303,
        "top": 205,
        "width": 5,
        "height": 1
      },
      "confidence": 83
    },
    {
      "text": "*tweb_search**:",
      "x": 367,
      "y": 205,
      "bounds": {
        "left": 318,
        "top": 199,
        "width": 98,
        "height": 13
      },
      "confidence": 41
    },
    {
      "text": "General",
      "x": 466,
      "y": 204,
      "bounds": {
        "left": 440,
        "top": 199,
        "width": 53,
        "height": 10
      },
      "confidence": 93
    },
    {
      "text": "financial",
      "x": 536,
      "y": 204,
      "bounds": {
        "left": 502,
        "top": 199,
        "width": 68,
        "height": 10
      },
      "confidence": 94
    },
    {
      "text": "or",
      "x": 586,
      "y": 205,
      "bounds": {
        "left": 579,
        "top": 202,
        "width": 14,
        "height": 7
      },
      "confidence": 91
    },
    {
      "text": "macro",
      "x": 621,
      "y": 205,
      "bounds": {
        "left": 602,
        "top": 202,
        "width": 38,
        "height": 7
      },
      "confidence": 91
    },
    {
      "text": "research.",
      "x": 681,
      "y": 204,
      "bounds": {
        "left": 649,
        "top": 199,
        "width": 65,
        "height": 10
      },
      "confidence": 96
    },
    {
      "text": "B",
      "x": 21,
      "y": 225,
      "bounds": {
        "left": 12,
        "top": 217,
        "width": 18,
        "height": 16
      },
      "confidence": 90
    },
    {
      "text": ">",
      "x": 61,
      "y": 213,
      "bounds": {
        "left": 58,
        "top": 208,
        "width": 6,
        "height": 10
      },
      "confidence": 95
    },
    {
      "text": "\u00a9",
      "x": 80,
      "y": 217,
      "bounds": {
        "left": 74,
        "top": 216,
        "width": 12,
        "height": 2
      },
      "confidence": 91
    },
    {
      "text": "New",
      "x": 1552,
      "y": 218,
      "bounds": {
        "left": 1542,
        "top": 206,
        "width": 20,
        "height": 24
      },
      "confidence": 90
    },
    {
      "text": "tools",
      "x": 1583,
      "y": 218,
      "bounds": {
        "left": 1568,
        "top": 206,
        "width": 30,
        "height": 24
      },
      "confidence": 95
    },
    {
      "text": "for",
      "x": 1610,
      "y": 218,
      "bounds": {
        "left": 1602,
        "top": 206,
        "width": 16,
        "height": 24
      },
      "confidence": 95
    },
    {
      "text": "the",
      "x": 1632,
      "y": 218,
      "bounds": {
        "left": 1624,
        "top": 206,
        "width": 16,
        "height": 24
      },
      "confidence": 96
    },
    {
      "text": "Al",
      "x": 1651,
      "y": 218,
      "bounds": {
        "left": 1646,
        "top": 206,
        "width": 10,
        "height": 24
      },
      "confidence": 91
    },
    {
      "text": "agent",
      "x": 1677,
      "y": 218,
      "bounds": {
        "left": 1662,
        "top": 206,
        "width": 30,
        "height": 24
      },
      "confidence": 96
    },
    {
      "text": "to",
      "x": 1704,
      "y": 218,
      "bounds": {
        "left": 1698,
        "top": 206,
        "width": 12,
        "height": 24
      },
      "confidence": 96
    },
    {
      "text": "manage",
      "x": 1735,
      "y": 218,
      "bounds": {
        "left": 1716,
        "top": 206,
        "width": 38,
        "height": 24
      },
      "confidence": 96
    },
    {
      "text": "its",
      "x": 1768,
      "y": 218,
      "bounds": {
        "left": 1760,
        "top": 206,
        "width": 16,
        "height": 24
      },
      "confidence": 96
    },
    {
      "text": "background",
      "x": 1812,
      "y": 218,
      "bounds": {
        "left": 1782,
        "top": 206,
        "width": 60,
        "height": 24
      },
      "confidence": 96
    },
    {
      "text": "self:",
      "x": 1862,
      "y": 218,
      "bounds": {
        "left": 1848,
        "top": 206,
        "width": 28,
        "height": 24
      },
      "confidence": 94
    },
    {
      "text": ">",
      "x": 61,
      "y": 235,
      "bounds": {
        "left": 58,
        "top": 230,
        "width": 6,
        "height": 10
      },
      "confidence": 91
    },
    {
      "text": "\u00a9",
      "x": 80,
      "y": 239,
      "bounds": {
        "left": 74,
        "top": 238,
        "width": 12,
        "height": 2
      },
      "confidence": 90
    },
    {
      "text": "openclaw",
      "x": 121,
      "y": 236,
      "bounds": {
        "left": 94,
        "top": 230,
        "width": 55,
        "height": 13
      },
      "confidence": 63
    },
    {
      "text": "Coe",
      "x": 378,
      "y": 242,
      "bounds": {
        "left": 356,
        "top": 237,
        "width": 45,
        "height": 10
      },
      "confidence": 36
    },
    {
      "text": "(ERD)",
      "x": 501,
      "y": 243,
      "bounds": {
        "left": 472,
        "top": 237,
        "width": 59,
        "height": 13
      },
      "confidence": 50
    },
    {
      "text": "\u00a9",
      "x": 1549,
      "y": 239,
      "bounds": {
        "left": 1547,
        "top": 237,
        "width": 5,
        "height": 5
      },
      "confidence": 31
    },
    {
      "text": "(symbol,",
      "x": 1659,
      "y": 238,
      "bounds": {
        "left": 1635,
        "top": 223,
        "width": 48,
        "height": 31
      },
      "confidence": 56
    },
    {
      "text": "condition)",
      "x": 1723,
      "y": 241,
      "bounds": {
        "left": 1692,
        "top": 237,
        "width": 63,
        "height": 8
      },
      "confidence": 93
    },
    {
      "text": ":",
      "x": 1763,
      "y": 240,
      "bounds": {
        "left": 1762,
        "top": 237,
        "width": 2,
        "height": 7
      },
      "confidence": 93
    },
    {
      "text": "Programmatically",
      "x": 1818,
      "y": 240,
      "bounds": {
        "left": 1768,
        "top": 234,
        "width": 100,
        "height": 13
      },
      "confidence": 86
    },
    {
      "text": "B",
      "x": 22,
      "y": 266,
      "bounds": {
        "left": 14,
        "top": 258,
        "width": 16,
        "height": 16
      },
      "confidence": 82
    },
    {
      "text": ">",
      "x": 61,
      "y": 257,
      "bounds": {
        "left": 58,
        "top": 252,
        "width": 6,
        "height": 10
      },
      "confidence": 93
    },
    {
      "text": "\u00a9",
      "x": 80,
      "y": 257,
      "bounds": {
        "left": 74,
        "top": 252,
        "width": 12,
        "height": 10
      },
      "confidence": 92
    },
    {
      "text": "opencode",
      "x": 123,
      "y": 258,
      "bounds": {
        "left": 94,
        "top": 252,
        "width": 58,
        "height": 13
      },
      "confidence": 87
    },
    {
      "text": "47",
      "x": 267,
      "y": 261,
      "bounds": {
        "left": 260,
        "top": 257,
        "width": 14,
        "height": 9
      },
      "confidence": 49
    },
    {
      "text": "-",
      "x": 305,
      "y": 262,
      "bounds": {
        "left": 303,
        "top": 262,
        "width": 5,
        "height": 1
      },
      "confidence": 73
    },
    {
      "text": "**search_memory**:",
      "x": 385,
      "y": 262,
      "bounds": {
        "left": 318,
        "top": 256,
        "width": 135,
        "height": 13
      },
      "confidence": 91
    },
    {
      "text": "Query",
      "x": 482,
      "y": 263,
      "bounds": {
        "left": 463,
        "top": 257,
        "width": 38,
        "height": 12
      },
      "confidence": 95
    },
    {
      "text": "past",
      "x": 524,
      "y": 263,
      "bounds": {
        "left": 510,
        "top": 257,
        "width": 29,
        "height": 12
      },
      "confidence": 95
    },
    {
      "text": "sessions",
      "x": 578,
      "y": 261,
      "bounds": {
        "left": 549,
        "top": 256,
        "width": 59,
        "height": 10
      },
      "confidence": 96
    },
    {
      "text": "and",
      "x": 628,
      "y": 261,
      "bounds": {
        "left": 618,
        "top": 256,
        "width": 21,
        "height": 10
      },
      "confidence": 96
    },
    {
      "text": "user-defined",
      "x": 694,
      "y": 261,
      "bounds": {
        "left": 649,
        "top": 256,
        "width": 90,
        "height": 10
      },
      "confidence": 96
    },
    {
      "text": "prefer",
      "x": 770,
      "y": 262,
      "bounds": {
        "left": 749,
        "top": 256,
        "width": 43,
        "height": 13
      },
      "confidence": 96
    },
    {
      "text": "add",
      "x": 1576,
      "y": 261,
      "bounds": {
        "left": 1564,
        "top": 249,
        "width": 25,
        "height": 25
      },
      "confidence": 92
    },
    {
      "text": "background",
      "x": 1626,
      "y": 261,
      "bounds": {
        "left": 1595,
        "top": 249,
        "width": 63,
        "height": 25
      },
      "confidence": 96
    },
    {
      "text": "triggers.",
      "x": 1690,
      "y": 261,
      "bounds": {
        "left": 1664,
        "top": 249,
        "width": 53,
        "height": 25
      },
      "confidence": 96
    },
    {
      "text": ">",
      "x": 61,
      "y": 279,
      "bounds": {
        "left": 58,
        "top": 274,
        "width": 6,
        "height": 10
      },
      "confidence": 77
    },
    {
      "text": "\u00a9",
      "x": 77,
      "y": 278,
      "bounds": {
        "left": 74,
        "top": 263,
        "width": 6,
        "height": 31
      },
      "confidence": 77
    },
    {
      "text": "temp",
      "x": 109,
      "y": 281,
      "bounds": {
        "left": 94,
        "top": 275,
        "width": 30,
        "height": 12
      },
      "confidence": 96
    },
    {
      "text": "48",
      "x": 267,
      "y": 280,
      "bounds": {
        "left": 260,
        "top": 276,
        "width": 14,
        "height": 9
      },
      "confidence": 51
    },
    {
      "text": "-",
      "x": 305,
      "y": 281,
      "bounds": {
        "left": 303,
        "top": 281,
        "width": 5,
        "height": 1
      },
      "confidence": 60
    },
    {
      "text": "**update_memory**:",
      "x": 385,
      "y": 281,
      "bounds": {
        "left": 318,
        "top": 275,
        "width": 135,
        "height": 13
      },
      "confidence": 63
    },
    {
      "text": "Persist",
      "x": 490,
      "y": 280,
      "bounds": {
        "left": 464,
        "top": 275,
        "width": 52,
        "height": 10
      },
      "confidence": 96
    },
    {
      "text": "critical",
      "x": 555,
      "y": 280,
      "bounds": {
        "left": 525,
        "top": 275,
        "width": 60,
        "height": 10
      },
      "confidence": 96
    },
    {
      "text": "insights",
      "x": 625,
      "y": 281,
      "bounds": {
        "left": 595,
        "top": 275,
        "width": 60,
        "height": 13
      },
      "confidence": 95
    },
    {
      "text": "or",
      "x": 671,
      "y": 281,
      "bounds": {
        "left": 664,
        "top": 278,
        "width": 14,
        "height": 7
      },
      "confidence": 90
    },
    {
      "text": "global",
      "x": 709,
      "y": 281,
      "bounds": {
        "left": 687,
        "top": 275,
        "width": 45,
        "height": 13
      },
      "confidence": 90
    },
    {
      "text": "setting",
      "x": 766,
      "y": 281,
      "bounds": {
        "left": 741,
        "top": 275,
        "width": 51,
        "height": 13
      },
      "confidence": 96
    },
    {
      "text": "Fetch",
      "x": 1744,
      "y": 280,
      "bounds": {
        "left": 1729,
        "top": 264,
        "width": 30,
        "height": 32
      },
      "confidence": 42
    },
    {
      "text": "o",
      "x": 1765,
      "y": 285,
      "bounds": {
        "left": 1764,
        "top": 282,
        "width": 3,
        "height": 7
      },
      "confidence": 59
    },
    {
      "text": "summary",
      "x": 1807,
      "y": 285,
      "bounds": {
        "left": 1773,
        "top": 279,
        "width": 69,
        "height": 13
      },
      "confidence": 48
    },
    {
      "text": "of",
      "x": 1838,
      "y": 280,
      "bounds": {
        "left": 1831,
        "top": 264,
        "width": 14,
        "height": 32
      },
      "confidence": 84
    },
    {
      "text": ">",
      "x": 39,
      "y": 306,
      "bounds": {
        "left": 14,
        "top": 296,
        "width": 50,
        "height": 20
      },
      "confidence": 32
    },
    {
      "text": "\u00a9",
      "x": 77,
      "y": 302,
      "bounds": {
        "left": 74,
        "top": 285,
        "width": 6,
        "height": 35
      },
      "confidence": 75
    },
    {
      "text": "test.workspace",
      "x": 137,
      "y": 302,
      "bounds": {
        "left": 94,
        "top": 296,
        "width": 87,
        "height": 13
      },
      "confidence": 77
    },
    {
      "text": "49",
      "x": 267,
      "y": 299,
      "bounds": {
        "left": 260,
        "top": 295,
        "width": 14,
        "height": 9
      },
      "confidence": 52
    },
    {
      "text": "</tool_manifesto>",
      "x": 367,
      "y": 300,
      "bounds": {
        "left": 302,
        "top": 294,
        "width": 130,
        "height": 13
      },
      "confidence": 70
    },
    {
      "text": ">",
      "x": 61,
      "y": 323,
      "bounds": {
        "left": 58,
        "top": 318,
        "width": 6,
        "height": 10
      },
      "confidence": 91
    },
    {
      "text": "\u00a9",
      "x": 80,
      "y": 323,
      "bounds": {
        "left": 74,
        "top": 318,
        "width": 12,
        "height": 10
      },
      "confidence": 89
    },
    {
      "text": "tradio",
      "x": 111,
      "y": 323,
      "bounds": {
        "left": 94,
        "top": 318,
        "width": 34,
        "height": 10
      },
      "confidence": 92
    },
    {
      "text": "=",
      "x": 267,
      "y": 318,
      "bounds": {
        "left": 261,
        "top": 314,
        "width": 13,
        "height": 9
      },
      "confidence": 40
    },
    {
      "text": "B",
      "x": 80,
      "y": 345,
      "bounds": {
        "left": 75,
        "top": 339,
        "width": 10,
        "height": 12
      },
      "confidence": 74
    },
    {
      "text": "<eritical_reninders>",
      "x": 378,
      "y": 342,
      "bounds": {
        "left": 302,
        "top": 332,
        "width": 153,
        "height": 21
      },
      "confidence": 45
    },
    {
      "text": "one",
      "x": 125,
      "y": 348,
      "bounds": {
        "left": 94,
        "top": 343,
        "width": 63,
        "height": 10
      },
      "confidence": 44
    },
    {
      "text": "52",
      "x": 267,
      "y": 356,
      "bounds": {
        "left": 261,
        "top": 352,
        "width": 13,
        "height": 9
      },
      "confidence": 52
    },
    {
      "text": "-",
      "x": 305,
      "y": 357,
      "bounds": {
        "left": 303,
        "top": 357,
        "width": 5,
        "height": 1
      },
      "confidence": 57
    },
    {
      "text": "Disclosure**:",
      "x": 458,
      "y": 356,
      "bounds": {
        "left": 410,
        "top": 351,
        "width": 97,
        "height": 10
      },
      "confidence": 89
    },
    {
      "text": "Always",
      "x": 539,
      "y": 357,
      "bounds": {
        "left": 517,
        "top": 351,
        "width": 45,
        "height": 13
      },
      "confidence": 96
    },
    {
      "text": "specify",
      "x": 598,
      "y": 357,
      "bounds": {
        "left": 572,
        "top": 351,
        "width": 52,
        "height": 13
      },
      "confidence": 95
    },
    {
      "text": "that",
      "x": 647,
      "y": 356,
      "bounds": {
        "left": 633,
        "top": 351,
        "width": 29,
        "height": 10
      },
      "confidence": 96
    },
    {
      "text": "your",
      "x": 686,
      "y": 359,
      "bounds": {
        "left": 671,
        "top": 354,
        "width": 30,
        "height": 10
      },
      "confidence": 96
    },
    {
      "text": "analysis",
      "x": 740,
      "y": 357,
      "bounds": {
        "left": 710,
        "top": 351,
        "width": 60,
        "height": 13
      },
      "confidence": 96
    },
    {
      "text": "is",
      "x": 786,
      "y": 357,
      "bounds": {
        "left": 780,
        "top": 354,
        "width": 12,
        "height": 7
      },
      "confidence": 94
    },
    {
      "text": "53.",
      "x": 267,
      "y": 375,
      "bounds": {
        "left": 261,
        "top": 371,
        "width": 13,
        "height": 9
      },
      "confidence": 45
    },
    {
      "text": "-",
      "x": 305,
      "y": 376,
      "bounds": {
        "left": 303,
        "top": 376,
        "width": 5,
        "height": 1
      },
      "confidence": 63
    },
    {
      "text": "**Epror",
      "x": 344,
      "y": 375,
      "bounds": {
        "left": 318,
        "top": 370,
        "width": 52,
        "height": 10
      },
      "confidence": 87
    },
    {
      "text": "Handling**:",
      "x": 419,
      "y": 376,
      "bounds": {
        "left": 379,
        "top": 370,
        "width": 81,
        "height": 13
      },
      "confidence": 85
    },
    {
      "text": "If",
      "x": 479,
      "y": 375,
      "bounds": {
        "left": 472,
        "top": 370,
        "width": 14,
        "height": 10
      },
      "confidence": 95
    },
    {
      "text": "a",
      "x": 498,
      "y": 376,
      "bounds": {
        "left": 495,
        "top": 373,
        "width": 6,
        "height": 7
      },
      "confidence": 95
    },
    {
      "text": "ticker",
      "x": 532,
      "y": 375,
      "bounds": {
        "left": 509,
        "top": 370,
        "width": 46,
        "height": 10
      },
      "confidence": 94
    },
    {
      "text": "is",
      "x": 571,
      "y": 375,
      "bounds": {
        "left": 564,
        "top": 370,
        "width": 14,
        "height": 10
      },
      "confidence": 95
    },
    {
      "text": "invalid",
      "x": 613,
      "y": 375,
      "bounds": {
        "left": 587,
        "top": 370,
        "width": 52,
        "height": 10
      },
      "confidence": 95
    },
    {
      "text": "or",
      "x": 655,
      "y": 376,
      "bounds": {
        "left": 648,
        "top": 373,
        "width": 15,
        "height": 7
      },
      "confidence": 96
    },
    {
      "text": "data",
      "x": 686,
      "y": 375,
      "bounds": {
        "left": 671,
        "top": 370,
        "width": 30,
        "height": 10
      },
      "confidence": 96
    },
    {
      "text": "is",
      "x": 717,
      "y": 375,
      "bounds": {
        "left": 710,
        "top": 370,
        "width": 14,
        "height": 10
      },
      "confidence": 96
    },
    {
      "text": "missing,",
      "x": 762,
      "y": 376,
      "bounds": {
        "left": 733,
        "top": 370,
        "width": 58,
        "height": 13
      },
      "confidence": 94
    },
    {
      "text": "54",
      "x": 267,
      "y": 394,
      "bounds": {
        "left": 261,
        "top": 390,
        "width": 13,
        "height": 9
      },
      "confidence": 45
    },
    {
      "text": "-",
      "x": 305,
      "y": 395,
      "bounds": {
        "left": 303,
        "top": 395,
        "width": 5,
        "height": 1
      },
      "confidence": 45
    },
    {
      "text": "**Visualization**:",
      "x": 385,
      "y": 394,
      "bounds": {
        "left": 318,
        "top": 389,
        "width": 135,
        "height": 10
      },
      "confidence": 53
    },
    {
      "text": "Interactive",
      "x": 505,
      "y": 394,
      "bounds": {
        "left": 464,
        "top": 389,
        "width": 83,
        "height": 10
      },
      "confidence": 96
    },
    {
      "text": "charts",
      "x": 578,
      "y": 394,
      "bounds": {
        "left": 556,
        "top": 389,
        "width": 45,
        "height": 10
      },
      "confidence": 96
    },
    {
      "text": "are",
      "x": 621,
      "y": 395,
      "bounds": {
        "left": 610,
        "top": 392,
        "width": 22,
        "height": 7
      },
      "confidence": 96
    },
    {
      "text": "high-value.",
      "x": 681,
      "y": 395,
      "bounds": {
        "left": 641,
        "top": 389,
        "width": 81,
        "height": 13
      },
      "confidence": 96
    },
    {
      "text": "Always",
      "x": 755,
      "y": 395,
      "bounds": {
        "left": 732,
        "top": 389,
        "width": 46,
        "height": 13
      },
      "confidence": 85
    },
    {
      "text": "55",
      "x": 267,
      "y": 413,
      "bounds": {
        "left": 261,
        "top": 409,
        "width": 13,
        "height": 9
      },
      "confidence": 56
    },
    {
      "text": "</critical_reminders>\"\"\"",
      "x": 393,
      "y": 414,
      "bounds": {
        "left": 302,
        "top": 408,
        "width": 183,
        "height": 13
      },
      "confidence": 61
    },
    {
      "text": "Implementation",
      "x": 1594,
      "y": 411,
      "bounds": {
        "left": 1542,
        "top": 405,
        "width": 105,
        "height": 13
      },
      "confidence": 92
    },
    {
      "text": "Phasing",
      "x": 1676,
      "y": 411,
      "bounds": {
        "left": 1651,
        "top": 405,
        "width": 51,
        "height": 13
      },
      "confidence": 96
    },
    {
      "text": "56",
      "x": 267,
      "y": 432,
      "bounds": {
        "left": 261,
        "top": 428,
        "width": 13,
        "height": 9
      },
      "confidence": 94
    },
    {
      "text": "Phase",
      "x": 1569,
      "y": 444,
      "bounds": {
        "left": 1551,
        "top": 439,
        "width": 36,
        "height": 10
      },
      "confidence": 79
    },
    {
      "text": "Milestone",
      "x": 1637,
      "y": 444,
      "bounds": {
        "left": 1606,
        "top": 439,
        "width": 62,
        "height": 10
      },
      "confidence": 71
    },
    {
      "text": "Description",
      "x": 1728,
      "y": 445,
      "bounds": {
        "left": 1692,
        "top": 439,
        "width": 72,
        "height": 13
      },
      "confidence": 61
    },
    {
      "text": "indows",
      "x": 749,
      "y": 472,
      "bounds": {
        "left": 739,
        "top": 468,
        "width": 21,
        "height": 9
      },
      "confidence": 70
    },
    {
      "text": "cannot",
      "x": 798,
      "y": 473,
      "bounds": {
        "left": 781,
        "top": 469,
        "width": 34,
        "height": 8
      },
      "confidence": 96
    },
    {
      "text": "find",
      "x": 829,
      "y": 472,
      "bounds": {
        "left": 820,
        "top": 468,
        "width": 19,
        "height": 9
      },
      "confidence": 39
    },
    {
      "text": "'spotify\u2019.",
      "x": 861,
      "y": 474,
      "bounds": {
        "left": 847,
        "top": 469,
        "width": 28,
        "height": 11
      },
      "confidence": 39
    },
    {
      "text": "Make",
      "x": 908,
      "y": 472,
      "bounds": {
        "left": 897,
        "top": 468,
        "width": 22,
        "height": 9
      },
      "confidence": 96
    },
    {
      "text": "sure",
      "x": 934,
      "y": 474,
      "bounds": {
        "left": 924,
        "top": 471,
        "width": 20,
        "height": 6
      },
      "confidence": 96
    },
    {
      "text": "you",
      "x": 964,
      "y": 473,
      "bounds": {
        "left": 955,
        "top": 469,
        "width": 19,
        "height": 8
      },
      "confidence": 96
    },
    {
      "text": "typed",
      "x": 985,
      "y": 471,
      "bounds": {
        "left": 972,
        "top": 456,
        "width": 27,
        "height": 31
      },
      "confidence": 96
    },
    {
      "text": "ther",
      "x": 1014,
      "y": 472,
      "bounds": {
        "left": 1003,
        "top": 468,
        "width": 23,
        "height": 9
      },
      "confidence": 81
    },
    {
      "text": "and",
      "x": 1119,
      "y": 472,
      "bounds": {
        "left": 1111,
        "top": 468,
        "width": 17,
        "height": 9
      },
      "confidence": 96
    },
    {
      "text": "then",
      "x": 1141,
      "y": 472,
      "bounds": {
        "left": 1132,
        "top": 468,
        "width": 19,
        "height": 9
      },
      "confidence": 95
    },
    {
      "text": "ty",
      "x": 1163,
      "y": 473,
      "bounds": {
        "left": 1158,
        "top": 469,
        "width": 10,
        "height": 8
      },
      "confidence": 90
    },
    {
      "text": "again",
      "x": 1191,
      "y": 475,
      "bounds": {
        "left": 1178,
        "top": 471,
        "width": 26,
        "height": 9
      },
      "confidence": 71
    },
    {
      "text": "Phase",
      "x": 1566,
      "y": 472,
      "bounds": {
        "left": 1550,
        "top": 468,
        "width": 32,
        "height": 9
      },
      "confidence": 90
    },
    {
      "text": "|",
      "x": 1596,
      "y": 471,
      "bounds": {
        "left": 1592,
        "top": 456,
        "width": 9,
        "height": 31
      },
      "confidence": 68
    },
    {
      "text": "ThePulse",
      "x": 1631,
      "y": 472,
      "bounds": {
        "left": 1605,
        "top": 468,
        "width": 53,
        "height": 9
      },
      "confidence": 68
    },
    {
      "text": "|",
      "x": 1681,
      "y": 471,
      "bounds": {
        "left": 1677,
        "top": 456,
        "width": 9,
        "height": 31
      },
      "confidence": 63
    },
    {
      "text": "Create",
      "x": 1709,
      "y": 472,
      "bounds": {
        "left": 1692,
        "top": 468,
        "width": 34,
        "height": 9
      },
      "confidence": 74
    },
    {
      "text": "arc/monitoring/engine.",
      "x": 1805,
      "y": 474,
      "bounds": {
        "left": 1734,
        "top": 470,
        "width": 143,
        "height": 9
      },
      "confidence": 83
    },
    {
      "text": "1",
      "x": 1552,
      "y": 490,
      "bounds": {
        "left": 1550,
        "top": 486,
        "width": 4,
        "height": 9
      },
      "confidence": 95
    },
    {
      "text": "Core",
      "x": 1618,
      "y": 494,
      "bounds": {
        "left": 1601,
        "top": 479,
        "width": 34,
        "height": 31
      },
      "confidence": 94
    },
    {
      "text": "py",
      "x": 1699,
      "y": 496,
      "bounds": {
        "left": 1692,
        "top": 493,
        "width": 14,
        "height": 7
      },
      "confidence": 70
    },
    {
      "text": "using",
      "x": 1725,
      "y": 492,
      "bounds": {
        "left": 1711,
        "top": 477,
        "width": 29,
        "height": 31
      },
      "confidence": 94
    },
    {
      "text": "asimple",
      "x": 1766,
      "y": 492,
      "bounds": {
        "left": 1744,
        "top": 477,
        "width": 45,
        "height": 31
      },
      "confidence": 86
    },
    {
      "text": "while",
      "x": 1811,
      "y": 494,
      "bounds": {
        "left": 1795,
        "top": 491,
        "width": 33,
        "height": 7
      },
      "confidence": 89
    },
    {
      "text": "True",
      "x": 1848,
      "y": 494,
      "bounds": {
        "left": 1835,
        "top": 491,
        "width": 26,
        "height": 7
      },
      "confidence": 82
    },
    {
      "text": "Problems",
      "x": 279,
      "y": 511,
      "bounds": {
        "left": 254,
        "top": 507,
        "width": 50,
        "height": 9
      },
      "confidence": 92
    },
    {
      "text": "Output",
      "x": 347,
      "y": 513,
      "bounds": {
        "left": 328,
        "top": 507,
        "width": 39,
        "height": 12
      },
      "confidence": 70
    },
    {
      "text": "Debug",
      "x": 409,
      "y": 513,
      "bounds": {
        "left": 392,
        "top": 507,
        "width": 35,
        "height": 12
      },
      "confidence": 70
    },
    {
      "text": "Console",
      "x": 452,
      "y": 511,
      "bounds": {
        "left": 431,
        "top": 507,
        "width": 43,
        "height": 9
      },
      "confidence": 70
    },
    {
      "text": "Ports",
      "x": 583,
      "y": 511,
      "bounds": {
        "left": 570,
        "top": 507,
        "width": 27,
        "height": 9
      },
      "confidence": 68
    },
    {
      "text": "+.",
      "x": 1403,
      "y": 511,
      "bounds": {
        "left": 1389,
        "top": 505,
        "width": 28,
        "height": 13
      },
      "confidence": 49
    },
    {
      "text": "args:",
      "x": 304,
      "y": 544,
      "bounds": {
        "left": 288,
        "top": 538,
        "width": 33,
        "height": 12
      },
      "confidence": 85
    },
    {
      "text": "{}",
      "x": 337,
      "y": 543,
      "bounds": {
        "left": 330,
        "top": 537,
        "width": 14,
        "height": 13
      },
      "confidence": 85
    },
    {
      "text": "1",
      "x": 1433,
      "y": 541,
      "bounds": {
        "left": 1431,
        "top": 536,
        "width": 4,
        "height": 11
      },
      "confidence": 47
    },
    {
      "text": "Phase",
      "x": 1566,
      "y": 540,
      "bounds": {
        "left": 1550,
        "top": 536,
        "width": 32,
        "height": 9
      },
      "confidence": 85
    },
    {
      "text": "ETF",
      "x": 1615,
      "y": 540,
      "bounds": {
        "left": 1606,
        "top": 536,
        "width": 19,
        "height": 9
      },
      "confidence": 65
    },
    {
      "text": "Implement",
      "x": 1720,
      "y": 542,
      "bounds": {
        "left": 1692,
        "top": 536,
        "width": 57,
        "height": 12
      },
      "confidence": 89
    },
    {
      "text": "2026-02-14",
      "x": 288,
      "y": 559,
      "bounds": {
        "left": 253,
        "top": 555,
        "width": 71,
        "height": 9
      },
      "confidence": 50
    },
    {
      "text": "-",
      "x": 425,
      "y": 560,
      "bounds": {
        "left": 422,
        "top": 560,
        "width": 6,
        "height": 1
      },
      "confidence": 81
    },
    {
      "text": "httpx",
      "x": 453,
      "y": 560,
      "bounds": {
        "left": 436,
        "top": 554,
        "width": 35,
        "height": 13
      },
      "confidence": 69
    },
    {
      "text": "-",
      "x": 481,
      "y": 558,
      "bounds": {
        "left": 478,
        "top": 543,
        "width": 7,
        "height": 31
      },
      "confidence": 91
    },
    {
      "text": "INFO",
      "x": 506,
      "y": 559,
      "bounds": {
        "left": 492,
        "top": 555,
        "width": 28,
        "height": 9
      },
      "confidence": 87
    },
    {
      "text": "-",
      "x": 531,
      "y": 558,
      "bounds": {
        "left": 528,
        "top": 543,
        "width": 6,
        "height": 31
      },
      "confidence": 85
    },
    {
      "text": "HTTP",
      "x": 554,
      "y": 559,
      "bounds": {
        "left": 540,
        "top": 555,
        "width": 29,
        "height": 9
      },
      "confidence": 79
    },
    {
      "text": "Request:",
      "x": 602,
      "y": 561,
      "bounds": {
        "left": 576,
        "top": 555,
        "width": 53,
        "height": 12
      },
      "confidence": 89
    },
    {
      "text": "POST",
      "x": 652,
      "y": 559,
      "bounds": {
        "left": 638,
        "top": 555,
        "width": 29,
        "height": 9
      },
      "confidence": 96
    },
    {
      "text": "https:",
      "x": 692,
      "y": 558,
      "bounds": {
        "left": 672,
        "top": 543,
        "width": 40,
        "height": 31
      },
      "confidence": 91
    },
    {
      "text": "//api",
      "x": 732,
      "y": 560,
      "bounds": {
        "left": 716,
        "top": 554,
        "width": 32,
        "height": 13
      },
      "confidence": 61
    },
    {
      "text": "AAFLEL",
      "x": 967,
      "y": 558,
      "bounds": {
        "left": 949,
        "top": 543,
        "width": 37,
        "height": 31
      },
      "confidence": 89
    },
    {
      "text": "fchgN3nfpQsrhfFAKvSmtNHnBGdU/getUpdates",
      "x": 1128,
      "y": 560,
      "bounds": {
        "left": 988,
        "top": 554,
        "width": 280,
        "height": 13
      },
      "confidence": 43
    },
    {
      "text": "\u201cHTTP/1.1",
      "x": 1307,
      "y": 559,
      "bounds": {
        "left": 1276,
        "top": 554,
        "width": 62,
        "height": 11
      },
      "confidence": 86
    },
    {
      "text": "200",
      "x": 1356,
      "y": 559,
      "bounds": {
        "left": 1345,
        "top": 555,
        "width": 22,
        "height": 9
      },
      "confidence": 74
    },
    {
      "text": "OK\"",
      "x": 1383,
      "y": 559,
      "bounds": {
        "left": 1373,
        "top": 554,
        "width": 21,
        "height": 10
      },
      "confidence": 53
    },
    {
      "text": "2",
      "x": 1553,
      "y": 558,
      "bounds": {
        "left": 1550,
        "top": 554,
        "width": 6,
        "height": 9
      },
      "confidence": 96
    },
    {
      "text": "Resolution",
      "x": 1634,
      "y": 558,
      "bounds": {
        "left": 1606,
        "top": 554,
        "width": 57,
        "height": 9
      },
      "confidence": 86
    },
    {
      "text": "|",
      "x": 1680,
      "y": 557,
      "bounds": {
        "left": 1676,
        "top": 542,
        "width": 9,
        "height": 31
      },
      "confidence": 79
    },
    {
      "text": "py",
      "x": 1705,
      "y": 564,
      "bounds": {
        "left": 1692,
        "top": 561,
        "width": 27,
        "height": 7
      },
      "confidence": 39
    },
    {
      "text": "to",
      "x": 1728,
      "y": 557,
      "bounds": {
        "left": 1723,
        "top": 542,
        "width": 11,
        "height": 31
      },
      "confidence": 93
    },
    {
      "text": "auto-populate",
      "x": 1788,
      "y": 563,
      "bounds": {
        "left": 1740,
        "top": 557,
        "width": 96,
        "height": 12
      },
      "confidence": 92
    },
    {
      "text": "the",
      "x": 1829,
      "y": 557,
      "bounds": {
        "left": 1819,
        "top": 542,
        "width": 21,
        "height": 31
      },
      "confidence": 96
    },
    {
      "text": "SUCCESS:",
      "x": 335,
      "y": 576,
      "bounds": {
        "left": 308,
        "top": 569,
        "width": 55,
        "height": 14
      },
      "confidence": 53
    },
    {
      "text": "{\"elements\":",
      "x": 410,
      "y": 577,
      "bounds": {
        "left": 372,
        "top": 571,
        "width": 77,
        "height": 13
      },
      "confidence": 44
    },
    {
      "text": "\u2018A\u2019,",
      "x": 557,
      "y": 577,
      "bounds": {
        "left": 547,
        "top": 571,
        "width": 20,
        "height": 12
      },
      "confidence": 48
    },
    {
      "text": "\"x\":",
      "x": 589,
      "y": 576,
      "bounds": {
        "left": 578,
        "top": 571,
        "width": 23,
        "height": 10
      },
      "confidence": 55
    },
    {
      "text": "18,",
      "x": 620,
      "y": 577,
      "bounds": {
        "left": 610,
        "top": 572,
        "width": 20,
        "height": 11
      },
      "confidence": 86
    },
    {
      "text": "\"y\":",
      "x": 649,
      "y": 577,
      "bounds": {
        "left": 641,
        "top": 571,
        "width": 16,
        "height": 13
      },
      "confidence": 34
    },
    {
      "text": "17,",
      "x": 683,
      "y": 577,
      "bounds": {
        "left": 673,
        "top": 572,
        "width": 20,
        "height": 11
      },
      "confidence": 79
    },
    {
      "text": "\u201cbounds",
      "x": 727,
      "y": 576,
      "bounds": {
        "left": 704,
        "top": 571,
        "width": 46,
        "height": 10
      },
      "confidence": 68
    },
    {
      "text": "2",
      "x": 256,
      "y": 594,
      "bounds": {
        "left": 255,
        "top": 591,
        "width": 3,
        "height": 7
      },
      "confidence": 33
    },
    {
      "text": "\"A",
      "x": 275,
      "y": 593,
      "bounds": {
        "left": 268,
        "top": 588,
        "width": 14,
        "height": 10
      },
      "confidence": 56
    },
    {
      "text": "File",
      "x": 302,
      "y": 593,
      "bounds": {
        "left": 289,
        "top": 588,
        "width": 27,
        "height": 10
      },
      "confidence": 91
    },
    {
      "text": "Edit",
      "x": 337,
      "y": 593,
      "bounds": {
        "left": 324,
        "top": 588,
        "width": 27,
        "height": 10
      },
      "confidence": 92
    },
    {
      "text": "Selection",
      "x": 389,
      "y": 593,
      "bounds": {
        "left": 358,
        "top": 588,
        "width": 63,
        "height": 10
      },
      "confidence": 92
    },
    {
      "text": "View",
      "x": 442,
      "y": 593,
      "bounds": {
        "left": 428,
        "top": 588,
        "width": 29,
        "height": 10
      },
      "confidence": 96
    },
    {
      "text": "Go",
      "x": 470,
      "y": 593,
      "bounds": {
        "left": 463,
        "top": 589,
        "width": 15,
        "height": 9
      },
      "confidence": 96
    },
    {
      "text": "Run",
      "x": 495,
      "y": 593,
      "bounds": {
        "left": 485,
        "top": 589,
        "width": 20,
        "height": 9
      },
      "confidence": 96
    },
    {
      "text": "Terminal",
      "x": 540,
      "y": 593,
      "bounds": {
        "left": 512,
        "top": 588,
        "width": 56,
        "height": 10
      },
      "confidence": 96
    },
    {
      "text": "Help",
      "x": 589,
      "y": 594,
      "bounds": {
        "left": 575,
        "top": 588,
        "width": 29,
        "height": 13
      },
      "confidence": 93
    },
    {
      "text": "powerful-project-collection",
      "x": 705,
      "y": 594,
      "bounds": {
        "left": 611,
        "top": 588,
        "width": 188,
        "height": 13
      },
      "confidence": 85
    },
    {
      "text": "-",
      "x": 810,
      "y": 594,
      "bounds": {
        "left": 807,
        "top": 594,
        "width": 6,
        "height": 1
      },
      "confidence": 91
    },
    {
      "text": "antigravity",
      "x": 859,
      "y": 594,
      "bounds": {
        "left": 820,
        "top": 588,
        "width": 78,
        "height": 13
      },
      "confidence": 64
    },
    {
      "text": "-",
      "x": 908,
      "y": 594,
      "bounds": {
        "left": 905,
        "top": 594,
        "width": 6,
        "height": 1
      },
      "confidence": 92
    },
    {
      "text": "system",
      "x": 947,
      "y": 595,
      "bounds": {
        "left": 919,
        "top": 589,
        "width": 56,
        "height": 12
      },
      "confidence": 69
    },
    {
      "text": "p.",
      "x": 972,
      "y": 593,
      "bounds": {
        "left": 966,
        "top": 579,
        "width": 13,
        "height": 29
      },
      "confidence": 69
    },
    {
      "text": "\u2018monitor",
      "x": 1713,
      "y": 581,
      "bounds": {
        "left": 1692,
        "top": 577,
        "width": 43,
        "height": 9
      },
      "confidence": 77
    },
    {
      "text": "list",
      "x": 1745,
      "y": 581,
      "bounds": {
        "left": 1738,
        "top": 577,
        "width": 15,
        "height": 9
      },
      "confidence": 92
    },
    {
      "text": "from",
      "x": 1768,
      "y": 581,
      "bounds": {
        "left": 1756,
        "top": 577,
        "width": 24,
        "height": 9
      },
      "confidence": 93
    },
    {
      "text": "CSV/Web",
      "x": 1809,
      "y": 582,
      "bounds": {
        "left": 1784,
        "top": 577,
        "width": 50,
        "height": 10
      },
      "confidence": 87
    },
    {
      "text": "links.",
      "x": 1851,
      "y": 581,
      "bounds": {
        "left": 1838,
        "top": 577,
        "width": 26,
        "height": 9
      },
      "confidence": 66
    },
    {
      "text": "13,",
      "x": 844,
      "y": 577,
      "bounds": {
        "left": 834,
        "top": 572,
        "width": 20,
        "height": 11
      },
      "confidence": 79
    },
    {
      "text": "\u201ctop':",
      "x": 880,
      "y": 577,
      "bounds": {
        "left": 865,
        "top": 571,
        "width": 30,
        "height": 13
      },
      "confidence": 31
    },
    {
      "text": "12,",
      "x": 921,
      "y": 577,
      "bounds": {
        "left": 912,
        "top": 572,
        "width": 19,
        "height": 11
      },
      "confidence": 79
    },
    {
      "text": "\u2018width\u2019:",
      "x": 966,
      "y": 576,
      "bounds": {
        "left": 946,
        "top": 571,
        "width": 40,
        "height": 10
      },
      "confidence": 50
    },
    {
      "text": "10,",
      "x": 1012,
      "y": 577,
      "bounds": {
        "left": 1003,
        "top": 572,
        "width": 19,
        "height": 11
      },
      "confidence": 55
    },
    {
      "text": "\u201cheight\":",
      "x": 1058,
      "y": 577,
      "bounds": {
        "left": 1033,
        "top": 571,
        "width": 51,
        "height": 13
      },
      "confidence": 44
    },
    {
      "text": "10},",
      "x": 1113,
      "y": 577,
      "bounds": {
        "left": 1100,
        "top": 571,
        "width": 27,
        "height": 13
      },
      "confidence": 89
    },
    {
      "text": "\u201cconf...",
      "x": 1154,
      "y": 576,
      "bounds": {
        "left": 1138,
        "top": 571,
        "width": 33,
        "height": 10
      },
      "confidence": 81
    },
    {
      "text": "[74919",
      "x": 1213,
      "y": 577,
      "bounds": {
        "left": 1186,
        "top": 571,
        "width": 54,
        "height": 13
      },
      "confidence": 92
    },
    {
      "text": "\u201cunfiltered",
      "x": 1349,
      "y": 580,
      "bounds": {
        "left": 1311,
        "top": 562,
        "width": 77,
        "height": 36
      },
      "confidence": 36
    },
    {
      "text": "text\u201d",
      "x": 1410,
      "y": 580,
      "bounds": {
        "left": 1394,
        "top": 562,
        "width": 33,
        "height": 36
      },
      "confidence": 36
    },
    {
      "text": "|",
      "x": 1445,
      "y": 583,
      "bounds": {
        "left": 1445,
        "top": 572,
        "width": 1,
        "height": 22
      },
      "confidence": 68
    },
    {
      "text": ".",
      "x": 991,
      "y": 597,
      "bounds": {
        "left": 990,
        "top": 596,
        "width": 3,
        "height": 2
      },
      "confidence": 57
    },
    {
      "text": "[5147",
      "x": 1020,
      "y": 594,
      "bounds": {
        "left": 1004,
        "top": 588,
        "width": 33,
        "height": 13
      },
      "confidence": 93
    },
    {
      "text": "chars]\",",
      "x": 1071,
      "y": 594,
      "bounds": {
        "left": 1044,
        "top": 588,
        "width": 55,
        "height": 13
      },
      "confidence": 88
    },
    {
      "text": "\u201cA",
      "x": 1213,
      "y": 593,
      "bounds": {
        "left": 1206,
        "top": 588,
        "width": 14,
        "height": 10
      },
      "confidence": 79
    },
    {
      "text": "File",
      "x": 1240,
      "y": 593,
      "bounds": {
        "left": 1227,
        "top": 588,
        "width": 27,
        "height": 10
      },
      "confidence": 96
    },
    {
      "text": "Edit",
      "x": 1275,
      "y": 593,
      "bounds": {
        "left": 1262,
        "top": 588,
        "width": 27,
        "height": 10
      },
      "confidence": 96
    },
    {
      "text": "Selection",
      "x": 1327,
      "y": 593,
      "bounds": {
        "left": 1296,
        "top": 588,
        "width": 63,
        "height": 10
      },
      "confidence": 95
    },
    {
      "text": "View",
      "x": 1380,
      "y": 593,
      "bounds": {
        "left": 1366,
        "top": 588,
        "width": 29,
        "height": 10
      },
      "confidence": 96
    },
    {
      "text": "Go",
      "x": 1408,
      "y": 593,
      "bounds": {
        "left": 1401,
        "top": 589,
        "width": 15,
        "height": 9
      },
      "confidence": 93
    },
    {
      "text": "R",
      "x": 1426,
      "y": 593,
      "bounds": {
        "left": 1423,
        "top": 589,
        "width": 6,
        "height": 9
      },
      "confidence": 87
    },
    {
      "text": "un",
      "x": 260,
      "y": 611,
      "bounds": {
        "left": 254,
        "top": 608,
        "width": 13,
        "height": 7
      },
      "confidence": 93
    },
    {
      "text": "Terminal",
      "x": 302,
      "y": 610,
      "bounds": {
        "left": 274,
        "top": 605,
        "width": 56,
        "height": 10
      },
      "confidence": 93
    },
    {
      "text": "Help",
      "x": 351,
      "y": 611,
      "bounds": {
        "left": 337,
        "top": 605,
        "width": 29,
        "height": 13
      },
      "confidence": 93
    },
    {
      "text": "powerful-project-collection",
      "x": 467,
      "y": 611,
      "bounds": {
        "left": 373,
        "top": 605,
        "width": 188,
        "height": 13
      },
      "confidence": 79
    },
    {
      "text": "-",
      "x": 572,
      "y": 611,
      "bounds": {
        "left": 569,
        "top": 611,
        "width": 6,
        "height": 1
      },
      "confidence": 90
    },
    {
      "text": "Antigravity",
      "x": 621,
      "y": 611,
      "bounds": {
        "left": 582,
        "top": 605,
        "width": 78,
        "height": 13
      },
      "confidence": 90
    },
    {
      "text": "-",
      "x": 670,
      "y": 611,
      "bounds": {
        "left": 667,
        "top": 611,
        "width": 6,
        "height": 1
      },
      "confidence": 89
    },
    {
      "text": "[5147",
      "x": 782,
      "y": 611,
      "bounds": {
        "left": 766,
        "top": 605,
        "width": 33,
        "height": 13
      },
      "confidence": 93
    },
    {
      "text": "chars]\u201d,",
      "x": 833,
      "y": 611,
      "bounds": {
        "left": 806,
        "top": 605,
        "width": 55,
        "height": 13
      },
      "confidence": 53
    },
    {
      "text": "\u201ctotal_elements\":",
      "x": 928,
      "y": 611,
      "bounds": {
        "left": 870,
        "top": 605,
        "width": 116,
        "height": 13
      },
      "confidence": 67
    },
    {
      "text": "\"615\"}",
      "x": 1016,
      "y": 611,
      "bounds": {
        "left": 996,
        "top": 605,
        "width": 41,
        "height": 13
      },
      "confidence": 83
    },
    {
      "text": "(6873ms)",
      "x": 1072,
      "y": 611,
      "bounds": {
        "left": 1045,
        "top": 605,
        "width": 54,
        "height": 13
      },
      "confidence": 71
    },
    {
      "text": "Phase",
      "x": 1566,
      "y": 608,
      "bounds": {
        "left": 1550,
        "top": 604,
        "width": 32,
        "height": 9
      },
      "confidence": 90
    },
    {
      "text": "Neural",
      "x": 1623,
      "y": 608,
      "bounds": {
        "left": 1606,
        "top": 604,
        "width": 35,
        "height": 9
      },
      "confidence": 50
    },
    {
      "text": "Filter",
      "x": 1659,
      "y": 608,
      "bounds": {
        "left": 1645,
        "top": 604,
        "width": 28,
        "height": 9
      },
      "confidence": 50
    },
    {
      "text": "_",
      "x": 1683,
      "y": 608,
      "bounds": {
        "left": 1681,
        "top": 593,
        "width": 5,
        "height": 30
      },
      "confidence": 53
    },
    {
      "text": "Integrate",
      "x": 1745,
      "y": 610,
      "bounds": {
        "left": 1692,
        "top": 604,
        "width": 107,
        "height": 12
      },
      "confidence": 57
    },
    {
      "text": "a",
      "x": 1746,
      "y": 608,
      "bounds": {
        "left": 1743,
        "top": 593,
        "width": 6,
        "height": 30
      },
      "confidence": 83
    },
    {
      "text": "\u201cSentinel",
      "x": 1776,
      "y": 610,
      "bounds": {
        "left": 1753,
        "top": 604,
        "width": 46,
        "height": 12
      },
      "confidence": 82
    },
    {
      "text": "Agent\u201d",
      "x": 1821,
      "y": 610,
      "bounds": {
        "left": 1803,
        "top": 604,
        "width": 36,
        "height": 12
      },
      "confidence": 77
    },
    {
      "text": "2026-02-14",
      "x": 288,
      "y": 627,
      "bounds": {
        "left": 253,
        "top": 623,
        "width": 71,
        "height": 9
      },
      "confidence": 68
    },
    {
      "text": "21:28:16,852",
      "x": 372,
      "y": 628,
      "bounds": {
        "left": 330,
        "top": 623,
        "width": 84,
        "height": 11
      },
      "confidence": 93
    },
    {
      "text": "-",
      "x": 425,
      "y": 628,
      "bounds": {
        "left": 422,
        "top": 628,
        "width": 6,
        "height": 1
      },
      "confidence": 75
    },
    {
      "text": "httpx",
      "x": 453,
      "y": 628,
      "bounds": {
        "left": 436,
        "top": 622,
        "width": 35,
        "height": 13
      },
      "confidence": 80
    },
    {
      "text": "-",
      "x": 481,
      "y": 628,
      "bounds": {
        "left": 478,
        "top": 628,
        "width": 6,
        "height": 1
      },
      "confidence": 91
    },
    {
      "text": "INFO",
      "x": 506,
      "y": 627,
      "bounds": {
        "left": 492,
        "top": 623,
        "width": 28,
        "height": 9
      },
      "confidence": 93
    },
    {
      "text": "-",
      "x": 530,
      "y": 628,
      "bounds": {
        "left": 527,
        "top": 628,
        "width": 6,
        "height": 1
      },
      "confidence": 84
    },
    {
      "text": "HTTP",
      "x": 554,
      "y": 627,
      "bounds": {
        "left": 540,
        "top": 623,
        "width": 29,
        "height": 9
      },
      "confidence": 91
    },
    {
      "text": "Request:",
      "x": 602,
      "y": 629,
      "bounds": {
        "left": 576,
        "top": 623,
        "width": 53,
        "height": 12
      },
      "confidence": 96
    },
    {
      "text": "POST",
      "x": 652,
      "y": 627,
      "bounds": {
        "left": 638,
        "top": 623,
        "width": 29,
        "height": 9
      },
      "confidence": 96
    },
    {
      "text": "https:",
      "x": 693,
      "y": 627,
      "bounds": {
        "left": 674,
        "top": 612,
        "width": 39,
        "height": 30
      },
      "confidence": 85
    },
    {
      "text": "\u201cHITP/1.1",
      "x": 1006,
      "y": 627,
      "bounds": {
        "left": 975,
        "top": 622,
        "width": 62,
        "height": 11
      },
      "confidence": 36
    },
    {
      "text": "200",
      "x": 1055,
      "y": 627,
      "bounds": {
        "left": 1044,
        "top": 623,
        "width": 22,
        "height": 9
      },
      "confidence": 82
    },
    {
      "text": "Ok\u201d",
      "x": 1082,
      "y": 627,
      "bounds": {
        "left": 1072,
        "top": 622,
        "width": 21,
        "height": 10
      },
      "confidence": 70
    },
    {
      "text": "3",
      "x": 1553,
      "y": 626,
      "bounds": {
        "left": 1550,
        "top": 622,
        "width": 6,
        "height": 9
      },
      "confidence": 96
    },
    {
      "text": "(background",
      "x": 1725,
      "y": 628,
      "bounds": {
        "left": 1692,
        "top": 622,
        "width": 67,
        "height": 12
      },
      "confidence": 87
    },
    {
      "text": "LLM)",
      "x": 1774,
      "y": 626,
      "bounds": {
        "left": 1763,
        "top": 611,
        "width": 23,
        "height": 30
      },
      "confidence": 95
    },
    {
      "text": "to",
      "x": 1797,
      "y": 626,
      "bounds": {
        "left": 1793,
        "top": 611,
        "width": 8,
        "height": 30
      },
      "confidence": 96
    },
    {
      "text": "score",
      "x": 1834,
      "y": 627,
      "bounds": {
        "left": 1805,
        "top": 622,
        "width": 59,
        "height": 11
      },
      "confidence": 96
    },
    {
      "text": "news",
      "x": 1854,
      "y": 626,
      "bounds": {
        "left": 1840,
        "top": 611,
        "width": 28,
        "height": 30
      },
      "confidence": 79
    },
    {
      "text": "[OPENAT]",
      "x": 316,
      "y": 645,
      "bounds": {
        "left": 290,
        "top": 639,
        "width": 53,
        "height": 13
      },
      "confidence": 63
    },
    {
      "text": "TOOL",
      "x": 365,
      "y": 644,
      "bounds": {
        "left": 351,
        "top": 640,
        "width": 28,
        "height": 9
      },
      "confidence": 96
    },
    {
      "text": "CALL:",
      "x": 402,
      "y": 644,
      "bounds": {
        "left": 386,
        "top": 640,
        "width": 33,
        "height": 9
      },
      "confidence": 93
    },
    {
      "text": "ocr_screen",
      "x": 463,
      "y": 647,
      "bounds": {
        "left": 428,
        "top": 642,
        "width": 70,
        "height": 10
      },
      "confidence": 68
    },
    {
      "text": "headlines",
      "x": 1755,
      "y": 646,
      "bounds": {
        "left": 1692,
        "top": 640,
        "width": 126,
        "height": 12
      },
      "confidence": 80
    },
    {
      "text": "as",
      "x": 1750,
      "y": 644,
      "bounds": {
        "left": 1745,
        "top": 629,
        "width": 11,
        "height": 30
      },
      "confidence": 94
    },
    {
      "text": "they",
      "x": 1770,
      "y": 644,
      "bounds": {
        "left": 1760,
        "top": 629,
        "width": 21,
        "height": 30
      },
      "confidence": 94
    },
    {
      "text": "arrive.",
      "x": 1801,
      "y": 646,
      "bounds": {
        "left": 1785,
        "top": 640,
        "width": 33,
        "height": 12
      },
      "confidence": 77
    },
    {
      "text": "httpx",
      "x": 453,
      "y": 679,
      "bounds": {
        "left": 436,
        "top": 673,
        "width": 35,
        "height": 13
      },
      "confidence": 39
    },
    {
      "text": "-",
      "x": 481,
      "y": 676,
      "bounds": {
        "left": 477,
        "top": 663,
        "width": 9,
        "height": 27
      },
      "confidence": 87
    },
    {
      "text": "INFO",
      "x": 506,
      "y": 678,
      "bounds": {
        "left": 492,
        "top": 674,
        "width": 28,
        "height": 9
      },
      "confidence": 93
    },
    {
      "text": "-",
      "x": 530,
      "y": 676,
      "bounds": {
        "left": 526,
        "top": 663,
        "width": 8,
        "height": 27
      },
      "confidence": 89
    },
    {
      "text": "HTTP",
      "x": 554,
      "y": 678,
      "bounds": {
        "left": 540,
        "top": 674,
        "width": 29,
        "height": 9
      },
      "confidence": 96
    },
    {
      "text": "Request:",
      "x": 602,
      "y": 680,
      "bounds": {
        "left": 576,
        "top": 674,
        "width": 53,
        "height": 12
      },
      "confidence": 95
    },
    {
      "text": "POST",
      "x": 652,
      "y": 678,
      "bounds": {
        "left": 638,
        "top": 674,
        "width": 29,
        "height": 9
      },
      "confidence": 95
    },
    {
      "text": "https:",
      "x": 691,
      "y": 679,
      "bounds": {
        "left": 674,
        "top": 673,
        "width": 34,
        "height": 13
      },
      "confidence": 93
    },
    {
      "text": ":",
      "x": 942,
      "y": 677,
      "bounds": {
        "left": 940,
        "top": 664,
        "width": 5,
        "height": 27
      },
      "confidence": 80
    },
    {
      "text": "AAFLELfHchigN3nfpQsrhfFAXvSmtNHnBGdU/getUpdates",
      "x": 1109,
      "y": 679,
      "bounds": {
        "left": 951,
        "top": 673,
        "width": 317,
        "height": 13
      },
      "confidence": 32
    },
    {
      "text": "\u201cHTTP/1.1",
      "x": 1307,
      "y": 678,
      "bounds": {
        "left": 1276,
        "top": 673,
        "width": 62,
        "height": 11
      },
      "confidence": 50
    },
    {
      "text": "200",
      "x": 1356,
      "y": 678,
      "bounds": {
        "left": 1345,
        "top": 674,
        "width": 22,
        "height": 9
      },
      "confidence": 47
    },
    {
      "text": "OK\u201d",
      "x": 1383,
      "y": 678,
      "bounds": {
        "left": 1373,
        "top": 673,
        "width": 21,
        "height": 10
      },
      "confidence": 38
    },
    {
      "text": "Giese",
      "x": 1566,
      "y": 671,
      "bounds": {
        "left": 1550,
        "top": 667,
        "width": 32,
        "height": 9
      },
      "confidence": 41
    },
    {
      "text": "Gaile",
      "x": 1705,
      "y": 676,
      "bounds": {
        "left": 1688,
        "top": 663,
        "width": 35,
        "height": 27
      },
      "confidence": 44
    },
    {
      "text": "\u201c[{'text':",
      "x": 491,
      "y": 696,
      "bounds": {
        "left": 464,
        "top": 690,
        "width": 55,
        "height": 13
      },
      "confidence": 37
    },
    {
      "text": "\"A\",",
      "x": 555,
      "y": 696,
      "bounds": {
        "left": 543,
        "top": 690,
        "width": 24,
        "height": 12
      },
      "confidence": 38
    },
    {
      "text": "'x':",
      "x": 589,
      "y": 695,
      "bounds": {
        "left": 578,
        "top": 690,
        "width": 23,
        "height": 10
      },
      "confidence": 53
    },
    {
      "text": "18,",
      "x": 620,
      "y": 696,
      "bounds": {
        "left": 610,
        "top": 691,
        "width": 20,
        "height": 11
      },
      "confidence": 89
    },
    {
      "text": "17,",
      "x": 683,
      "y": 696,
      "bounds": {
        "left": 673,
        "top": 691,
        "width": 20,
        "height": 11
      },
      "confidence": 93
    },
    {
      "text": "{\u2018left':",
      "x": 794,
      "y": 696,
      "bounds": {
        "left": 771,
        "top": 690,
        "width": 47,
        "height": 13
      },
      "confidence": 43
    },
    {
      "text": "13,",
      "x": 844,
      "y": 696,
      "bounds": {
        "left": 834,
        "top": 691,
        "width": 20,
        "height": 11
      },
      "confidence": 94
    },
    {
      "text": "\u2018top\u2019:",
      "x": 883,
      "y": 696,
      "bounds": {
        "left": 865,
        "top": 690,
        "width": 37,
        "height": 13
      },
      "confidence": 64
    },
    {
      "text": "12,",
      "x": 921,
      "y": 696,
      "bounds": {
        "left": 911,
        "top": 691,
        "width": 20,
        "height": 11
      },
      "confidence": 96
    },
    {
      "text": "\u2018width\u2019:",
      "x": 967,
      "y": 695,
      "bounds": {
        "left": 942,
        "top": 690,
        "width": 51,
        "height": 10
      },
      "confidence": 46
    },
    {
      "text": "10,",
      "x": 1012,
      "y": 696,
      "bounds": {
        "left": 1002,
        "top": 691,
        "width": 20,
        "height": 11
      },
      "confidence": 94
    },
    {
      "text": "\u2018conf...",
      "x": 1163,
      "y": 695,
      "bounds": {
        "left": 1138,
        "top": 690,
        "width": 51,
        "height": 10
      },
      "confidence": 95
    },
    {
      "text": "[84158",
      "x": 1220,
      "y": 696,
      "bounds": {
        "left": 1200,
        "top": 690,
        "width": 41,
        "height": 13
      },
      "confidence": 93
    },
    {
      "text": "chars]\",",
      "x": 1274,
      "y": 696,
      "bounds": {
        "left": 1247,
        "top": 690,
        "width": 55,
        "height": 13
      },
      "confidence": 82
    },
    {
      "text": "\u201cunfiltered",
      "x": 1349,
      "y": 694,
      "bounds": {
        "left": 1311,
        "top": 681,
        "width": 76,
        "height": 26
      },
      "confidence": 77
    },
    {
      "text": "text\u201d",
      "x": 1411,
      "y": 694,
      "bounds": {
        "left": 1393,
        "top": 681,
        "width": 36,
        "height": 26
      },
      "confidence": 74
    },
    {
      "text": "a",
      "x": 1553,
      "y": 689,
      "bounds": {
        "left": 1550,
        "top": 685,
        "width": 7,
        "height": 9
      },
      "confidence": 64
    },
    {
      "text": "Gen",
      "x": 1707,
      "y": 694,
      "bounds": {
        "left": 1692,
        "top": 681,
        "width": 30,
        "height": 26
      },
      "confidence": 31
    },
    {
      "text": "tian",
      "x": 1866,
      "y": 694,
      "bounds": {
        "left": 1853,
        "top": 681,
        "width": 27,
        "height": 26
      },
      "confidence": 36
    },
    {
      "text": "3",
      "x": 256,
      "y": 713,
      "bounds": {
        "left": 255,
        "top": 710,
        "width": 3,
        "height": 7
      },
      "confidence": 41
    },
    {
      "text": "Edit",
      "x": 722,
      "y": 712,
      "bounds": {
        "left": 709,
        "top": 707,
        "width": 27,
        "height": 10
      },
      "confidence": 93
    },
    {
      "text": "Selection",
      "x": 774,
      "y": 712,
      "bounds": {
        "left": 743,
        "top": 707,
        "width": 63,
        "height": 10
      },
      "confidence": 93
    },
    {
      "text": "View\\n\\n\u00e9xplorer\\n\\n|\\n|\\n\\ndaily",
      "x": 929,
      "y": 713,
      "bounds": {
        "left": 813,
        "top": 706,
        "width": 232,
        "height": 14
      },
      "confidence": 45
    },
    {
      "text": "breakdown\\neig...",
      "x": 1103,
      "y": 713,
      "bounds": {
        "left": 1052,
        "top": 707,
        "width": 102,
        "height": 13
      },
      "confidence": 41
    },
    {
      "text": "[5571",
      "x": 1195,
      "y": 713,
      "bounds": {
        "left": 1179,
        "top": 707,
        "width": 33,
        "height": 13
      },
      "confidence": 43
    },
    {
      "text": "chars]\",",
      "x": 1246,
      "y": 713,
      "bounds": {
        "left": 1219,
        "top": 707,
        "width": 55,
        "height": 13
      },
      "confidence": 65
    },
    {
      "text": "\u201cplain",
      "x": 1303,
      "y": 713,
      "bounds": {
        "left": 1283,
        "top": 707,
        "width": 41,
        "height": 13
      },
      "confidence": 73
    },
    {
      "text": "text\u201d:",
      "x": 1348,
      "y": 712,
      "bounds": {
        "left": 1331,
        "top": 707,
        "width": 35,
        "height": 10
      },
      "confidence": 64
    },
    {
      "text": "TE",
      "x": 1805,
      "y": 712,
      "bounds": {
        "left": 1795,
        "top": 697,
        "width": 21,
        "height": 30
      },
      "confidence": 53
    },
    {
      "text": "\u2018\\n\\nFile",
      "x": 610,
      "y": 729,
      "bounds": {
        "left": 583,
        "top": 724,
        "width": 55,
        "height": 11
      },
      "confidence": 72
    },
    {
      "text": "Edit",
      "x": 659,
      "y": 729,
      "bounds": {
        "left": 646,
        "top": 724,
        "width": 27,
        "height": 10
      },
      "confidence": 96
    },
    {
      "text": "Selection",
      "x": 711,
      "y": 729,
      "bounds": {
        "left": 680,
        "top": 724,
        "width": 63,
        "height": 10
      },
      "confidence": 92
    },
    {
      "text": "breakdown\\neig...",
      "x": 1047,
      "y": 730,
      "bounds": {
        "left": 989,
        "top": 724,
        "width": 116,
        "height": 13
      },
      "confidence": 76
    },
    {
      "text": "[5571",
      "x": 1132,
      "y": 730,
      "bounds": {
        "left": 1116,
        "top": 724,
        "width": 33,
        "height": 13
      },
      "confidence": 92
    },
    {
      "text": "chars]\",",
      "x": 1183,
      "y": 730,
      "bounds": {
        "left": 1156,
        "top": 724,
        "width": 55,
        "height": 13
      },
      "confidence": 90
    },
    {
      "text": "\u201ctotal_elements\u201d:",
      "x": 1281,
      "y": 730,
      "bounds": {
        "left": 1226,
        "top": 724,
        "width": 110,
        "height": 13
      },
      "confidence": 44
    },
    {
      "text": "\"689\"}",
      "x": 1369,
      "y": 730,
      "bounds": {
        "left": 1352,
        "top": 724,
        "width": 35,
        "height": 13
      },
      "confidence": 62
    },
    {
      "text": "(6408",
      "x": 1412,
      "y": 730,
      "bounds": {
        "left": 1395,
        "top": 724,
        "width": 34,
        "height": 13
      },
      "confidence": 58
    },
    {
      "text": "(eee",
      "x": 1643,
      "y": 740,
      "bounds": {
        "left": 1606,
        "top": 734,
        "width": 74,
        "height": 13
      },
      "confidence": 31
    },
    {
      "text": "2026-02-14",
      "x": 288,
      "y": 763,
      "bounds": {
        "left": 253,
        "top": 759,
        "width": 71,
        "height": 9
      },
      "confidence": 45
    },
    {
      "text": "21:28:29,178",
      "x": 372,
      "y": 764,
      "bounds": {
        "left": 330,
        "top": 759,
        "width": 85,
        "height": 11
      },
      "confidence": 69
    },
    {
      "text": "-",
      "x": 425,
      "y": 764,
      "bounds": {
        "left": 422,
        "top": 764,
        "width": 6,
        "height": 1
      },
      "confidence": 90
    },
    {
      "text": "httpx",
      "x": 453,
      "y": 764,
      "bounds": {
        "left": 436,
        "top": 758,
        "width": 35,
        "height": 13
      },
      "confidence": 91
    },
    {
      "text": "-",
      "x": 481,
      "y": 764,
      "bounds": {
        "left": 478,
        "top": 764,
        "width": 6,
        "height": 1
      },
      "confidence": 92
    },
    {
      "text": "INFO",
      "x": 506,
      "y": 763,
      "bounds": {
        "left": 492,
        "top": 759,
        "width": 28,
        "height": 9
      },
      "confidence": 93
    },
    {
      "text": "-",
      "x": 530,
      "y": 764,
      "bounds": {
        "left": 527,
        "top": 764,
        "width": 6,
        "height": 1
      },
      "confidence": 92
    },
    {
      "text": "HTTP",
      "x": 554,
      "y": 763,
      "bounds": {
        "left": 540,
        "top": 759,
        "width": 29,
        "height": 9
      },
      "confidence": 95
    },
    {
      "text": "Request:",
      "x": 602,
      "y": 765,
      "bounds": {
        "left": 576,
        "top": 759,
        "width": 53,
        "height": 12
      },
      "confidence": 96
    },
    {
      "text": "POST",
      "x": 652,
      "y": 763,
      "bounds": {
        "left": 638,
        "top": 759,
        "width": 29,
        "height": 9
      },
      "confidence": 96
    },
    {
      "text": "https:",
      "x": 691,
      "y": 763,
      "bounds": {
        "left": 671,
        "top": 751,
        "width": 41,
        "height": 25
      },
      "confidence": 88
    },
    {
      "text": ":",
      "x": 942,
      "y": 763,
      "bounds": {
        "left": 940,
        "top": 751,
        "width": 5,
        "height": 25
      },
      "confidence": 83
    },
    {
      "text": "\u201cHTTP/1.1",
      "x": 1307,
      "y": 763,
      "bounds": {
        "left": 1276,
        "top": 758,
        "width": 62,
        "height": 11
      },
      "confidence": 83
    },
    {
      "text": "200",
      "x": 1356,
      "y": 763,
      "bounds": {
        "left": 1345,
        "top": 759,
        "width": 22,
        "height": 9
      },
      "confidence": 58
    },
    {
      "text": "OK\u2122",
      "x": 1383,
      "y": 763,
      "bounds": {
        "left": 1373,
        "top": 758,
        "width": 21,
        "height": 10
      },
      "confidence": 48
    },
    {
      "text": "core",
      "x": 1551,
      "y": 761,
      "bounds": {
        "left": 1537,
        "top": 749,
        "width": 28,
        "height": 25
      },
      "confidence": 92
    },
    {
      "text": "and",
      "x": 1578,
      "y": 761,
      "bounds": {
        "left": 1570,
        "top": 749,
        "width": 17,
        "height": 25
      },
      "confidence": 96
    },
    {
      "text": "the",
      "x": 1602,
      "y": 758,
      "bounds": {
        "left": 1593,
        "top": 753,
        "width": 19,
        "height": 10
      },
      "confidence": 96
    },
    {
      "text": "ETF",
      "x": 1627,
      "y": 761,
      "bounds": {
        "left": 1618,
        "top": 749,
        "width": 19,
        "height": 25
      },
      "confidence": 96
    },
    {
      "text": "Resolution",
      "x": 1672,
      "y": 758,
      "bounds": {
        "left": 1642,
        "top": 753,
        "width": 61,
        "height": 10
      },
      "confidence": 94
    },
    {
      "text": "logic.",
      "x": 1722,
      "y": 759,
      "bounds": {
        "left": 1707,
        "top": 753,
        "width": 30,
        "height": 13
      },
      "confidence": 96
    },
    {
      "text": "2026-02-14",
      "x": 288,
      "y": 780,
      "bounds": {
        "left": 253,
        "top": 776,
        "width": 71,
        "height": 9
      },
      "confidence": 72
    },
    {
      "text": "21:28:29,519",
      "x": 372,
      "y": 781,
      "bounds": {
        "left": 330,
        "top": 776,
        "width": 84,
        "height": 11
      },
      "confidence": 92
    },
    {
      "text": "-",
      "x": 425,
      "y": 781,
      "bounds": {
        "left": 422,
        "top": 781,
        "width": 6,
        "height": 1
      },
      "confidence": 58
    },
    {
      "text": "httpx",
      "x": 453,
      "y": 781,
      "bounds": {
        "left": 436,
        "top": 775,
        "width": 35,
        "height": 13
      },
      "confidence": 58
    },
    {
      "text": "-",
      "x": 481,
      "y": 781,
      "bounds": {
        "left": 478,
        "top": 781,
        "width": 6,
        "height": 1
      },
      "confidence": 91
    },
    {
      "text": "INFO",
      "x": 506,
      "y": 780,
      "bounds": {
        "left": 492,
        "top": 776,
        "width": 28,
        "height": 9
      },
      "confidence": 93
    },
    {
      "text": "-",
      "x": 530,
      "y": 781,
      "bounds": {
        "left": 527,
        "top": 781,
        "width": 6,
        "height": 1
      },
      "confidence": 69
    },
    {
      "text": "HTTP",
      "x": 554,
      "y": 780,
      "bounds": {
        "left": 540,
        "top": 776,
        "width": 29,
        "height": 9
      },
      "confidence": 92
    },
    {
      "text": "Request:",
      "x": 602,
      "y": 782,
      "bounds": {
        "left": 576,
        "top": 776,
        "width": 53,
        "height": 12
      },
      "confidence": 96
    },
    {
      "text": "POST",
      "x": 652,
      "y": 780,
      "bounds": {
        "left": 638,
        "top": 776,
        "width": 29,
        "height": 9
      },
      "confidence": 96
    },
    {
      "text": "https:",
      "x": 693,
      "y": 780,
      "bounds": {
        "left": 674,
        "top": 765,
        "width": 39,
        "height": 30
      },
      "confidence": 80
    },
    {
      "text": "\"HTTP/1.1",
      "x": 1006,
      "y": 780,
      "bounds": {
        "left": 975,
        "top": 775,
        "width": 62,
        "height": 11
      },
      "confidence": 33
    },
    {
      "text": "200",
      "x": 1055,
      "y": 780,
      "bounds": {
        "left": 1044,
        "top": 776,
        "width": 22,
        "height": 9
      },
      "confidence": 87
    },
    {
      "text": "Ok\u201d",
      "x": 1082,
      "y": 780,
      "bounds": {
        "left": 1072,
        "top": 775,
        "width": 21,
        "height": 10
      },
      "confidence": 66
    },
    {
      "text": "\u2018Should",
      "x": 1565,
      "y": 778,
      "bounds": {
        "left": 1541,
        "top": 773,
        "width": 48,
        "height": 10
      },
      "confidence": 72
    },
    {
      "text": "|",
      "x": 1587,
      "y": 778,
      "bounds": {
        "left": 1584,
        "top": 763,
        "width": 6,
        "height": 30
      },
      "confidence": 81
    },
    {
      "text": "begin",
      "x": 1619,
      "y": 779,
      "bounds": {
        "left": 1594,
        "top": 773,
        "width": 51,
        "height": 13
      },
      "confidence": 96
    },
    {
      "text": "by",
      "x": 1637,
      "y": 778,
      "bounds": {
        "left": 1632,
        "top": 763,
        "width": 10,
        "height": 30
      },
      "confidence": 93
    },
    {
      "text": "implementing",
      "x": 1745,
      "y": 779,
      "bounds": {
        "left": 1664,
        "top": 773,
        "width": 163,
        "height": 13
      },
      "confidence": 96
    },
    {
      "text": "the",
      "x": 1744,
      "y": 778,
      "bounds": {
        "left": 1734,
        "top": 763,
        "width": 21,
        "height": 30
      },
      "confidence": 96
    },
    {
      "text": "Background",
      "x": 1793,
      "y": 779,
      "bounds": {
        "left": 1759,
        "top": 773,
        "width": 68,
        "height": 13
      },
      "confidence": 96
    },
    {
      "text": "[OPENAT]",
      "x": 316,
      "y": 798,
      "bounds": {
        "left": 290,
        "top": 792,
        "width": 53,
        "height": 13
      },
      "confidence": 59
    },
    {
      "text": "TOOL",
      "x": 365,
      "y": 797,
      "bounds": {
        "left": 351,
        "top": 793,
        "width": 28,
        "height": 9
      },
      "confidence": 95
    },
    {
      "text": "CALL:",
      "x": 400,
      "y": 797,
      "bounds": {
        "left": 386,
        "top": 793,
        "width": 28,
        "height": 9
      },
      "confidence": 92
    },
    {
      "text": "click",
      "x": 446,
      "y": 797,
      "bounds": {
        "left": 428,
        "top": 792,
        "width": 36,
        "height": 10
      },
      "confidence": 92
    },
    {
      "text": "Monitoring",
      "x": 1574,
      "y": 798,
      "bounds": {
        "left": 1542,
        "top": 792,
        "width": 65,
        "height": 13
      },
      "confidence": 96
    },
    {
      "text": "Engine",
      "x": 1630,
      "y": 797,
      "bounds": {
        "left": 1613,
        "top": 782,
        "width": 35,
        "height": 30
      },
      "confidence": 96
    },
    {
      "text": "structure?",
      "x": 1684,
      "y": 797,
      "bounds": {
        "left": 1655,
        "top": 782,
        "width": 59,
        "height": 30
      },
      "confidence": 83
    },
    {
      "text": "args:",
      "x": 304,
      "y": 816,
      "bounds": {
        "left": 288,
        "top": 810,
        "width": 33,
        "height": 12
      },
      "confidence": 59
    },
    {
      "text": "{\"x\":",
      "x": 346,
      "y": 815,
      "bounds": {
        "left": 330,
        "top": 809,
        "width": 33,
        "height": 13
      },
      "confidence": 85
    },
    {
      "text": "1240,",
      "x": 389,
      "y": 815,
      "bounds": {
        "left": 372,
        "top": 810,
        "width": 34,
        "height": 11
      },
      "confidence": 79
    },
    {
      "text": "\u201cy\":",
      "x": 425,
      "y": 815,
      "bounds": {
        "left": 415,
        "top": 809,
        "width": 20,
        "height": 13
      },
      "confidence": 51
    },
    {
      "text": "651}",
      "x": 463,
      "y": 815,
      "bounds": {
        "left": 449,
        "top": 809,
        "width": 28,
        "height": 13
      },
      "confidence": 95
    },
    {
      "text": "WB",
      "x": 294,
      "y": 831,
      "bounds": {
        "left": 287,
        "top": 816,
        "width": 15,
        "height": 30
      },
      "confidence": 38
    },
    {
      "text": "SUCCESS:",
      "x": 335,
      "y": 831,
      "bounds": {
        "left": 307,
        "top": 824,
        "width": 56,
        "height": 14
      },
      "confidence": 38
    },
    {
      "text": "{\"success\":",
      "x": 409,
      "y": 832,
      "bounds": {
        "left": 372,
        "top": 826,
        "width": 75,
        "height": 13
      },
      "confidence": 55
    },
    {
      "text": "\u201cTrue\u201d,",
      "x": 480,
      "y": 832,
      "bounds": {
        "left": 457,
        "top": 826,
        "width": 47,
        "height": 12
      },
      "confidence": 80
    },
    {
      "text": "\u201cclicked\u201d:",
      "x": 546,
      "y": 831,
      "bounds": {
        "left": 513,
        "top": 826,
        "width": 67,
        "height": 10
      },
      "confidence": 49
    },
    {
      "text": "\"(1240,",
      "x": 613,
      "y": 832,
      "bounds": {
        "left": 590,
        "top": 826,
        "width": 47,
        "height": 13
      },
      "confidence": 58
    },
    {
      "text": "651)\"}",
      "x": 666,
      "y": 832,
      "bounds": {
        "left": 645,
        "top": 826,
        "width": 42,
        "height": 13
      },
      "confidence": 85
    },
    {
      "text": "(264ns)",
      "x": 718,
      "y": 832,
      "bounds": {
        "left": 695,
        "top": 826,
        "width": 47,
        "height": 13
      },
      "confidence": 43
    },
    {
      "text": "ra)",
      "x": 1832,
      "y": 834,
      "bounds": {
        "left": 1826,
        "top": 830,
        "width": 13,
        "height": 8
      },
      "confidence": 52
    },
    {
      "text": "3",
      "x": 1885,
      "y": 830,
      "bounds": {
        "left": 1883,
        "top": 827,
        "width": 4,
        "height": 6
      },
      "confidence": 51
    },
    {
      "text": "21:28:32,279",
      "x": 372,
      "y": 849,
      "bounds": {
        "left": 330,
        "top": 844,
        "width": 84,
        "height": 11
      },
      "confidence": 89
    },
    {
      "text": "-",
      "x": 425,
      "y": 849,
      "bounds": {
        "left": 422,
        "top": 849,
        "width": 6,
        "height": 1
      },
      "confidence": 90
    },
    {
      "text": "httpx",
      "x": 453,
      "y": 849,
      "bounds": {
        "left": 436,
        "top": 843,
        "width": 35,
        "height": 13
      },
      "confidence": 84
    },
    {
      "text": "-",
      "x": 481,
      "y": 849,
      "bounds": {
        "left": 478,
        "top": 849,
        "width": 6,
        "height": 1
      },
      "confidence": 92
    },
    {
      "text": "INFO",
      "x": 506,
      "y": 848,
      "bounds": {
        "left": 492,
        "top": 844,
        "width": 28,
        "height": 9
      },
      "confidence": 92
    },
    {
      "text": "-",
      "x": 530,
      "y": 849,
      "bounds": {
        "left": 527,
        "top": 849,
        "width": 6,
        "height": 1
      },
      "confidence": 88
    },
    {
      "text": "HTTP",
      "x": 554,
      "y": 848,
      "bounds": {
        "left": 540,
        "top": 844,
        "width": 29,
        "height": 9
      },
      "confidence": 44
    },
    {
      "text": "Request:",
      "x": 602,
      "y": 850,
      "bounds": {
        "left": 576,
        "top": 844,
        "width": 53,
        "height": 12
      },
      "confidence": 96
    },
    {
      "text": "POST",
      "x": 652,
      "y": 848,
      "bounds": {
        "left": 638,
        "top": 844,
        "width": 29,
        "height": 9
      },
      "confidence": 91
    },
    {
      "text": "\u201cHTTP/1.1",
      "x": 1006,
      "y": 848,
      "bounds": {
        "left": 975,
        "top": 843,
        "width": 62,
        "height": 11
      },
      "confidence": 64
    },
    {
      "text": "20",
      "x": 1055,
      "y": 848,
      "bounds": {
        "left": 1044,
        "top": 844,
        "width": 22,
        "height": 9
      },
      "confidence": 76
    },
    {
      "text": "Ok\"",
      "x": 1082,
      "y": 848,
      "bounds": {
        "left": 1072,
        "top": 843,
        "width": 21,
        "height": 10
      },
      "confidence": 68
    },
    {
      "text": "\u2018\\",
      "x": 276,
      "y": 865,
      "bounds": {
        "left": 270,
        "top": 859,
        "width": 13,
        "height": 12
      },
      "confidence": 39
    },
    {
      "text": "[OPENAT]",
      "x": 316,
      "y": 866,
      "bounds": {
        "left": 290,
        "top": 860,
        "width": 53,
        "height": 13
      },
      "confidence": 79
    },
    {
      "text": "TOOL",
      "x": 365,
      "y": 865,
      "bounds": {
        "left": 351,
        "top": 861,
        "width": 28,
        "height": 9
      },
      "confidence": 94
    },
    {
      "text": "CALL:",
      "x": 402,
      "y": 865,
      "bounds": {
        "left": 386,
        "top": 861,
        "width": 33,
        "height": 9
      },
      "confidence": 93
    },
    {
      "text": "press_key",
      "x": 460,
      "y": 866,
      "bounds": {
        "left": 429,
        "top": 860,
        "width": 63,
        "height": 13
      },
      "confidence": 77
    },
    {
      "text": "\u2018args:",
      "x": 304,
      "y": 884,
      "bounds": {
        "left": 288,
        "top": 878,
        "width": 33,
        "height": 12
      },
      "confidence": 67
    },
    {
      "text": "{\"key\":",
      "x": 353,
      "y": 883,
      "bounds": {
        "left": 330,
        "top": 877,
        "width": 47,
        "height": 13
      },
      "confidence": 68
    },
    {
      "text": "\u201cescape\"}",
      "x": 418,
      "y": 883,
      "bounds": {
        "left": 387,
        "top": 877,
        "width": 62,
        "height": 13
      },
      "confidence": 37
    },
    {
      "text": "I",
      "x": 295,
      "y": 899,
      "bounds": {
        "left": 291,
        "top": 892,
        "width": 9,
        "height": 14
      },
      "confidence": 35
    },
    {
      "text": "SUCCESS:",
      "x": 334,
      "y": 899,
      "bounds": {
        "left": 306,
        "top": 892,
        "width": 57,
        "height": 14
      },
      "confidence": 54
    },
    {
      "text": "{\"success\":",
      "x": 409,
      "y": 900,
      "bounds": {
        "left": 372,
        "top": 894,
        "width": 75,
        "height": 13
      },
      "confidence": 54
    },
    {
      "text": "\u201cTrue\u201d,",
      "x": 480,
      "y": 900,
      "bounds": {
        "left": 457,
        "top": 894,
        "width": 47,
        "height": 12
      },
      "confidence": 70
    },
    {
      "text": "\u201cpressed\u201d:",
      "x": 544,
      "y": 900,
      "bounds": {
        "left": 513,
        "top": 894,
        "width": 62,
        "height": 13
      },
      "confidence": 72
    },
    {
      "text": "\u201cescape\"}",
      "x": 621,
      "y": 900,
      "bounds": {
        "left": 590,
        "top": 894,
        "width": 62,
        "height": 13
      },
      "confidence": 69
    },
    {
      "text": "(100ms)",
      "x": 683,
      "y": 900,
      "bounds": {
        "left": 660,
        "top": 894,
        "width": 47,
        "height": 13
      },
      "confidence": 57
    },
    {
      "text": "21:28:35,564",
      "x": 372,
      "y": 917,
      "bounds": {
        "left": 330,
        "top": 912,
        "width": 85,
        "height": 11
      },
      "confidence": 91
    },
    {
      "text": "-",
      "x": 425,
      "y": 917,
      "bounds": {
        "left": 422,
        "top": 917,
        "width": 6,
        "height": 1
      },
      "confidence": 88
    },
    {
      "text": "httpx",
      "x": 453,
      "y": 917,
      "bounds": {
        "left": 436,
        "top": 911,
        "width": 35,
        "height": 13
      },
      "confidence": 85
    },
    {
      "text": "-",
      "x": 481,
      "y": 917,
      "bounds": {
        "left": 478,
        "top": 917,
        "width": 6,
        "height": 1
      },
      "confidence": 92
    },
    {
      "text": "INFO",
      "x": 506,
      "y": 916,
      "bounds": {
        "left": 492,
        "top": 912,
        "width": 28,
        "height": 9
      },
      "confidence": 92
    },
    {
      "text": "-",
      "x": 530,
      "y": 917,
      "bounds": {
        "left": 527,
        "top": 917,
        "width": 6,
        "height": 1
      },
      "confidence": 84
    },
    {
      "text": "HTTP",
      "x": 554,
      "y": 916,
      "bounds": {
        "left": 540,
        "top": 912,
        "width": 29,
        "height": 9
      },
      "confidence": 41
    },
    {
      "text": "Request:",
      "x": 602,
      "y": 918,
      "bounds": {
        "left": 576,
        "top": 912,
        "width": 53,
        "height": 12
      },
      "confidence": 93
    },
    {
      "text": "POST",
      "x": 652,
      "y": 916,
      "bounds": {
        "left": 638,
        "top": 912,
        "width": 29,
        "height": 9
      },
      "confidence": 92
    },
    {
      "text": "https://api-openai.com/vi/chat/completions",
      "x": 820,
      "y": 917,
      "bounds": {
        "left": 674,
        "top": 911,
        "width": 293,
        "height": 13
      },
      "confidence": 36
    },
    {
      "text": "\u201cHTTP/1.1",
      "x": 1006,
      "y": 916,
      "bounds": {
        "left": 975,
        "top": 911,
        "width": 62,
        "height": 11
      },
      "confidence": 63
    },
    {
      "text": "20",
      "x": 1055,
      "y": 916,
      "bounds": {
        "left": 1044,
        "top": 912,
        "width": 22,
        "height": 9
      },
      "confidence": 65
    },
    {
      "text": "Ok\"",
      "x": 1082,
      "y": 916,
      "bounds": {
        "left": 1072,
        "top": 911,
        "width": 21,
        "height": 10
      },
      "confidence": 74
    },
    {
      "text": "\u2018\\",
      "x": 276,
      "y": 933,
      "bounds": {
        "left": 270,
        "top": 927,
        "width": 13,
        "height": 12
      },
      "confidence": 46
    },
    {
      "text": "[OPENAT]",
      "x": 316,
      "y": 934,
      "bounds": {
        "left": 290,
        "top": 928,
        "width": 53,
        "height": 13
      },
      "confidence": 77
    },
    {
      "text": "TOOL",
      "x": 365,
      "y": 933,
      "bounds": {
        "left": 351,
        "top": 929,
        "width": 28,
        "height": 9
      },
      "confidence": 93
    },
    {
      "text": "CALL:",
      "x": 402,
      "y": 933,
      "bounds": {
        "left": 386,
        "top": 929,
        "width": 33,
        "height": 9
      },
      "confidence": 96
    },
    {
      "text": "wait",
      "x": 442,
      "y": 933,
      "bounds": {
        "left": 428,
        "top": 928,
        "width": 28,
        "height": 10
      },
      "confidence": 94
    },
    {
      "text": "Args:",
      "x": 304,
      "y": 952,
      "bounds": {
        "left": 288,
        "top": 946,
        "width": 33,
        "height": 12
      },
      "confidence": 31
    },
    {
      "text": "{\"seconds\":",
      "x": 367,
      "y": 951,
      "bounds": {
        "left": 330,
        "top": 945,
        "width": 75,
        "height": 13
      },
      "confidence": 33
    },
    {
      "text": "0.5}",
      "x": 428,
      "y": 951,
      "bounds": {
        "left": 414,
        "top": 945,
        "width": 28,
        "height": 13
      },
      "confidence": 58
    },
    {
      "text": "Review",
      "x": 1828,
      "y": 919,
      "bounds": {
        "left": 1812,
        "top": 915,
        "width": 32,
        "height": 8
      },
      "confidence": 91
    },
    {
      "text": "Changes",
      "x": 1869,
      "y": 920,
      "bounds": {
        "left": 1849,
        "top": 915,
        "width": 41,
        "height": 10
      },
      "confidence": 94
    },
    {
      "text": "5",
      "x": 87,
      "y": 975,
      "bounds": {
        "left": 86,
        "top": 974,
        "width": 2,
        "height": 2
      },
      "confidence": 84
    },
    {
      "text": "{\"waited\":",
      "x": 400,
      "y": 968,
      "bounds": {
        "left": 372,
        "top": 962,
        "width": 56,
        "height": 13
      },
      "confidence": 67
    },
    {
      "text": "\u201c0.5\"}",
      "x": 470,
      "y": 968,
      "bounds": {
        "left": 450,
        "top": 962,
        "width": 41,
        "height": 13
      },
      "confidence": 33
    },
    {
      "text": "(Seims)",
      "x": 522,
      "y": 968,
      "bounds": {
        "left": 499,
        "top": 962,
        "width": 47,
        "height": 13
      },
      "confidence": 45
    },
    {
      "text": ">",
      "x": 52,
      "y": 978,
      "bounds": {
        "left": 49,
        "top": 973,
        "width": 6,
        "height": 10
      },
      "confidence": 95
    },
    {
      "text": "Outline",
      "x": 82,
      "y": 978,
      "bounds": {
        "left": 62,
        "top": 974,
        "width": 40,
        "height": 9
      },
      "confidence": 75
    },
    {
      "text": "2026-02-14",
      "x": 288,
      "y": 984,
      "bounds": {
        "left": 253,
        "top": 980,
        "width": 71,
        "height": 9
      },
      "confidence": 65
    },
    {
      "text": "21:28:37,997",
      "x": 372,
      "y": 985,
      "bounds": {
        "left": 330,
        "top": 980,
        "width": 84,
        "height": 11
      },
      "confidence": 92
    },
    {
      "text": "-",
      "x": 425,
      "y": 985,
      "bounds": {
        "left": 422,
        "top": 985,
        "width": 6,
        "height": 1
      },
      "confidence": 90
    },
    {
      "text": "httpx",
      "x": 453,
      "y": 985,
      "bounds": {
        "left": 436,
        "top": 979,
        "width": 35,
        "height": 13
      },
      "confidence": 90
    },
    {
      "text": "-",
      "x": 481,
      "y": 985,
      "bounds": {
        "left": 478,
        "top": 985,
        "width": 6,
        "height": 1
      },
      "confidence": 90
    },
    {
      "text": "INFO",
      "x": 506,
      "y": 984,
      "bounds": {
        "left": 492,
        "top": 980,
        "width": 28,
        "height": 9
      },
      "confidence": 93
    },
    {
      "text": "-",
      "x": 530,
      "y": 985,
      "bounds": {
        "left": 527,
        "top": 985,
        "width": 6,
        "height": 1
      },
      "confidence": 89
    },
    {
      "text": "HTTP",
      "x": 554,
      "y": 984,
      "bounds": {
        "left": 540,
        "top": 980,
        "width": 29,
        "height": 9
      },
      "confidence": 92
    },
    {
      "text": "Request:",
      "x": 602,
      "y": 986,
      "bounds": {
        "left": 576,
        "top": 980,
        "width": 53,
        "height": 12
      },
      "confidence": 96
    },
    {
      "text": "POST",
      "x": 652,
      "y": 984,
      "bounds": {
        "left": 638,
        "top": 980,
        "width": 29,
        "height": 9
      },
      "confidence": 93
    },
    {
      "text": "\u201cHITP/1.1",
      "x": 1006,
      "y": 984,
      "bounds": {
        "left": 975,
        "top": 979,
        "width": 62,
        "height": 11
      },
      "confidence": 39
    },
    {
      "text": "200",
      "x": 1055,
      "y": 984,
      "bounds": {
        "left": 1044,
        "top": 980,
        "width": 22,
        "height": 9
      },
      "confidence": 70
    },
    {
      "text": "Ok\"",
      "x": 1082,
      "y": 984,
      "bounds": {
        "left": 1072,
        "top": 979,
        "width": 21,
        "height": 10
      },
      "confidence": 71
    },
    {
      "text": "A",
      "x": 1578,
      "y": 985,
      "bounds": {
        "left": 1574,
        "top": 983,
        "width": 8,
        "height": 4
      },
      "confidence": 33
    },
    {
      "text": "Fast",
      "x": 1598,
      "y": 984,
      "bounds": {
        "left": 1589,
        "top": 980,
        "width": 18,
        "height": 8
      },
      "confidence": 47
    },
    {
      "text": "\u00a9",
      "x": 1629,
      "y": 985,
      "bounds": {
        "left": 1625,
        "top": 983,
        "width": 8,
        "height": 4
      },
      "confidence": 45
    },
    {
      "text": "Gemini3",
      "x": 1654,
      "y": 985,
      "bounds": {
        "left": 1639,
        "top": 981,
        "width": 31,
        "height": 8
      },
      "confidence": 88
    },
    {
      "text": "Flash",
      "x": 1693,
      "y": 985,
      "bounds": {
        "left": 1677,
        "top": 981,
        "width": 32,
        "height": 8
      },
      "confidence": 92
    },
    {
      "text": "eo",
      "x": 1878,
      "y": 985,
      "bounds": {
        "left": 1859,
        "top": 978,
        "width": 38,
        "height": 14
      },
      "confidence": 64
    },
    {
      "text": ">",
      "x": 52,
      "y": 1000,
      "bounds": {
        "left": 49,
        "top": 995,
        "width": 6,
        "height": 10
      },
      "confidence": 94
    },
    {
      "text": "Timeline",
      "x": 85,
      "y": 1000,
      "bounds": {
        "left": 62,
        "top": 996,
        "width": 46,
        "height": 9
      },
      "confidence": 77
    },
    {
      "text": "0",
      "x": 256,
      "y": 1001,
      "bounds": {
        "left": 253,
        "top": 993,
        "width": 7,
        "height": 17
      },
      "confidence": 64
    },
    {
      "text": "El",
      "x": 39,
      "y": 1021,
      "bounds": {
        "left": 18,
        "top": 1014,
        "width": 43,
        "height": 15
      },
      "confidence": 55
    },
    {
      "text": "powerful-project-collection",
      "x": 138,
      "y": 1023,
      "bounds": {
        "left": 67,
        "top": 1017,
        "width": 143,
        "height": 12
      },
      "confidence": 58
    },
    {
      "text": "maint",
      "x": 236,
      "y": 1021,
      "bounds": {
        "left": 221,
        "top": 1017,
        "width": 30,
        "height": 9
      },
      "confidence": 87
    },
    {
      "text": "@oA\\o",
      "x": 317,
      "y": 1021,
      "bounds": {
        "left": 290,
        "top": 1014,
        "width": 54,
        "height": 14
      },
      "confidence": 42
    },
    {
      "text": "Ln",
      "x": 1385,
      "y": 1021,
      "bounds": {
        "left": 1380,
        "top": 1017,
        "width": 11,
        "height": 9
      },
      "confidence": 54
    },
    {
      "text": "UTF-8",
      "x": 1537,
      "y": 1021,
      "bounds": {
        "left": 1522,
        "top": 1017,
        "width": 31,
        "height": 9
      },
      "confidence": 31
    },
    {
      "text": "CRLF",
      "x": 1582,
      "y": 1021,
      "bounds": {
        "left": 1569,
        "top": 1017,
        "width": 26,
        "height": 9
      },
      "confidence": 77
    },
    {
      "text": "{}",
      "x": 1619,
      "y": 1021,
      "bounds": {
        "left": 1613,
        "top": 1015,
        "width": 13,
        "height": 12
      },
      "confidence": 79
    },
    {
      "text": "Python",
      "x": 1652,
      "y": 1023,
      "bounds": {
        "left": 1634,
        "top": 1017,
        "width": 36,
        "height": 12
      },
      "confidence": 71
    },
    {
      "text": "3.13264-bit",
      "x": 1720,
      "y": 1021,
      "bounds": {
        "left": 1687,
        "top": 1017,
        "width": 66,
        "height": 9
      },
      "confidence": 71
    },
    {
      "text": "Antigravity",
      "x": 1796,
      "y": 1020,
      "bounds": {
        "left": 1766,
        "top": 1005,
        "width": 60,
        "height": 30
      },
      "confidence": 60
    },
    {
      "text": "O",
      "x": 1904,
      "y": 1021,
      "bounds": {
        "left": 1898,
        "top": 1014,
        "width": 12,
        "height": 14
      },
      "confidence": 33
    },
    {
      "text": "Q",
      "x": 73,
      "y": 1056,
      "bounds": {
        "left": 69,
        "top": 1049,
        "width": 8,
        "height": 15
      },
      "confidence": 90
    },
    {
      "text": "Search",
      "x": 110,
      "y": 1054,
      "bounds": {
        "left": 86,
        "top": 1036,
        "width": 49,
        "height": 36
      },
      "confidence": 82
    },
    {
      "text": "A",
      "x": 1697,
      "y": 1056,
      "bounds": {
        "left": 1692,
        "top": 1053,
        "width": 10,
        "height": 6
      },
      "confidence": 56
    },
    {
      "text": "enc",
      "x": 1735,
      "y": 1057,
      "bounds": {
        "left": 1724,
        "top": 1053,
        "width": 22,
        "height": 8
      },
      "confidence": 47
    },
    {
      "text": "ty",
      "x": 1821,
      "y": 1055,
      "bounds": {
        "left": 1814,
        "top": 1036,
        "width": 15,
        "height": 38
      },
      "confidence": 39
    },
    {
      "text": "228M",
      "x": 1876,
      "y": 1057,
      "bounds": {
        "left": 1852,
        "top": 1044,
        "width": 49,
        "height": 26
      },
      "confidence": 55
    }
  ],
  "unfiltered_text": "A File Edit Selection View Go Run Terminal Help powerful-project-collection - Antigravity - system_promptpy Open Agent Manager C2 OOD 6 & @ - ag x\n\nbeer v= system promptpy UX _init_py.\\prompsU  @ executorp DY  O \u00a2 > = pwsh x B) -- Tradio Al Prompt \u00e9nnancement +x\n\\ powerful-project-collection _\u2018tfadio > a rents > system Prompts > [el SYSTEM_PROMPT PS C:\\Users\\Magsihim AT\\Documents\\GitHub\\powerful-project-collection> a\n= 6 PROMPT. role> = sec\n> \u00a9 dai breakdown TREC AUoE-\"y ROME I@e PRICE, WoLUie, ano GSLay CHAREST 0 REO SS ES ViEaeRiage eatin\n> \u00a9 eigent - **get_fundamentals**: core valuation and profitability metrics | the agent does is \u201cRead the Sentinel Feed\u201d so it's\nSe > 6 emploai - *get_technical**: Instant indicator signals (RSI, MACD, etc.) | a immediately caught up on what it missed.\n> \u00a9 Mini-Agent - **get_news**: Market sentiment and company-specific headlines.\nce ~ **get_hacker_news**: Tech-market crossover trends. geo 4. Proactive Commands (Sentinel Tools)\n= - *tweb_search**: General financial or macro research.\nB > \u00a9 OpensB New tools for the Al agent to manage its background self:\n> \u00a9 openclaw (3 HS, Coe Gms (ERD) \u00a9 set alert (symbol, condition) : Programmatically\nB > \u00a9 opencode 47 - **search_memory**: Query past sessions and user-defined prefer add background triggers.\n> \u00a9 temp 48 - **update_memory**: Persist critical insights or global setting Seer Fetch o summary of\n> \u00a9 test.workspace 49 </tool_manifesto> Gea EAC oto\n> \u00a9 tradio = .\nB Si <eritical_reninders> ;\nne one ca 52 - \"Financial Disclosure**: Always specify that your analysis is\nMORENO Be 53. - **Epror Handling**: If a ticker is invalid or data is missing,\n54 - **Visualization**: Interactive charts are high-value. Always f\n55 </critical_reminders>\"\"\" Implementation Phasing\n56\nPhase Milestone Description\nindows cannot find 'spotify\u2019. Make sure you typed ther and then ty again Phase | ThePulse | Create arc/monitoring/engine.\n1 Core py using asimple while True\nProblems Output Debug Console ({TEIMaIN) Ports +. texpeaihaoee TS\nargs: {} 1 Phase ETF Implement arc/data/etf_loade\n2026-02-14 21:28:08,901 - httpx - INFO - HTTP Request: POST https: //api -telegram.org/bot 7960886425: AAFLEL fchgN3nfpQsrhfFAKvSmtNHnBGdU/getUpdates \u201cHTTP/1.1 200 OK\" 2 Resolution | py to auto-populate the\n\nHH SUCCESS: {\"elements\": \u201c[{\"text\": \u2018A\u2019, \"x\": 18, \"y\": 17, \u201cbounds\n2 \"A File Edit Selection View Go Run Terminal Help powerful-project-collection - antigravity - system p.\n\n\u2018monitor list from CSV/Web links.\n\nCleft\u2019: 13, \u201ctop': 12, \u2018width\u2019: 10, \u201cheight\": 10}, \u201cconf... [74919 chars\", \u201cunfiltered text\u201d |\n. [5147 chars]\", \u201cplain text\": \u201cA File Edit Selection View Go R\n\nun Terminal Help powerful-project-collection - Antigravity - system p... [5147 chars]\u201d, \u201ctotal_elements\": \"615\"} (6873ms) Phase Neural Filter _ Integrate a \u201cSentinel Agent\u201d\n2026-02-14 21:28:16,852 - httpx - INFO - HTTP Request: POST https: //api-openai.com/vi/chat/completions \u201cHITP/1.1 200 Ok\u201d 3 (background LLM) to score news\n\u2018\\ [OPENAT] TOOL CALL: ocr_screen headlines as they arrive.\nhttpx - INFO - HTTP Request: POST https: relegram.org/bot7960886425 : AAFLELfHchigN3nfpQsrhfFAXvSmtNHnBGdU/getUpdates \u201cHTTP/1.1 200 OK\u201d Giese ||Gxa Gaile neers Saaiiiire\n\u201c[{'text': \"A\", 'x': 18, y': 17, {\u2018left': 13, \u2018top\u2019: 12, \u2018width\u2019: 10, \u2018height\u2019: 1\u00a2}, \u2018conf... [84158 chars]\", \u201cunfiltered text\u201d a Gasen Gen brody ere tian\n3 \u201cA\\n\\nQ\\n\\ne\\n\\nvd\\n\\na\\n\\neeeceeeceesece\\n\\n@\\n\u00e9\\n\\n*\\n\\nFile Edit Selection View\\n\\n\u00e9xplorer\\n\\n|\\n|\\n\\ndaily breakdown\\neig... [5571 chars]\", \u201cplain text\u201d: \u201cA\\n\\nQj\u00a2 yaRTET Tee TE\nUSEROUR \u2018\\n\\nFile Edit Selection View\\n\\nExplorer\\n\\n|\\n]\\n\\ndaily breakdown\\neig... [5571 chars]\", \u201ctotal_elements\u201d: \"689\"} (6408 (eee EE\n2026-02-14 21:28:29,178 - httpx - INFO - HTTP Request: POST https: //api.telegram.org/bot 7960886425 : AAFLELfHchgN3nfpQsrhfFAXvSmtNHnBGdU/getUpdates \u201cHTTP/1.1 200 OK\u2122 core and the ETF Resolution logic.\n2026-02-14 21:28:29,519 - httpx - INFO - HTTP Request: POST https: //apiopenai..com/vi/chat/completions \"HTTP/1.1 200 Ok\u201d \u2018Should | begin by implementing the Background\n\u2018\\ [OPENAT] TOOL CALL: click Monitoring Engine structure?\nargs: {\"x\": 1240, \u201cy\": 651}\nWB SUCCESS: {\"success\": \u201cTrue\u201d, \u201cclicked\u201d: \"(1240, 651)\"} (264ns) ra) 3\n\n2026-\u20ac2-14 21:28:32,279 - httpx - INFO - HTTP Request: POST https: //api.openai.com/vi/chat/completions \u201cHTTP/1.1 20 Ok\"\n\u2018\\ [OPENAT] TOOL CALL: press_key\n\u2018args: {\"key\": \u201cescape\"}\nI SUCCESS: {\"success\": \u201cTrue\u201d, \u201cpressed\u201d: \u201cescape\"} (100ms)\n2026-\u20ac2-14 21:28:35,564 - httpx - INFO - HTTP Request: POST https://api-openai.com/vi/chat/completions \u201cHTTP/1.1 20 Ok\"\n\u2018\\ [OPENAT] TOOL CALL: wait\nArgs: {\"seconds\": 0.5}\n\nReview Changes\n\n5 BB SUCCESS: {\"waited\": \u201c0.5\"} (Seims)\n> Outline 2026-02-14 21:28:37,997 - httpx - INFO - HTTP Request: POST https://api-openai.com/v1/chat/completions \u201cHITP/1.1 200 Ok\" A Fast \u00a9 Gemini3 Flash eo\n> Timeline 0\nEl powerful-project-collection maint 2 @oA\\o Ln 18,Col3 Spaces\u20193 UTF-8 CRLF {} Python 3.13264-bit Antigravity Settings O\n\nQ Search MmoePodsandtreargere A enc cx ty 228M\n",
  "plain_text": "A File Edit Selection View Go Run Terminal Help powerful-project-collection - Antigravity - system_promptpy Open Agent Manager C2 OOD 6 & @ - ag x\n\nbeer v= system promptpy UX _init_py.\\prompsU  @ executorp DY  O \u00a2 > = pwsh x B) -- Tradio Al Prompt \u00e9nnancement +x\n\\ powerful-project-collection _\u2018tfadio > a rents > system Prompts > [el SYSTEM_PROMPT PS C:\\Users\\Magsihim AT\\Documents\\GitHub\\powerful-project-collection> a\n= 6 PROMPT. role> = sec\n> \u00a9 dai breakdown TREC AUoE-\"y ROME I@e PRICE, WoLUie, ano GSLay CHAREST 0 REO SS ES ViEaeRiage eatin\n> \u00a9 eigent - **get_fundamentals**: core valuation and profitability metrics | the agent does is \u201cRead the Sentinel Feed\u201d so it's\nSe > 6 emploai - *get_technical**: Instant indicator signals (RSI, MACD, etc.) | a immediately caught up on what it missed.\n> \u00a9 Mini-Agent - **get_news**: Market sentiment and company-specific headlines.\nce ~ **get_hacker_news**: Tech-market crossover trends. geo 4. Proactive Commands (Sentinel Tools)\n= - *tweb_search**: General financial or macro research.\nB > \u00a9 OpensB New tools for the Al agent to manage its background self:\n> \u00a9 openclaw (3 HS, Coe Gms (ERD) \u00a9 set alert (symbol, condition) : Programmatically\nB > \u00a9 opencode 47 - **search_memory**: Query past sessions and user-defined prefer add background triggers.\n> \u00a9 temp 48 - **update_memory**: Persist critical insights or global setting Seer Fetch o summary of\n> \u00a9 test.workspace 49 </tool_manifesto> Gea EAC oto\n> \u00a9 tradio = .\nB Si <eritical_reninders> ;\nne one ca 52 - \"Financial Disclosure**: Always specify that your analysis is\nMORENO Be 53. - **Epror Handling**: If a ticker is invalid or data is missing,\n54 - **Visualization**: Interactive charts are high-value. Always f\n55 </critical_reminders>\"\"\" Implementation Phasing\n56\nPhase Milestone Description\nindows cannot find 'spotify\u2019. Make sure you typed ther and then ty again Phase | ThePulse | Create arc/monitoring/engine.\n1 Core py using asimple while True\nProblems Output Debug Console ({TEIMaIN) Ports +. texpeaihaoee TS\nargs: {} 1 Phase ETF Implement arc/data/etf_loade\n2026-02-14 21:28:08,901 - httpx - INFO - HTTP Request: POST https: //api -telegram.org/bot 7960886425: AAFLEL fchgN3nfpQsrhfFAKvSmtNHnBGdU/getUpdates \u201cHTTP/1.1 200 OK\" 2 Resolution | py to auto-populate the\n\nHH SUCCESS: {\"elements\": \u201c[{\"text\": \u2018A\u2019, \"x\": 18, \"y\": 17, \u201cbounds\n2 \"A File Edit Selection View Go Run Terminal Help powerful-project-collection - antigravity - system p.\n\n\u2018monitor list from CSV/Web links.\n\nCleft\u2019: 13, \u201ctop': 12, \u2018width\u2019: 10, \u201cheight\": 10}, \u201cconf... [74919 chars\", \u201cunfiltered text\u201d |\n. [5147 chars]\", \u201cplain text\": \u201cA File Edit Selection View Go R\n\nun Terminal Help powerful-project-collection - Antigravity - system p... [5147 chars]\u201d, \u201ctotal_elements\": \"615\"} (6873ms) Phase Neural Filter _ Integrate a \u201cSentinel Agent\u201d\n2026-02-14 21:28:16,852 - httpx - INFO - HTTP Request: POST https: //api-openai.com/vi/chat/completions \u201cHITP/1.1 200 Ok\u201d 3 (background LLM) to score news\n\u2018\\ [OPENAT] TOOL CALL: ocr_screen headlines as they arrive.\nhttpx - INFO - HTTP Request: POST https: relegram.org/bot7960886425 : AAFLELfHchigN3nfpQsrhfFAXvSmtNHnBGdU/getUpdates \u201cHTTP/1.1 200 OK\u201d Giese ||Gxa Gaile neers Saaiiiire\n\u201c[{'text': \"A\", 'x': 18, y': 17, {\u2018left': 13, \u2018top\u2019: 12, \u2018width\u2019: 10, \u2018height\u2019: 1\u00a2}, \u2018conf... [84158 chars]\", \u201cunfiltered text\u201d a Gasen Gen brody ere tian\n3 \u201cA\\n\\nQ\\n\\ne\\n\\nvd\\n\\na\\n\\neeeceeeceesece\\n\\n@\\n\u00e9\\n\\n*\\n\\nFile Edit Selection View\\n\\n\u00e9xplorer\\n\\n|\\n|\\n\\ndaily breakdown\\neig... [5571 chars]\", \u201cplain text\u201d: \u201cA\\n\\nQj\u00a2 yaRTET Tee TE\nUSEROUR \u2018\\n\\nFile Edit Selection View\\n\\nExplorer\\n\\n|\\n]\\n\\ndaily breakdown\\neig... [5571 chars]\", \u201ctotal_elements\u201d: \"689\"} (6408 (eee EE\n2026-02-14 21:28:29,178 - httpx - INFO - HTTP Request: POST https: //api.telegram.org/bot 7960886425 : AAFLELfHchgN3nfpQsrhfFAXvSmtNHnBGdU/getUpdates \u201cHTTP/1.1 200 OK\u2122 core and the ETF Resolution logic.\n2026-02-14 21:28:29,519 - httpx - INFO - HTTP Request: POST https: //apiopenai..com/vi/chat/completions \"HTTP/1.1 200 Ok\u201d \u2018Should | begin by implementing the Background\n\u2018\\ [OPENAT] TOOL CALL: click Monitoring Engine structure?\nargs: {\"x\": 1240, \u201cy\": 651}\nWB SUCCESS: {\"success\": \u201cTrue\u201d, \u201cclicked\u201d: \"(1240, 651)\"} (264ns) ra) 3\n\n2026-\u20ac2-14 21:28:32,279 - httpx - INFO - HTTP Request: POST https: //api.openai.com/vi/chat/completions \u201cHTTP/1.1 20 Ok\"\n\u2018\\ [OPENAT] TOOL CALL: press_key\n\u2018args: {\"key\": \u201cescape\"}\nI SUCCESS: {\"success\": \u201cTrue\u201d, \u201cpressed\u201d: \u201cescape\"} (100ms)\n2026-\u20ac2-14 21:28:35,564 - httpx - INFO - HTTP Request: POST https://api-openai.com/vi/chat/completions \u201cHTTP/1.1 20 Ok\"\n\u2018\\ [OPENAT] TOOL CALL: wait\nArgs: {\"seconds\": 0.5}\n\nReview Changes\n\n5 BB SUCCESS: {\"waited\": \u201c0.5\"} (Seims)\n> Outline 2026-02-14 21:28:37,997 - httpx - INFO - HTTP Request: POST https://api-openai.com/v1/chat/completions \u201cHITP/1.1 200 Ok\" A Fast \u00a9 Gemini3 Flash eo\n> Timeline 0\nEl powerful-project-collection maint 2 @oA\\o Ln 18,Col3 Spaces\u20193 UTF-8 CRLF {} Python 3.13264-bit Antigravity Settings O\n\nQ Search MmoePodsandtreargere A enc cx ty 228M\n",
  "total_elements": 601
}
21:28:43 | --------------------------------------------------------------------------------
21:28:48 | CALL | ocr_screen | {}
21:28:54 | RESULT | ocr_screen | ✅ SUCCESS (5800ms)
{
  "elements": [
    {
      "text": "A",
      "x": 18,
      "y": 17,
      "bounds": {
        "left": 13,
        "top": 12,
        "width": 10,
        "height": 10
      },
      "confidence": 64
    },
    {
      "text": "File",
      "x": 53,
      "y": 17,
      "bounds": {
        "left": 44,
        "top": 12,
        "width": 18,
        "height": 10
      },
      "confidence": 81
    },
    {
      "text": "Edit",
      "x": 89,
      "y": 17,
      "bounds": {
        "left": 79,
        "top": 12,
        "width": 21,
        "height": 10
      },
      "confidence": 81
    },
    {
      "text": "Selection",
      "x": 142,
      "y": 17,
      "bounds": {
        "left": 117,
        "top": 12,
        "width": 51,
        "height": 10
      },
      "confidence": 84
    },
    {
      "text": "View",
      "x": 198,
      "y": 17,
      "bounds": {
        "left": 185,
        "top": 12,
        "width": 27,
        "height": 10
      },
      "confidence": 90
    },
    {
      "text": "Go",
      "x": 236,
      "y": 17,
      "bounds": {
        "left": 228,
        "top": 13,
        "width": 16,
        "height": 9
      },
      "confidence": 93
    },
    {
      "text": "Run",
      "x": 271,
      "y": 17,
      "bounds": {
        "left": 261,
        "top": 13,
        "width": 21,
        "height": 9
      },
      "confidence": 93
    },
    {
      "text": "Terminal",
      "x": 322,
      "y": 17,
      "bounds": {
        "left": 299,
        "top": 12,
        "width": 47,
        "height": 10
      },
      "confidence": 92
    },
    {
      "text": "Help",
      "x": 377,
      "y": 18,
      "bounds": {
        "left": 364,
        "top": 12,
        "width": 26,
        "height": 13
      },
      "confidence": 94
    },
    {
      "text": "powerful-project-collection",
      "x": 874,
      "y": 16,
      "bounds": {
        "left": 801,
        "top": 3,
        "width": 146,
        "height": 26
      },
      "confidence": 86
    },
    {
      "text": "-",
      "x": 954,
      "y": 18,
      "bounds": {
        "left": 952,
        "top": 18,
        "width": 4,
        "height": 1
      },
      "confidence": 85
    },
    {
      "text": "Antigravity",
      "x": 988,
      "y": 16,
      "bounds": {
        "left": 961,
        "top": 3,
        "width": 55,
        "height": 26
      },
      "confidence": 79
    },
    {
      "text": "-",
      "x": 1023,
      "y": 18,
      "bounds": {
        "left": 1021,
        "top": 18,
        "width": 4,
        "height": 1
      },
      "confidence": 79
    },
    {
      "text": "Open",
      "x": 1451,
      "y": 18,
      "bounds": {
        "left": 1435,
        "top": 5,
        "width": 33,
        "height": 26
      },
      "confidence": 83
    },
    {
      "text": "Agent",
      "x": 1488,
      "y": 18,
      "bounds": {
        "left": 1471,
        "top": 5,
        "width": 34,
        "height": 26
      },
      "confidence": 83
    },
    {
      "text": "C2",
      "x": 1569,
      "y": 17,
      "bounds": {
        "left": 1563,
        "top": 11,
        "width": 13,
        "height": 12
      },
      "confidence": 33
    },
    {
      "text": "6",
      "x": 1698,
      "y": 17,
      "bounds": {
        "left": 1691,
        "top": 10,
        "width": 14,
        "height": 14
      },
      "confidence": 42
    },
    {
      "text": "&",
      "x": 1722,
      "y": 17,
      "bounds": {
        "left": 1715,
        "top": 10,
        "width": 14,
        "height": 14
      },
      "confidence": 76
    },
    {
      "text": "@",
      "x": 1749,
      "y": 17,
      "bounds": {
        "left": 1741,
        "top": 9,
        "width": 16,
        "height": 16
      },
      "confidence": 71
    },
    {
      "text": "-",
      "x": 1805,
      "y": 16,
      "bounds": {
        "left": 1800,
        "top": 16,
        "width": 10,
        "height": 1
      },
      "confidence": 87
    },
    {
      "text": "ag",
      "x": 1851,
      "y": 17,
      "bounds": {
        "left": 1846,
        "top": 12,
        "width": 10,
        "height": 10
      },
      "confidence": 74
    },
    {
      "text": "x",
      "x": 1897,
      "y": 17,
      "bounds": {
        "left": 1892,
        "top": 12,
        "width": 10,
        "height": 10
      },
      "confidence": 52
    },
    {
      "text": "ey",
      "x": 25,
      "y": 55,
      "bounds": {
        "left": 12,
        "top": 37,
        "width": 26,
        "height": 36
      },
      "confidence": 61
    },
    {
      "text": "Explorer",
      "x": 84,
      "y": 50,
      "bounds": {
        "left": 58,
        "top": 37,
        "width": 52,
        "height": 27
      },
      "confidence": 94
    },
    {
      "text": ".",
      "x": 204,
      "y": 53,
      "bounds": {
        "left": 203,
        "top": 52,
        "width": 2,
        "height": 2
      },
      "confidence": 47
    },
    {
      "text": "@",
      "x": 251,
      "y": 50,
      "bounds": {
        "left": 245,
        "top": 44,
        "width": 12,
        "height": 12
      },
      "confidence": 66
    },
    {
      "text": "system_promptpy",
      "x": 317,
      "y": 52,
      "bounds": {
        "left": 265,
        "top": 46,
        "width": 104,
        "height": 12
      },
      "confidence": 40
    },
    {
      "text": "U",
      "x": 380,
      "y": 50,
      "bounds": {
        "left": 379,
        "top": 46,
        "width": 3,
        "height": 9
      },
      "confidence": 40
    },
    {
      "text": "X",
      "x": 397,
      "y": 50,
      "bounds": {
        "left": 392,
        "top": 46,
        "width": 10,
        "height": 8
      },
      "confidence": 67
    },
    {
      "text": "_init_.py",
      "x": 472,
      "y": 52,
      "bounds": {
        "left": 444,
        "top": 46,
        "width": 56,
        "height": 12
      },
      "confidence": 50
    },
    {
      "text": "...\\prompts",
      "x": 538,
      "y": 52,
      "bounds": {
        "left": 515,
        "top": 47,
        "width": 47,
        "height": 11
      },
      "confidence": 68
    },
    {
      "text": "U",
      "x": 572,
      "y": 50,
      "bounds": {
        "left": 569,
        "top": 46,
        "width": 6,
        "height": 9
      },
      "confidence": 90
    },
    {
      "text": "eeutorrp",
      "x": 667,
      "y": 52,
      "bounds": {
        "left": 637,
        "top": 46,
        "width": 60,
        "height": 12
      },
      "confidence": 32
    },
    {
      "text": "Py",
      "x": 728,
      "y": 50,
      "bounds": {
        "left": 724,
        "top": 48,
        "width": 8,
        "height": 4
      },
      "confidence": 58
    },
    {
      "text": "pwsh",
      "x": 925,
      "y": 51,
      "bounds": {
        "left": 911,
        "top": 39,
        "width": 28,
        "height": 24
      },
      "confidence": 90
    },
    {
      "text": "x",
      "x": 983,
      "y": 50,
      "bounds": {
        "left": 982,
        "top": 49,
        "width": 2,
        "height": 2
      },
      "confidence": 93
    },
    {
      "text": "Al",
      "x": 1575,
      "y": 51,
      "bounds": {
        "left": 1570,
        "top": 39,
        "width": 11,
        "height": 25
      },
      "confidence": 87
    },
    {
      "text": "Prompt",
      "x": 1601,
      "y": 51,
      "bounds": {
        "left": 1584,
        "top": 39,
        "width": 35,
        "height": 25
      },
      "confidence": 95
    },
    {
      "text": "Enhancement",
      "x": 1655,
      "y": 53,
      "bounds": {
        "left": 1622,
        "top": 48,
        "width": 66,
        "height": 10
      },
      "confidence": 92
    },
    {
      "text": "\u00a9",
      "x": 47,
      "y": 77,
      "bounds": {
        "left": 43,
        "top": 61,
        "width": 8,
        "height": 32
      },
      "confidence": 33
    },
    {
      "text": "powerful-project-collection",
      "x": 136,
      "y": 83,
      "bounds": {
        "left": 62,
        "top": 77,
        "width": 149,
        "height": 12
      },
      "confidence": 48
    },
    {
      "text": ">",
      "x": 291,
      "y": 76,
      "bounds": {
        "left": 288,
        "top": 71,
        "width": 6,
        "height": 10
      },
      "confidence": 88
    },
    {
      "text": "ai",
      "x": 303,
      "y": 77,
      "bounds": {
        "left": 299,
        "top": 74,
        "width": 9,
        "height": 7
      },
      "confidence": 88
    },
    {
      "text": ">",
      "x": 318,
      "y": 76,
      "bounds": {
        "left": 317,
        "top": 71,
        "width": 3,
        "height": 10
      },
      "confidence": 95
    },
    {
      "text": "prompts",
      "x": 349,
      "y": 78,
      "bounds": {
        "left": 325,
        "top": 72,
        "width": 48,
        "height": 12
      },
      "confidence": 95
    },
    {
      "text": ">",
      "x": 382,
      "y": 76,
      "bounds": {
        "left": 379,
        "top": 71,
        "width": 6,
        "height": 10
      },
      "confidence": 93
    },
    {
      "text": "#@",
      "x": 397,
      "y": 76,
      "bounds": {
        "left": 391,
        "top": 70,
        "width": 12,
        "height": 12
      },
      "confidence": 67
    },
    {
      "text": "system_prompt.py",
      "x": 464,
      "y": 78,
      "bounds": {
        "left": 412,
        "top": 72,
        "width": 104,
        "height": 12
      },
      "confidence": 80
    },
    {
      "text": ">",
      "x": 524,
      "y": 76,
      "bounds": {
        "left": 523,
        "top": 71,
        "width": 3,
        "height": 10
      },
      "confidence": 94
    },
    {
      "text": "[el",
      "x": 540,
      "y": 76,
      "bounds": {
        "left": 533,
        "top": 72,
        "width": 14,
        "height": 9
      },
      "confidence": 62
    },
    {
      "text": "SYSTEM_PROMPT",
      "x": 602,
      "y": 77,
      "bounds": {
        "left": 552,
        "top": 72,
        "width": 101,
        "height": 11
      },
      "confidence": 91
    },
    {
      "text": "PS",
      "x": 905,
      "y": 76,
      "bounds": {
        "left": 898,
        "top": 72,
        "width": 14,
        "height": 9
      },
      "confidence": 78
    },
    {
      "text": "C:\\Users\\Wagsihim",
      "x": 979,
      "y": 76,
      "bounds": {
        "left": 919,
        "top": 61,
        "width": 120,
        "height": 30
      },
      "confidence": 86
    },
    {
      "text": "AI\\Documents\\GitHub",
      "x": 1111,
      "y": 76,
      "bounds": {
        "left": 1046,
        "top": 61,
        "width": 131,
        "height": 30
      },
      "confidence": 69
    },
    {
      "text": "\\powerful-project-collection>",
      "x": 1280,
      "y": 76,
      "bounds": {
        "left": 1179,
        "top": 61,
        "width": 202,
        "height": 30
      },
      "confidence": 71
    },
    {
      "text": "-",
      "x": 1834,
      "y": 71,
      "bounds": {
        "left": 1831,
        "top": 70,
        "width": 6,
        "height": 2
      },
      "confidence": 41
    },
    {
      "text": "\u00a9",
      "x": 271,
      "y": 96,
      "bounds": {
        "left": 268,
        "top": 92,
        "width": 6,
        "height": 9
      },
      "confidence": 31
    },
    {
      "text": "SYSTEM_PROMPT",
      "x": 351,
      "y": 96,
      "bounds": {
        "left": 301,
        "top": 92,
        "width": 100,
        "height": 9
      },
      "confidence": 66
    },
    {
      "text": "role>",
      "x": 474,
      "y": 96,
      "bounds": {
        "left": 456,
        "top": 91,
        "width": 37,
        "height": 10
      },
      "confidence": 56
    },
    {
      "text": "=",
      "x": 814,
      "y": 99,
      "bounds": {
        "left": 800,
        "top": 97,
        "width": 29,
        "height": 4
      },
      "confidence": 35
    },
    {
      "text": "P",
      "x": 21,
      "y": 97,
      "bounds": {
        "left": 13,
        "top": 89,
        "width": 17,
        "height": 17
      },
      "confidence": 87
    },
    {
      "text": ">",
      "x": 61,
      "y": 103,
      "bounds": {
        "left": 58,
        "top": 98,
        "width": 6,
        "height": 10
      },
      "confidence": 56
    },
    {
      "text": "\u00a9",
      "x": 80,
      "y": 107,
      "bounds": {
        "left": 74,
        "top": 106,
        "width": 12,
        "height": 2
      },
      "confidence": 56
    },
    {
      "text": "daily",
      "x": 107,
      "y": 102,
      "bounds": {
        "left": 94,
        "top": 85,
        "width": 27,
        "height": 34
      },
      "confidence": 79
    },
    {
      "text": "breakdown",
      "x": 161,
      "y": 102,
      "bounds": {
        "left": 128,
        "top": 85,
        "width": 66,
        "height": 34
      },
      "confidence": 96
    },
    {
      "text": "Cine",
      "x": 487,
      "y": 111,
      "bounds": {
        "left": 474,
        "top": 108,
        "width": 27,
        "height": 6
      },
      "confidence": 41
    },
    {
      "text": "ana",
      "x": 636,
      "y": 111,
      "bounds": {
        "left": 625,
        "top": 108,
        "width": 22,
        "height": 6
      },
      "confidence": 44
    },
    {
      "text": "+",
      "x": 1549,
      "y": 108,
      "bounds": {
        "left": 1547,
        "top": 106,
        "width": 5,
        "height": 5
      },
      "confidence": 38
    },
    {
      "text": "Agent",
      "x": 1582,
      "y": 107,
      "bounds": {
        "left": 1562,
        "top": 90,
        "width": 41,
        "height": 34
      },
      "confidence": 59
    },
    {
      "text": "Awareness:",
      "x": 1642,
      "y": 107,
      "bounds": {
        "left": 1611,
        "top": 90,
        "width": 63,
        "height": 34
      },
      "confidence": 96
    },
    {
      "text": "When",
      "x": 1694,
      "y": 108,
      "bounds": {
        "left": 1681,
        "top": 103,
        "width": 27,
        "height": 10
      },
      "confidence": 96
    },
    {
      "text": "you",
      "x": 1724,
      "y": 107,
      "bounds": {
        "left": 1715,
        "top": 90,
        "width": 18,
        "height": 34
      },
      "confidence": 93
    },
    {
      "text": "starta",
      "x": 1755,
      "y": 107,
      "bounds": {
        "left": 1738,
        "top": 90,
        "width": 35,
        "height": 34
      },
      "confidence": 82
    },
    {
      "text": "chat,",
      "x": 1792,
      "y": 107,
      "bounds": {
        "left": 1778,
        "top": 90,
        "width": 29,
        "height": 34
      },
      "confidence": 87
    },
    {
      "text": "the",
      "x": 1816,
      "y": 107,
      "bounds": {
        "left": 1809,
        "top": 90,
        "width": 15,
        "height": 34
      },
      "confidence": 87
    },
    {
      "text": "first",
      "x": 1842,
      "y": 107,
      "bounds": {
        "left": 1832,
        "top": 90,
        "width": 20,
        "height": 34
      },
      "confidence": 35
    },
    {
      "text": "thing",
      "x": 1871,
      "y": 107,
      "bounds": {
        "left": 1857,
        "top": 90,
        "width": 29,
        "height": 34
      },
      "confidence": 35
    },
    {
      "text": ">",
      "x": 61,
      "y": 125,
      "bounds": {
        "left": 58,
        "top": 120,
        "width": 6,
        "height": 10
      },
      "confidence": 92
    },
    {
      "text": "\u00a9",
      "x": 75,
      "y": 128,
      "bounds": {
        "left": 72,
        "top": 116,
        "width": 7,
        "height": 25
      },
      "confidence": 87
    },
    {
      "text": "eigent",
      "x": 112,
      "y": 126,
      "bounds": {
        "left": 94,
        "top": 120,
        "width": 36,
        "height": 13
      },
      "confidence": 88
    },
    {
      "text": "-",
      "x": 305,
      "y": 129,
      "bounds": {
        "left": 303,
        "top": 129,
        "width": 5,
        "height": 1
      },
      "confidence": 86
    },
    {
      "text": "**get_fundamentals**:",
      "x": 397,
      "y": 129,
      "bounds": {
        "left": 318,
        "top": 123,
        "width": 158,
        "height": 13
      },
      "confidence": 86
    },
    {
      "text": "core",
      "x": 501,
      "y": 129,
      "bounds": {
        "left": 487,
        "top": 126,
        "width": 29,
        "height": 7
      },
      "confidence": 96
    },
    {
      "text": "valuation",
      "x": 559,
      "y": 128,
      "bounds": {
        "left": 525,
        "top": 123,
        "width": 68,
        "height": 10
      },
      "confidence": 96
    },
    {
      "text": "and",
      "x": 613,
      "y": 128,
      "bounds": {
        "left": 602,
        "top": 123,
        "width": 22,
        "height": 10
      },
      "confidence": 96
    },
    {
      "text": "profitability",
      "x": 682,
      "y": 129,
      "bounds": {
        "left": 633,
        "top": 123,
        "width": 99,
        "height": 13
      },
      "confidence": 96
    },
    {
      "text": "metrics",
      "x": 766,
      "y": 128,
      "bounds": {
        "left": 741,
        "top": 123,
        "width": 51,
        "height": 10
      },
      "confidence": 93
    },
    {
      "text": "\u2018the",
      "x": 1575,
      "y": 131,
      "bounds": {
        "left": 1564,
        "top": 119,
        "width": 23,
        "height": 25
      },
      "confidence": 92
    },
    {
      "text": "agent",
      "x": 1607,
      "y": 131,
      "bounds": {
        "left": 1591,
        "top": 119,
        "width": 32,
        "height": 25
      },
      "confidence": 96
    },
    {
      "text": "does",
      "x": 1640,
      "y": 131,
      "bounds": {
        "left": 1628,
        "top": 119,
        "width": 24,
        "height": 25
      },
      "confidence": 95
    },
    {
      "text": "is",
      "x": 1662,
      "y": 131,
      "bounds": {
        "left": 1657,
        "top": 119,
        "width": 10,
        "height": 25
      },
      "confidence": 90
    },
    {
      "text": "\"Read",
      "x": 1687,
      "y": 131,
      "bounds": {
        "left": 1672,
        "top": 119,
        "width": 30,
        "height": 25
      },
      "confidence": 81
    },
    {
      "text": "the",
      "x": 1716,
      "y": 131,
      "bounds": {
        "left": 1707,
        "top": 119,
        "width": 18,
        "height": 25
      },
      "confidence": 96
    },
    {
      "text": "Sentinel",
      "x": 1752,
      "y": 131,
      "bounds": {
        "left": 1730,
        "top": 119,
        "width": 45,
        "height": 25
      },
      "confidence": 96
    },
    {
      "text": "Feed\"",
      "x": 1814,
      "y": 131,
      "bounds": {
        "left": 1780,
        "top": 126,
        "width": 68,
        "height": 10
      },
      "confidence": 81
    },
    {
      "text": "so",
      "x": 1820,
      "y": 131,
      "bounds": {
        "left": 1816,
        "top": 119,
        "width": 9,
        "height": 25
      },
      "confidence": 95
    },
    {
      "text": "it's",
      "x": 1839,
      "y": 131,
      "bounds": {
        "left": 1830,
        "top": 126,
        "width": 18,
        "height": 10
      },
      "confidence": 78
    },
    {
      "text": "Se",
      "x": 24,
      "y": 142,
      "bounds": {
        "left": 14,
        "top": 131,
        "width": 20,
        "height": 22
      },
      "confidence": 52
    },
    {
      "text": ">",
      "x": 61,
      "y": 147,
      "bounds": {
        "left": 58,
        "top": 142,
        "width": 6,
        "height": 10
      },
      "confidence": 54
    },
    {
      "text": "6",
      "x": 77,
      "y": 144,
      "bounds": {
        "left": 74,
        "top": 127,
        "width": 6,
        "height": 35
      },
      "confidence": 43
    },
    {
      "text": "emploai",
      "x": 117,
      "y": 148,
      "bounds": {
        "left": 94,
        "top": 142,
        "width": 46,
        "height": 13
      },
      "confidence": 43
    },
    {
      "text": "**get_technical**:",
      "x": 385,
      "y": 148,
      "bounds": {
        "left": 318,
        "top": 142,
        "width": 135,
        "height": 13
      },
      "confidence": 61
    },
    {
      "text": "Instant",
      "x": 490,
      "y": 147,
      "bounds": {
        "left": 464,
        "top": 143,
        "width": 52,
        "height": 9
      },
      "confidence": 96
    },
    {
      "text": "indicator",
      "x": 559,
      "y": 147,
      "bounds": {
        "left": 526,
        "top": 142,
        "width": 67,
        "height": 10
      },
      "confidence": 96
    },
    {
      "text": "signals",
      "x": 629,
      "y": 148,
      "bounds": {
        "left": 603,
        "top": 142,
        "width": 52,
        "height": 13
      },
      "confidence": 96
    },
    {
      "text": "(RSI,",
      "x": 682,
      "y": 148,
      "bounds": {
        "left": 665,
        "top": 142,
        "width": 34,
        "height": 13
      },
      "confidence": 93
    },
    {
      "text": "MACD,",
      "x": 727,
      "y": 148,
      "bounds": {
        "left": 709,
        "top": 143,
        "width": 36,
        "height": 11
      },
      "confidence": 87
    },
    {
      "text": "etc.)",
      "x": 773,
      "y": 148,
      "bounds": {
        "left": 756,
        "top": 142,
        "width": 35,
        "height": 13
      },
      "confidence": 92
    },
    {
      "text": "|",
      "x": 801,
      "y": 159,
      "bounds": {
        "left": 800,
        "top": 159,
        "width": 3,
        "height": 1
      },
      "confidence": 45
    },
    {
      "text": ":",
      "x": 861,
      "y": 147,
      "bounds": {
        "left": 860,
        "top": 146,
        "width": 2,
        "height": 2
      },
      "confidence": 44
    },
    {
      "text": "ECS",
      "x": 1750,
      "y": 154,
      "bounds": {
        "left": 1693,
        "top": 148,
        "width": 114,
        "height": 13
      },
      "confidence": 32
    },
    {
      "text": ">",
      "x": 61,
      "y": 169,
      "bounds": {
        "left": 58,
        "top": 164,
        "width": 6,
        "height": 10
      },
      "confidence": 94
    },
    {
      "text": "\u00a9",
      "x": 80,
      "y": 169,
      "bounds": {
        "left": 74,
        "top": 164,
        "width": 12,
        "height": 10
      },
      "confidence": 93
    },
    {
      "text": "Mini-Agent",
      "x": 127,
      "y": 170,
      "bounds": {
        "left": 95,
        "top": 164,
        "width": 64,
        "height": 13
      },
      "confidence": 87
    },
    {
      "text": "~",
      "x": 305,
      "y": 167,
      "bounds": {
        "left": 303,
        "top": 167,
        "width": 5,
        "height": 1
      },
      "confidence": 63
    },
    {
      "text": "**get_news**:",
      "x": 366,
      "y": 167,
      "bounds": {
        "left": 318,
        "top": 161,
        "width": 96,
        "height": 13
      },
      "confidence": 89
    },
    {
      "text": "Market",
      "x": 447,
      "y": 166,
      "bounds": {
        "left": 425,
        "top": 161,
        "width": 45,
        "height": 10
      },
      "confidence": 95
    },
    {
      "text": "sentiment",
      "x": 513,
      "y": 166,
      "bounds": {
        "left": 479,
        "top": 161,
        "width": 68,
        "height": 10
      },
      "confidence": 94
    },
    {
      "text": "and",
      "x": 567,
      "y": 166,
      "bounds": {
        "left": 556,
        "top": 161,
        "width": 22,
        "height": 10
      },
      "confidence": 93
    },
    {
      "text": "company-specific",
      "x": 647,
      "y": 167,
      "bounds": {
        "left": 587,
        "top": 161,
        "width": 121,
        "height": 13
      },
      "confidence": 92
    },
    {
      "text": "headlines.",
      "x": 754,
      "y": 166,
      "bounds": {
        "left": 718,
        "top": 161,
        "width": 73,
        "height": 10
      },
      "confidence": 91
    },
    {
      "text": "43",
      "x": 267,
      "y": 185,
      "bounds": {
        "left": 260,
        "top": 181,
        "width": 14,
        "height": 9
      },
      "confidence": 63
    },
    {
      "text": "-",
      "x": 305,
      "y": 186,
      "bounds": {
        "left": 303,
        "top": 186,
        "width": 5,
        "height": 1
      },
      "confidence": 61
    },
    {
      "text": "**get_hacker_news**:",
      "x": 390,
      "y": 186,
      "bounds": {
        "left": 318,
        "top": 180,
        "width": 144,
        "height": 13
      },
      "confidence": 57
    },
    {
      "text": "Tech-market",
      "x": 520,
      "y": 185,
      "bounds": {
        "left": 479,
        "top": 180,
        "width": 83,
        "height": 10
      },
      "confidence": 91
    },
    {
      "text": "crossover",
      "x": 606,
      "y": 186,
      "bounds": {
        "left": 572,
        "top": 183,
        "width": 68,
        "height": 7
      },
      "confidence": 96
    },
    {
      "text": "trends.",
      "x": 673,
      "y": 185,
      "bounds": {
        "left": 648,
        "top": 180,
        "width": 51,
        "height": 10
      },
      "confidence": 93
    },
    {
      "text": "eon",
      "x": 824,
      "y": 186,
      "bounds": {
        "left": 800,
        "top": 177,
        "width": 48,
        "height": 18
      },
      "confidence": 31
    },
    {
      "text": "al",
      "x": 1549,
      "y": 186,
      "bounds": {
        "left": 1541,
        "top": 171,
        "width": 16,
        "height": 30
      },
      "confidence": 52
    },
    {
      "text": "(Sentinel",
      "x": 1731,
      "y": 186,
      "bounds": {
        "left": 1702,
        "top": 171,
        "width": 58,
        "height": 30
      },
      "confidence": 63
    },
    {
      "text": "44",
      "x": 267,
      "y": 204,
      "bounds": {
        "left": 260,
        "top": 200,
        "width": 14,
        "height": 9
      },
      "confidence": 62
    },
    {
      "text": "-",
      "x": 305,
      "y": 205,
      "bounds": {
        "left": 303,
        "top": 205,
        "width": 5,
        "height": 1
      },
      "confidence": 38
    },
    {
      "text": "**web_search**:",
      "x": 367,
      "y": 205,
      "bounds": {
        "left": 318,
        "top": 199,
        "width": 98,
        "height": 13
      },
      "confidence": 88
    },
    {
      "text": "General",
      "x": 466,
      "y": 204,
      "bounds": {
        "left": 440,
        "top": 199,
        "width": 53,
        "height": 10
      },
      "confidence": 95
    },
    {
      "text": "financial",
      "x": 536,
      "y": 204,
      "bounds": {
        "left": 502,
        "top": 199,
        "width": 68,
        "height": 10
      },
      "confidence": 96
    },
    {
      "text": "or",
      "x": 586,
      "y": 205,
      "bounds": {
        "left": 579,
        "top": 202,
        "width": 14,
        "height": 7
      },
      "confidence": 96
    },
    {
      "text": "macro",
      "x": 621,
      "y": 205,
      "bounds": {
        "left": 602,
        "top": 202,
        "width": 38,
        "height": 7
      },
      "confidence": 92
    },
    {
      "text": "research.",
      "x": 681,
      "y": 204,
      "bounds": {
        "left": 649,
        "top": 199,
        "width": 65,
        "height": 10
      },
      "confidence": 92
    },
    {
      "text": "B",
      "x": 21,
      "y": 225,
      "bounds": {
        "left": 12,
        "top": 217,
        "width": 18,
        "height": 16
      },
      "confidence": 90
    },
    {
      "text": ">",
      "x": 61,
      "y": 213,
      "bounds": {
        "left": 58,
        "top": 208,
        "width": 6,
        "height": 10
      },
      "confidence": 95
    },
    {
      "text": "\u00a9",
      "x": 80,
      "y": 217,
      "bounds": {
        "left": 74,
        "top": 216,
        "width": 12,
        "height": 2
      },
      "confidence": 91
    },
    {
      "text": "45",
      "x": 267,
      "y": 223,
      "bounds": {
        "left": 260,
        "top": 219,
        "width": 14,
        "height": 9
      },
      "confidence": 87
    },
    {
      "text": "New",
      "x": 1552,
      "y": 218,
      "bounds": {
        "left": 1542,
        "top": 206,
        "width": 20,
        "height": 24
      },
      "confidence": 90
    },
    {
      "text": "tools",
      "x": 1583,
      "y": 218,
      "bounds": {
        "left": 1568,
        "top": 206,
        "width": 30,
        "height": 24
      },
      "confidence": 95
    },
    {
      "text": "for",
      "x": 1610,
      "y": 218,
      "bounds": {
        "left": 1602,
        "top": 206,
        "width": 16,
        "height": 24
      },
      "confidence": 95
    },
    {
      "text": "the",
      "x": 1632,
      "y": 218,
      "bounds": {
        "left": 1624,
        "top": 206,
        "width": 16,
        "height": 24
      },
      "confidence": 96
    },
    {
      "text": "Al",
      "x": 1651,
      "y": 218,
      "bounds": {
        "left": 1646,
        "top": 206,
        "width": 10,
        "height": 24
      },
      "confidence": 91
    },
    {
      "text": "agent",
      "x": 1677,
      "y": 218,
      "bounds": {
        "left": 1662,
        "top": 206,
        "width": 30,
        "height": 24
      },
      "confidence": 96
    },
    {
      "text": "to",
      "x": 1704,
      "y": 218,
      "bounds": {
        "left": 1698,
        "top": 206,
        "width": 12,
        "height": 24
      },
      "confidence": 96
    },
    {
      "text": "manage",
      "x": 1735,
      "y": 218,
      "bounds": {
        "left": 1716,
        "top": 206,
        "width": 38,
        "height": 24
      },
      "confidence": 96
    },
    {
      "text": "its",
      "x": 1768,
      "y": 218,
      "bounds": {
        "left": 1760,
        "top": 206,
        "width": 16,
        "height": 24
      },
      "confidence": 96
    },
    {
      "text": "background",
      "x": 1812,
      "y": 218,
      "bounds": {
        "left": 1782,
        "top": 206,
        "width": 60,
        "height": 24
      },
      "confidence": 96
    },
    {
      "text": "self:",
      "x": 1862,
      "y": 218,
      "bounds": {
        "left": 1848,
        "top": 206,
        "width": 28,
        "height": 24
      },
      "confidence": 94
    },
    {
      "text": ">",
      "x": 61,
      "y": 235,
      "bounds": {
        "left": 58,
        "top": 230,
        "width": 6,
        "height": 10
      },
      "confidence": 91
    },
    {
      "text": "\u00a9",
      "x": 80,
      "y": 239,
      "bounds": {
        "left": 74,
        "top": 238,
        "width": 12,
        "height": 2
      },
      "confidence": 91
    },
    {
      "text": "46",
      "x": 267,
      "y": 242,
      "bounds": {
        "left": 260,
        "top": 238,
        "width": 14,
        "height": 9
      },
      "confidence": 40
    },
    {
      "text": "#\u00a58",
      "x": 313,
      "y": 242,
      "bounds": {
        "left": 301,
        "top": 238,
        "width": 24,
        "height": 9
      },
      "confidence": 40
    },
    {
      "text": "3.",
      "x": 339,
      "y": 242,
      "bounds": {
        "left": 333,
        "top": 238,
        "width": 12,
        "height": 9
      },
      "confidence": 93
    },
    {
      "text": "Neural",
      "x": 378,
      "y": 242,
      "bounds": {
        "left": 356,
        "top": 237,
        "width": 45,
        "height": 10
      },
      "confidence": 61
    },
    {
      "text": "Context",
      "x": 436,
      "y": 242,
      "bounds": {
        "left": 410,
        "top": 238,
        "width": 52,
        "height": 9
      },
      "confidence": 96
    },
    {
      "text": "(Memory)",
      "x": 501,
      "y": 243,
      "bounds": {
        "left": 472,
        "top": 237,
        "width": 59,
        "height": 13
      },
      "confidence": 44
    },
    {
      "text": "slert(symbol,",
      "x": 1628,
      "y": 242,
      "bounds": {
        "left": 1573,
        "top": 237,
        "width": 110,
        "height": 10
      },
      "confidence": 66
    },
    {
      "text": "condition)",
      "x": 1723,
      "y": 241,
      "bounds": {
        "left": 1692,
        "top": 237,
        "width": 63,
        "height": 8
      },
      "confidence": 92
    },
    {
      "text": ":",
      "x": 1763,
      "y": 240,
      "bounds": {
        "left": 1762,
        "top": 237,
        "width": 2,
        "height": 7
      },
      "confidence": 92
    },
    {
      "text": "Programmatically",
      "x": 1818,
      "y": 240,
      "bounds": {
        "left": 1768,
        "top": 234,
        "width": 100,
        "height": 13
      },
      "confidence": 95
    },
    {
      "text": "B",
      "x": 22,
      "y": 266,
      "bounds": {
        "left": 14,
        "top": 258,
        "width": 16,
        "height": 16
      },
      "confidence": 82
    },
    {
      "text": ">",
      "x": 61,
      "y": 257,
      "bounds": {
        "left": 58,
        "top": 252,
        "width": 6,
        "height": 10
      },
      "confidence": 93
    },
    {
      "text": "\u00a9",
      "x": 80,
      "y": 257,
      "bounds": {
        "left": 74,
        "top": 252,
        "width": 12,
        "height": 10
      },
      "confidence": 92
    },
    {
      "text": "opencode",
      "x": 123,
      "y": 258,
      "bounds": {
        "left": 94,
        "top": 252,
        "width": 58,
        "height": 13
      },
      "confidence": 87
    },
    {
      "text": "47",
      "x": 267,
      "y": 261,
      "bounds": {
        "left": 260,
        "top": 257,
        "width": 14,
        "height": 9
      },
      "confidence": 49
    },
    {
      "text": "-",
      "x": 305,
      "y": 262,
      "bounds": {
        "left": 303,
        "top": 262,
        "width": 5,
        "height": 1
      },
      "confidence": 73
    },
    {
      "text": "**search_memory**:",
      "x": 385,
      "y": 262,
      "bounds": {
        "left": 318,
        "top": 256,
        "width": 135,
        "height": 13
      },
      "confidence": 91
    },
    {
      "text": "Query",
      "x": 482,
      "y": 263,
      "bounds": {
        "left": 463,
        "top": 257,
        "width": 38,
        "height": 12
      },
      "confidence": 95
    },
    {
      "text": "past",
      "x": 524,
      "y": 263,
      "bounds": {
        "left": 510,
        "top": 257,
        "width": 29,
        "height": 12
      },
      "confidence": 95
    },
    {
      "text": "sessions",
      "x": 578,
      "y": 261,
      "bounds": {
        "left": 549,
        "top": 256,
        "width": 59,
        "height": 10
      },
      "confidence": 96
    },
    {
      "text": "and",
      "x": 628,
      "y": 261,
      "bounds": {
        "left": 618,
        "top": 256,
        "width": 21,
        "height": 10
      },
      "confidence": 96
    },
    {
      "text": "user-defined",
      "x": 694,
      "y": 261,
      "bounds": {
        "left": 649,
        "top": 256,
        "width": 90,
        "height": 10
      },
      "confidence": 96
    },
    {
      "text": "prefer",
      "x": 770,
      "y": 262,
      "bounds": {
        "left": 749,
        "top": 256,
        "width": 43,
        "height": 13
      },
      "confidence": 96
    },
    {
      "text": "add",
      "x": 1576,
      "y": 261,
      "bounds": {
        "left": 1564,
        "top": 249,
        "width": 25,
        "height": 25
      },
      "confidence": 92
    },
    {
      "text": "background",
      "x": 1626,
      "y": 261,
      "bounds": {
        "left": 1595,
        "top": 249,
        "width": 63,
        "height": 25
      },
      "confidence": 96
    },
    {
      "text": "triggers.",
      "x": 1690,
      "y": 261,
      "bounds": {
        "left": 1664,
        "top": 249,
        "width": 53,
        "height": 25
      },
      "confidence": 96
    },
    {
      "text": ">",
      "x": 61,
      "y": 279,
      "bounds": {
        "left": 58,
        "top": 274,
        "width": 6,
        "height": 10
      },
      "confidence": 94
    },
    {
      "text": "\u00a9",
      "x": 80,
      "y": 279,
      "bounds": {
        "left": 74,
        "top": 274,
        "width": 12,
        "height": 10
      },
      "confidence": 89
    },
    {
      "text": "temp",
      "x": 109,
      "y": 281,
      "bounds": {
        "left": 94,
        "top": 275,
        "width": 30,
        "height": 12
      },
      "confidence": 95
    },
    {
      "text": "48",
      "x": 267,
      "y": 280,
      "bounds": {
        "left": 260,
        "top": 276,
        "width": 14,
        "height": 9
      },
      "confidence": 57
    },
    {
      "text": "-",
      "x": 305,
      "y": 281,
      "bounds": {
        "left": 303,
        "top": 281,
        "width": 5,
        "height": 1
      },
      "confidence": 57
    },
    {
      "text": "Persist",
      "x": 490,
      "y": 280,
      "bounds": {
        "left": 464,
        "top": 275,
        "width": 52,
        "height": 10
      },
      "confidence": 96
    },
    {
      "text": "critical",
      "x": 555,
      "y": 280,
      "bounds": {
        "left": 525,
        "top": 275,
        "width": 60,
        "height": 10
      },
      "confidence": 96
    },
    {
      "text": "insights",
      "x": 625,
      "y": 281,
      "bounds": {
        "left": 595,
        "top": 275,
        "width": 60,
        "height": 13
      },
      "confidence": 96
    },
    {
      "text": "or",
      "x": 671,
      "y": 281,
      "bounds": {
        "left": 664,
        "top": 278,
        "width": 14,
        "height": 7
      },
      "confidence": 96
    },
    {
      "text": "global",
      "x": 709,
      "y": 281,
      "bounds": {
        "left": 687,
        "top": 275,
        "width": 45,
        "height": 13
      },
      "confidence": 96
    },
    {
      "text": "setting",
      "x": 766,
      "y": 281,
      "bounds": {
        "left": 741,
        "top": 275,
        "width": 51,
        "height": 13
      },
      "confidence": 86
    },
    {
      "text": "get_sentine!_summary()",
      "x": 1644,
      "y": 287,
      "bounds": {
        "left": 1573,
        "top": 282,
        "width": 142,
        "height": 10
      },
      "confidence": 43
    },
    {
      "text": ":",
      "x": 1723,
      "y": 285,
      "bounds": {
        "left": 1723,
        "top": 282,
        "width": 1,
        "height": 7
      },
      "confidence": 90
    },
    {
      "text": "Fetch",
      "x": 1744,
      "y": 282,
      "bounds": {
        "left": 1730,
        "top": 267,
        "width": 28,
        "height": 30
      },
      "confidence": 90
    },
    {
      "text": "a",
      "x": 1767,
      "y": 285,
      "bounds": {
        "left": 1765,
        "top": 282,
        "width": 4,
        "height": 7
      },
      "confidence": 89
    },
    {
      "text": "summary",
      "x": 1807,
      "y": 285,
      "bounds": {
        "left": 1773,
        "top": 279,
        "width": 69,
        "height": 13
      },
      "confidence": 89
    },
    {
      "text": "of",
      "x": 1838,
      "y": 282,
      "bounds": {
        "left": 1830,
        "top": 267,
        "width": 16,
        "height": 30
      },
      "confidence": 94
    },
    {
      "text": ">",
      "x": 39,
      "y": 306,
      "bounds": {
        "left": 14,
        "top": 296,
        "width": 50,
        "height": 20
      },
      "confidence": 49
    },
    {
      "text": "\u00a9",
      "x": 77,
      "y": 302,
      "bounds": {
        "left": 76,
        "top": 284,
        "width": 3,
        "height": 36
      },
      "confidence": 65
    },
    {
      "text": "test.workspace",
      "x": 137,
      "y": 302,
      "bounds": {
        "left": 94,
        "top": 296,
        "width": 87,
        "height": 13
      },
      "confidence": 44
    },
    {
      "text": "</tool_manifesto>",
      "x": 367,
      "y": 300,
      "bounds": {
        "left": 302,
        "top": 294,
        "width": 130,
        "height": 13
      },
      "confidence": 80
    },
    {
      "text": "findings",
      "x": 1588,
      "y": 302,
      "bounds": {
        "left": 1564,
        "top": 286,
        "width": 48,
        "height": 32
      },
      "confidence": 91
    },
    {
      "text": "from",
      "x": 1629,
      "y": 302,
      "bounds": {
        "left": 1617,
        "top": 286,
        "width": 25,
        "height": 32
      },
      "confidence": 96
    },
    {
      "text": "the",
      "x": 1657,
      "y": 302,
      "bounds": {
        "left": 1649,
        "top": 286,
        "width": 17,
        "height": 32
      },
      "confidence": 96
    },
    {
      "text": "last",
      "x": 1680,
      "y": 302,
      "bounds": {
        "left": 1670,
        "top": 286,
        "width": 20,
        "height": 32
      },
      "confidence": 93
    },
    {
      "text": "$X$",
      "x": 1705,
      "y": 302,
      "bounds": {
        "left": 1697,
        "top": 286,
        "width": 17,
        "height": 32
      },
      "confidence": 58
    },
    {
      "text": "hours.",
      "x": 1740,
      "y": 302,
      "bounds": {
        "left": 1721,
        "top": 286,
        "width": 38,
        "height": 32
      },
      "confidence": 95
    },
    {
      "text": ">",
      "x": 61,
      "y": 323,
      "bounds": {
        "left": 58,
        "top": 318,
        "width": 6,
        "height": 10
      },
      "confidence": 92
    },
    {
      "text": "\u00a9",
      "x": 76,
      "y": 324,
      "bounds": {
        "left": 72,
        "top": 310,
        "width": 8,
        "height": 28
      },
      "confidence": 52
    },
    {
      "text": "tradio",
      "x": 111,
      "y": 323,
      "bounds": {
        "left": 94,
        "top": 318,
        "width": 34,
        "height": 10
      },
      "confidence": 87
    },
    {
      "text": ".",
      "x": 405,
      "y": 333,
      "bounds": {
        "left": 404,
        "top": 332,
        "width": 2,
        "height": 2
      },
      "confidence": 40
    },
    {
      "text": "B",
      "x": 80,
      "y": 345,
      "bounds": {
        "left": 75,
        "top": 339,
        "width": 10,
        "height": 12
      },
      "confidence": 74
    },
    {
      "text": "51",
      "x": 267,
      "y": 337,
      "bounds": {
        "left": 261,
        "top": 333,
        "width": 13,
        "height": 9
      },
      "confidence": 46
    },
    {
      "text": "<enitical_reminders>",
      "x": 378,
      "y": 342,
      "bounds": {
        "left": 302,
        "top": 332,
        "width": 153,
        "height": 21
      },
      "confidence": 60
    },
    {
      "text": "one",
      "x": 125,
      "y": 348,
      "bounds": {
        "left": 94,
        "top": 343,
        "width": 63,
        "height": 10
      },
      "confidence": 44
    },
    {
      "text": "52",
      "x": 267,
      "y": 356,
      "bounds": {
        "left": 261,
        "top": 352,
        "width": 13,
        "height": 9
      },
      "confidence": 55
    },
    {
      "text": "-",
      "x": 305,
      "y": 357,
      "bounds": {
        "left": 303,
        "top": 357,
        "width": 5,
        "height": 1
      },
      "confidence": 77
    },
    {
      "text": "**Financial",
      "x": 359,
      "y": 356,
      "bounds": {
        "left": 318,
        "top": 351,
        "width": 83,
        "height": 10
      },
      "confidence": 80
    },
    {
      "text": "Disclosure**:",
      "x": 458,
      "y": 356,
      "bounds": {
        "left": 410,
        "top": 351,
        "width": 97,
        "height": 10
      },
      "confidence": 89
    },
    {
      "text": "Always",
      "x": 539,
      "y": 357,
      "bounds": {
        "left": 517,
        "top": 351,
        "width": 45,
        "height": 13
      },
      "confidence": 94
    },
    {
      "text": "specify",
      "x": 598,
      "y": 357,
      "bounds": {
        "left": 572,
        "top": 351,
        "width": 52,
        "height": 13
      },
      "confidence": 94
    },
    {
      "text": "that",
      "x": 647,
      "y": 356,
      "bounds": {
        "left": 633,
        "top": 351,
        "width": 29,
        "height": 10
      },
      "confidence": 96
    },
    {
      "text": "your",
      "x": 686,
      "y": 359,
      "bounds": {
        "left": 671,
        "top": 354,
        "width": 30,
        "height": 10
      },
      "confidence": 96
    },
    {
      "text": "analysis",
      "x": 740,
      "y": 357,
      "bounds": {
        "left": 710,
        "top": 351,
        "width": 60,
        "height": 13
      },
      "confidence": 96
    },
    {
      "text": "is",
      "x": 786,
      "y": 357,
      "bounds": {
        "left": 780,
        "top": 354,
        "width": 12,
        "height": 7
      },
      "confidence": 94
    },
    {
      "text": "a",
      "x": 195,
      "y": 371,
      "bounds": {
        "left": 193,
        "top": 370,
        "width": 5,
        "height": 2
      },
      "confidence": 44
    },
    {
      "text": "52",
      "x": 267,
      "y": 375,
      "bounds": {
        "left": 261,
        "top": 371,
        "width": 13,
        "height": 9
      },
      "confidence": 71
    },
    {
      "text": "-",
      "x": 305,
      "y": 376,
      "bounds": {
        "left": 303,
        "top": 376,
        "width": 5,
        "height": 1
      },
      "confidence": 59
    },
    {
      "text": "**Error",
      "x": 344,
      "y": 375,
      "bounds": {
        "left": 318,
        "top": 370,
        "width": 52,
        "height": 10
      },
      "confidence": 67
    },
    {
      "text": "Handling**:",
      "x": 419,
      "y": 376,
      "bounds": {
        "left": 379,
        "top": 370,
        "width": 81,
        "height": 13
      },
      "confidence": 91
    },
    {
      "text": "If",
      "x": 479,
      "y": 375,
      "bounds": {
        "left": 472,
        "top": 370,
        "width": 14,
        "height": 10
      },
      "confidence": 96
    },
    {
      "text": "a",
      "x": 498,
      "y": 376,
      "bounds": {
        "left": 495,
        "top": 373,
        "width": 6,
        "height": 7
      },
      "confidence": 91
    },
    {
      "text": "ticker",
      "x": 532,
      "y": 375,
      "bounds": {
        "left": 509,
        "top": 370,
        "width": 46,
        "height": 10
      },
      "confidence": 91
    },
    {
      "text": "is",
      "x": 571,
      "y": 375,
      "bounds": {
        "left": 564,
        "top": 370,
        "width": 14,
        "height": 10
      },
      "confidence": 95
    },
    {
      "text": "invalid",
      "x": 613,
      "y": 375,
      "bounds": {
        "left": 587,
        "top": 370,
        "width": 52,
        "height": 10
      },
      "confidence": 96
    },
    {
      "text": "or",
      "x": 655,
      "y": 376,
      "bounds": {
        "left": 648,
        "top": 373,
        "width": 15,
        "height": 7
      },
      "confidence": 96
    },
    {
      "text": "data",
      "x": 686,
      "y": 375,
      "bounds": {
        "left": 671,
        "top": 370,
        "width": 30,
        "height": 10
      },
      "confidence": 96
    },
    {
      "text": "is",
      "x": 717,
      "y": 375,
      "bounds": {
        "left": 710,
        "top": 370,
        "width": 14,
        "height": 10
      },
      "confidence": 96
    },
    {
      "text": "missing,",
      "x": 762,
      "y": 376,
      "bounds": {
        "left": 733,
        "top": 370,
        "width": 58,
        "height": 13
      },
      "confidence": 96
    },
    {
      "text": "54",
      "x": 267,
      "y": 394,
      "bounds": {
        "left": 261,
        "top": 390,
        "width": 13,
        "height": 9
      },
      "confidence": 63
    },
    {
      "text": "-",
      "x": 305,
      "y": 395,
      "bounds": {
        "left": 303,
        "top": 395,
        "width": 5,
        "height": 1
      },
      "confidence": 65
    },
    {
      "text": "**Visualization**:",
      "x": 385,
      "y": 394,
      "bounds": {
        "left": 318,
        "top": 389,
        "width": 135,
        "height": 10
      },
      "confidence": 74
    },
    {
      "text": "Interactive",
      "x": 505,
      "y": 394,
      "bounds": {
        "left": 464,
        "top": 389,
        "width": 83,
        "height": 10
      },
      "confidence": 96
    },
    {
      "text": "charts",
      "x": 578,
      "y": 394,
      "bounds": {
        "left": 556,
        "top": 389,
        "width": 45,
        "height": 10
      },
      "confidence": 96
    },
    {
      "text": "are",
      "x": 621,
      "y": 395,
      "bounds": {
        "left": 610,
        "top": 392,
        "width": 22,
        "height": 7
      },
      "confidence": 96
    },
    {
      "text": "high-value.",
      "x": 681,
      "y": 395,
      "bounds": {
        "left": 641,
        "top": 389,
        "width": 81,
        "height": 13
      },
      "confidence": 96
    },
    {
      "text": "Always",
      "x": 755,
      "y": 395,
      "bounds": {
        "left": 732,
        "top": 389,
        "width": 46,
        "height": 13
      },
      "confidence": 96
    },
    {
      "text": "5",
      "x": 789,
      "y": 397,
      "bounds": {
        "left": 787,
        "top": 392,
        "width": 5,
        "height": 10
      },
      "confidence": 39
    },
    {
      "text": "</critical_reminders>\"\"\"",
      "x": 393,
      "y": 414,
      "bounds": {
        "left": 302,
        "top": 408,
        "width": 183,
        "height": 13
      },
      "confidence": 69
    },
    {
      "text": "Implementation",
      "x": 1594,
      "y": 411,
      "bounds": {
        "left": 1542,
        "top": 405,
        "width": 105,
        "height": 13
      },
      "confidence": 90
    },
    {
      "text": "Phasing",
      "x": 1676,
      "y": 411,
      "bounds": {
        "left": 1651,
        "top": 405,
        "width": 51,
        "height": 13
      },
      "confidence": 95
    },
    {
      "text": "56",
      "x": 267,
      "y": 432,
      "bounds": {
        "left": 261,
        "top": 428,
        "width": 13,
        "height": 9
      },
      "confidence": 95
    },
    {
      "text": "Phase",
      "x": 1569,
      "y": 444,
      "bounds": {
        "left": 1551,
        "top": 439,
        "width": 36,
        "height": 10
      },
      "confidence": 78
    },
    {
      "text": "Milestone",
      "x": 1637,
      "y": 444,
      "bounds": {
        "left": 1606,
        "top": 439,
        "width": 62,
        "height": 10
      },
      "confidence": 78
    },
    {
      "text": "Description",
      "x": 1728,
      "y": 445,
      "bounds": {
        "left": 1692,
        "top": 439,
        "width": 72,
        "height": 13
      },
      "confidence": 34
    },
    {
      "text": "indows",
      "x": 749,
      "y": 472,
      "bounds": {
        "left": 739,
        "top": 468,
        "width": 21,
        "height": 9
      },
      "confidence": 80
    },
    {
      "text": "cannot",
      "x": 798,
      "y": 473,
      "bounds": {
        "left": 782,
        "top": 469,
        "width": 33,
        "height": 8
      },
      "confidence": 85
    },
    {
      "text": "find",
      "x": 829,
      "y": 472,
      "bounds": {
        "left": 820,
        "top": 457,
        "width": 18,
        "height": 30
      },
      "confidence": 95
    },
    {
      "text": "spotify\u2019.",
      "x": 861,
      "y": 474,
      "bounds": {
        "left": 847,
        "top": 469,
        "width": 28,
        "height": 11
      },
      "confidence": 69
    },
    {
      "text": "Make",
      "x": 907,
      "y": 472,
      "bounds": {
        "left": 897,
        "top": 468,
        "width": 21,
        "height": 9
      },
      "confidence": 95
    },
    {
      "text": "sure",
      "x": 933,
      "y": 474,
      "bounds": {
        "left": 924,
        "top": 471,
        "width": 19,
        "height": 6
      },
      "confidence": 96
    },
    {
      "text": "you",
      "x": 964,
      "y": 473,
      "bounds": {
        "left": 955,
        "top": 469,
        "width": 19,
        "height": 8
      },
      "confidence": 90
    },
    {
      "text": "typed",
      "x": 985,
      "y": 472,
      "bounds": {
        "left": 972,
        "top": 457,
        "width": 26,
        "height": 30
      },
      "confidence": 96
    },
    {
      "text": "the",
      "x": 1012,
      "y": 472,
      "bounds": {
        "left": 1005,
        "top": 468,
        "width": 15,
        "height": 9
      },
      "confidence": 93
    },
    {
      "text": "and",
      "x": 1119,
      "y": 472,
      "bounds": {
        "left": 1111,
        "top": 457,
        "width": 16,
        "height": 30
      },
      "confidence": 96
    },
    {
      "text": "then",
      "x": 1141,
      "y": 472,
      "bounds": {
        "left": 1132,
        "top": 468,
        "width": 19,
        "height": 9
      },
      "confidence": 96
    },
    {
      "text": "try",
      "x": 1165,
      "y": 472,
      "bounds": {
        "left": 1159,
        "top": 457,
        "width": 13,
        "height": 30
      },
      "confidence": 96
    },
    {
      "text": "again.",
      "x": 1191,
      "y": 475,
      "bounds": {
        "left": 1178,
        "top": 471,
        "width": 26,
        "height": 9
      },
      "confidence": 82
    },
    {
      "text": "Phase",
      "x": 1566,
      "y": 472,
      "bounds": {
        "left": 1550,
        "top": 468,
        "width": 32,
        "height": 9
      },
      "confidence": 58
    },
    {
      "text": "ThePulse",
      "x": 1631,
      "y": 472,
      "bounds": {
        "left": 1605,
        "top": 468,
        "width": 53,
        "height": 9
      },
      "confidence": 58
    },
    {
      "text": "1",
      "x": 1552,
      "y": 490,
      "bounds": {
        "left": 1550,
        "top": 486,
        "width": 4,
        "height": 9
      },
      "confidence": 95
    },
    {
      "text": "Core",
      "x": 1618,
      "y": 490,
      "bounds": {
        "left": 1601,
        "top": 476,
        "width": 34,
        "height": 29
      },
      "confidence": 93
    },
    {
      "text": "ee",
      "x": 1828,
      "y": 494,
      "bounds": {
        "left": 1795,
        "top": 491,
        "width": 66,
        "height": 7
      },
      "confidence": 36
    },
    {
      "text": "Problems",
      "x": 279,
      "y": 511,
      "bounds": {
        "left": 254,
        "top": 507,
        "width": 50,
        "height": 9
      },
      "confidence": 96
    },
    {
      "text": "Output",
      "x": 347,
      "y": 513,
      "bounds": {
        "left": 328,
        "top": 507,
        "width": 39,
        "height": 12
      },
      "confidence": 73
    },
    {
      "text": "Debug",
      "x": 409,
      "y": 513,
      "bounds": {
        "left": 392,
        "top": 507,
        "width": 35,
        "height": 12
      },
      "confidence": 45
    },
    {
      "text": "Console",
      "x": 452,
      "y": 511,
      "bounds": {
        "left": 431,
        "top": 507,
        "width": 43,
        "height": 9
      },
      "confidence": 45
    },
    {
      "text": "Ports",
      "x": 583,
      "y": 511,
      "bounds": {
        "left": 570,
        "top": 507,
        "width": 27,
        "height": 9
      },
      "confidence": 78
    },
    {
      "text": "+e",
      "x": 1403,
      "y": 511,
      "bounds": {
        "left": 1389,
        "top": 505,
        "width": 28,
        "height": 13
      },
      "confidence": 49
    },
    {
      "text": "ora",
      "x": 304,
      "y": 544,
      "bounds": {
        "left": 288,
        "top": 538,
        "width": 33,
        "height": 12
      },
      "confidence": 31
    },
    {
      "text": "1",
      "x": 1433,
      "y": 541,
      "bounds": {
        "left": 1431,
        "top": 536,
        "width": 4,
        "height": 11
      },
      "confidence": 69
    },
    {
      "text": "Phase",
      "x": 1566,
      "y": 540,
      "bounds": {
        "left": 1550,
        "top": 536,
        "width": 32,
        "height": 9
      },
      "confidence": 60
    },
    {
      "text": "ETF",
      "x": 1615,
      "y": 540,
      "bounds": {
        "left": 1606,
        "top": 536,
        "width": 19,
        "height": 9
      },
      "confidence": 60
    },
    {
      "text": "Implement",
      "x": 1720,
      "y": 542,
      "bounds": {
        "left": 1692,
        "top": 536,
        "width": 57,
        "height": 12
      },
      "confidence": 92
    },
    {
      "text": "2026-02-14",
      "x": 288,
      "y": 559,
      "bounds": {
        "left": 253,
        "top": 555,
        "width": 71,
        "height": 9
      },
      "confidence": 60
    },
    {
      "text": "21:28:19,080",
      "x": 372,
      "y": 560,
      "bounds": {
        "left": 330,
        "top": 555,
        "width": 85,
        "height": 11
      },
      "confidence": 61
    },
    {
      "text": "-",
      "x": 425,
      "y": 560,
      "bounds": {
        "left": 422,
        "top": 560,
        "width": 6,
        "height": 1
      },
      "confidence": 75
    },
    {
      "text": "httpx",
      "x": 453,
      "y": 560,
      "bounds": {
        "left": 436,
        "top": 554,
        "width": 35,
        "height": 13
      },
      "confidence": 84
    },
    {
      "text": "-",
      "x": 481,
      "y": 559,
      "bounds": {
        "left": 479,
        "top": 544,
        "width": 5,
        "height": 30
      },
      "confidence": 90
    },
    {
      "text": "INFO",
      "x": 506,
      "y": 559,
      "bounds": {
        "left": 492,
        "top": 555,
        "width": 28,
        "height": 9
      },
      "confidence": 93
    },
    {
      "text": "-",
      "x": 530,
      "y": 559,
      "bounds": {
        "left": 526,
        "top": 544,
        "width": 8,
        "height": 30
      },
      "confidence": 81
    },
    {
      "text": "HTTP",
      "x": 554,
      "y": 559,
      "bounds": {
        "left": 540,
        "top": 555,
        "width": 29,
        "height": 9
      },
      "confidence": 91
    },
    {
      "text": "Request:",
      "x": 602,
      "y": 561,
      "bounds": {
        "left": 576,
        "top": 555,
        "width": 53,
        "height": 12
      },
      "confidence": 96
    },
    {
      "text": "POST",
      "x": 652,
      "y": 559,
      "bounds": {
        "left": 638,
        "top": 555,
        "width": 29,
        "height": 9
      },
      "confidence": 91
    },
    {
      "text": "https:",
      "x": 693,
      "y": 559,
      "bounds": {
        "left": 674,
        "top": 544,
        "width": 38,
        "height": 30
      },
      "confidence": 87
    },
    {
      "text": "//api.",
      "x": 736,
      "y": 559,
      "bounds": {
        "left": 716,
        "top": 544,
        "width": 41,
        "height": 30
      },
      "confidence": 61
    },
    {
      "text": "telegram.",
      "x": 788,
      "y": 559,
      "bounds": {
        "left": 759,
        "top": 544,
        "width": 59,
        "height": 30
      },
      "confidence": 50
    },
    {
      "text": "\u201cHTTP/1.1",
      "x": 1307,
      "y": 559,
      "bounds": {
        "left": 1276,
        "top": 554,
        "width": 62,
        "height": 11
      },
      "confidence": 66
    },
    {
      "text": "200",
      "x": 1356,
      "y": 559,
      "bounds": {
        "left": 1345,
        "top": 555,
        "width": 22,
        "height": 9
      },
      "confidence": 71
    },
    {
      "text": "OK\"",
      "x": 1383,
      "y": 559,
      "bounds": {
        "left": 1373,
        "top": 554,
        "width": 21,
        "height": 10
      },
      "confidence": 37
    },
    {
      "text": "2",
      "x": 1553,
      "y": 558,
      "bounds": {
        "left": 1550,
        "top": 554,
        "width": 6,
        "height": 9
      },
      "confidence": 96
    },
    {
      "text": "Resolution",
      "x": 1634,
      "y": 558,
      "bounds": {
        "left": 1606,
        "top": 554,
        "width": 57,
        "height": 9
      },
      "confidence": 93
    },
    {
      "text": "py",
      "x": 1709,
      "y": 564,
      "bounds": {
        "left": 1700,
        "top": 561,
        "width": 19,
        "height": 7
      },
      "confidence": 66
    },
    {
      "text": "to",
      "x": 1729,
      "y": 558,
      "bounds": {
        "left": 1724,
        "top": 543,
        "width": 11,
        "height": 30
      },
      "confidence": 90
    },
    {
      "text": "auto-populate",
      "x": 1788,
      "y": 563,
      "bounds": {
        "left": 1740,
        "top": 557,
        "width": 96,
        "height": 12
      },
      "confidence": 91
    },
    {
      "text": "the",
      "x": 1829,
      "y": 558,
      "bounds": {
        "left": 1819,
        "top": 543,
        "width": 21,
        "height": 30
      },
      "confidence": 96
    },
    {
      "text": "\u2018monitor",
      "x": 1713,
      "y": 581,
      "bounds": {
        "left": 1692,
        "top": 577,
        "width": 43,
        "height": 9
      },
      "confidence": 77
    },
    {
      "text": "list",
      "x": 1745,
      "y": 581,
      "bounds": {
        "left": 1738,
        "top": 577,
        "width": 15,
        "height": 9
      },
      "confidence": 92
    },
    {
      "text": "from",
      "x": 1768,
      "y": 581,
      "bounds": {
        "left": 1756,
        "top": 577,
        "width": 24,
        "height": 9
      },
      "confidence": 93
    },
    {
      "text": "CSV/Web",
      "x": 1809,
      "y": 582,
      "bounds": {
        "left": 1784,
        "top": 577,
        "width": 50,
        "height": 10
      },
      "confidence": 87
    },
    {
      "text": "links.",
      "x": 1851,
      "y": 581,
      "bounds": {
        "left": 1838,
        "top": 577,
        "width": 26,
        "height": 9
      },
      "confidence": 66
    },
    {
      "text": "ME",
      "x": 296,
      "y": 580,
      "bounds": {
        "left": 291,
        "top": 562,
        "width": 11,
        "height": 36
      },
      "confidence": 50
    },
    {
      "text": "success:",
      "x": 336,
      "y": 576,
      "bounds": {
        "left": 309,
        "top": 569,
        "width": 54,
        "height": 14
      },
      "confidence": 71
    },
    {
      "text": "\"[{'text':",
      "x": 491,
      "y": 577,
      "bounds": {
        "left": 464,
        "top": 571,
        "width": 55,
        "height": 13
      },
      "confidence": 35
    },
    {
      "text": "\"x's",
      "x": 589,
      "y": 576,
      "bounds": {
        "left": 578,
        "top": 571,
        "width": 23,
        "height": 10
      },
      "confidence": 45
    },
    {
      "text": "18,",
      "x": 620,
      "y": 577,
      "bounds": {
        "left": 610,
        "top": 572,
        "width": 20,
        "height": 11
      },
      "confidence": 75
    },
    {
      "text": "\"y's",
      "x": 649,
      "y": 577,
      "bounds": {
        "left": 641,
        "top": 571,
        "width": 16,
        "height": 13
      },
      "confidence": 54
    },
    {
      "text": "47,",
      "x": 683,
      "y": 577,
      "bounds": {
        "left": 673,
        "top": 572,
        "width": 20,
        "height": 11
      },
      "confidence": 82
    },
    {
      "text": "\u201cbounds':",
      "x": 727,
      "y": 576,
      "bounds": {
        "left": 704,
        "top": 571,
        "width": 46,
        "height": 10
      },
      "confidence": 44
    },
    {
      "text": "{\"left':",
      "x": 794,
      "y": 577,
      "bounds": {
        "left": 771,
        "top": 571,
        "width": 47,
        "height": 13
      },
      "confidence": 49
    },
    {
      "text": "13,",
      "x": 844,
      "y": 577,
      "bounds": {
        "left": 834,
        "top": 572,
        "width": 20,
        "height": 11
      },
      "confidence": 90
    },
    {
      "text": "12,",
      "x": 921,
      "y": 577,
      "bounds": {
        "left": 912,
        "top": 572,
        "width": 19,
        "height": 11
      },
      "confidence": 94
    },
    {
      "text": "\u2018width\u2019:",
      "x": 967,
      "y": 576,
      "bounds": {
        "left": 942,
        "top": 571,
        "width": 51,
        "height": 10
      },
      "confidence": 34
    },
    {
      "text": "10,",
      "x": 1012,
      "y": 577,
      "bounds": {
        "left": 1003,
        "top": 572,
        "width": 19,
        "height": 11
      },
      "confidence": 77
    },
    {
      "text": "\u201cheight\":",
      "x": 1062,
      "y": 577,
      "bounds": {
        "left": 1033,
        "top": 571,
        "width": 58,
        "height": 13
      },
      "confidence": 47
    },
    {
      "text": "10},",
      "x": 1113,
      "y": 577,
      "bounds": {
        "left": 1100,
        "top": 571,
        "width": 27,
        "height": 13
      },
      "confidence": 93
    },
    {
      "text": "\u201cconf...",
      "x": 1163,
      "y": 576,
      "bounds": {
        "left": 1138,
        "top": 571,
        "width": 51,
        "height": 10
      },
      "confidence": 81
    },
    {
      "text": "[24158",
      "x": 1220,
      "y": 577,
      "bounds": {
        "left": 1200,
        "top": 571,
        "width": 41,
        "height": 13
      },
      "confidence": 80
    },
    {
      "text": "chars]\",",
      "x": 1274,
      "y": 577,
      "bounds": {
        "left": 1247,
        "top": 571,
        "width": 55,
        "height": 13
      },
      "confidence": 56
    },
    {
      "text": "\u201cunfiltered",
      "x": 1349,
      "y": 580,
      "bounds": {
        "left": 1311,
        "top": 562,
        "width": 77,
        "height": 36
      },
      "confidence": 74
    },
    {
      "text": "text\u201d",
      "x": 1410,
      "y": 580,
      "bounds": {
        "left": 1394,
        "top": 562,
        "width": 33,
        "height": 36
      },
      "confidence": 69
    },
    {
      "text": "|",
      "x": 1445,
      "y": 583,
      "bounds": {
        "left": 1445,
        "top": 572,
        "width": 1,
        "height": 22
      },
      "confidence": 69
    },
    {
      "text": "+",
      "x": 256,
      "y": 594,
      "bounds": {
        "left": 255,
        "top": 591,
        "width": 3,
        "height": 7
      },
      "confidence": 56
    },
    {
      "text": "\u201cA\\n\\nQ\\n\\ne\\n\\nvd\\n\\na\\n\\neeeceeeceeeece\\n\\n8\\n4\\n\\n*\\n\\nFile",
      "x": 484,
      "y": 594,
      "bounds": {
        "left": 268,
        "top": 588,
        "width": 433,
        "height": 12
      },
      "confidence": 32
    },
    {
      "text": "Edit",
      "x": 722,
      "y": 593,
      "bounds": {
        "left": 709,
        "top": 588,
        "width": 27,
        "height": 10
      },
      "confidence": 96
    },
    {
      "text": "Selection",
      "x": 774,
      "y": 593,
      "bounds": {
        "left": 743,
        "top": 588,
        "width": 63,
        "height": 10
      },
      "confidence": 93
    },
    {
      "text": "breakdown\\neig...",
      "x": 1110,
      "y": 594,
      "bounds": {
        "left": 1052,
        "top": 588,
        "width": 116,
        "height": 13
      },
      "confidence": 82
    },
    {
      "text": "[5571",
      "x": 1195,
      "y": 594,
      "bounds": {
        "left": 1179,
        "top": 588,
        "width": 33,
        "height": 13
      },
      "confidence": 93
    },
    {
      "text": "chars]\",",
      "x": 1246,
      "y": 594,
      "bounds": {
        "left": 1219,
        "top": 588,
        "width": 55,
        "height": 13
      },
      "confidence": 85
    },
    {
      "text": "\u201cplain",
      "x": 1303,
      "y": 594,
      "bounds": {
        "left": 1283,
        "top": 588,
        "width": 41,
        "height": 13
      },
      "confidence": 54
    },
    {
      "text": "text\":",
      "x": 1348,
      "y": 593,
      "bounds": {
        "left": 1331,
        "top": 588,
        "width": 35,
        "height": 10
      },
      "confidence": 54
    },
    {
      "text": "\u201cA\\n\\nQ",
      "x": 1405,
      "y": 594,
      "bounds": {
        "left": 1381,
        "top": 588,
        "width": 48,
        "height": 12
      },
      "confidence": 44
    },
    {
      "text": "\\n\\ne\\n\\nvd\\n\\na\\n\\neeeceeeceeeece\\n\\n8\\n4\\n\\n*\\n\\nFile",
      "x": 446,
      "y": 610,
      "bounds": {
        "left": 254,
        "top": 605,
        "width": 384,
        "height": 11
      },
      "confidence": 75
    },
    {
      "text": "Edit",
      "x": 659,
      "y": 610,
      "bounds": {
        "left": 646,
        "top": 605,
        "width": 27,
        "height": 10
      },
      "confidence": 96
    },
    {
      "text": "Selection",
      "x": 711,
      "y": 610,
      "bounds": {
        "left": 680,
        "top": 605,
        "width": 63,
        "height": 10
      },
      "confidence": 91
    },
    {
      "text": "View\\n\\nExplorer\\n\\n]\\n|\\n\\ndaily",
      "x": 866,
      "y": 611,
      "bounds": {
        "left": 750,
        "top": 604,
        "width": 232,
        "height": 14
      },
      "confidence": 35
    },
    {
      "text": "breakdown\\neig...",
      "x": 1047,
      "y": 611,
      "bounds": {
        "left": 989,
        "top": 605,
        "width": 116,
        "height": 13
      },
      "confidence": 84
    },
    {
      "text": "[5571",
      "x": 1132,
      "y": 611,
      "bounds": {
        "left": 1116,
        "top": 605,
        "width": 33,
        "height": 13
      },
      "confidence": 92
    },
    {
      "text": "chars]\",",
      "x": 1183,
      "y": 611,
      "bounds": {
        "left": 1156,
        "top": 605,
        "width": 55,
        "height": 13
      },
      "confidence": 89
    },
    {
      "text": "\"689\"}",
      "x": 1366,
      "y": 611,
      "bounds": {
        "left": 1346,
        "top": 605,
        "width": 41,
        "height": 13
      },
      "confidence": 77
    },
    {
      "text": "(6408",
      "x": 1412,
      "y": 611,
      "bounds": {
        "left": 1395,
        "top": 605,
        "width": 34,
        "height": 13
      },
      "confidence": 60
    },
    {
      "text": "Phase",
      "x": 1566,
      "y": 608,
      "bounds": {
        "left": 1550,
        "top": 604,
        "width": 32,
        "height": 9
      },
      "confidence": 81
    },
    {
      "text": "Neural",
      "x": 1623,
      "y": 608,
      "bounds": {
        "left": 1606,
        "top": 604,
        "width": 35,
        "height": 9
      },
      "confidence": 54
    },
    {
      "text": "Filter",
      "x": 1659,
      "y": 608,
      "bounds": {
        "left": 1645,
        "top": 604,
        "width": 28,
        "height": 9
      },
      "confidence": 59
    },
    {
      "text": "Integrate",
      "x": 1745,
      "y": 610,
      "bounds": {
        "left": 1692,
        "top": 604,
        "width": 107,
        "height": 12
      },
      "confidence": 45
    },
    {
      "text": "a",
      "x": 1746,
      "y": 608,
      "bounds": {
        "left": 1744,
        "top": 594,
        "width": 5,
        "height": 29
      },
      "confidence": 96
    },
    {
      "text": "\u201cSentinel",
      "x": 1776,
      "y": 610,
      "bounds": {
        "left": 1753,
        "top": 604,
        "width": 46,
        "height": 12
      },
      "confidence": 88
    },
    {
      "text": "Agent\"",
      "x": 1821,
      "y": 610,
      "bounds": {
        "left": 1803,
        "top": 604,
        "width": 36,
        "height": 12
      },
      "confidence": 70
    },
    {
      "text": "ms)",
      "x": 261,
      "y": 627,
      "bounds": {
        "left": 249,
        "top": 613,
        "width": 24,
        "height": 29
      },
      "confidence": 93
    },
    {
      "text": "3",
      "x": 1553,
      "y": 626,
      "bounds": {
        "left": 1550,
        "top": 622,
        "width": 6,
        "height": 9
      },
      "confidence": 96
    },
    {
      "text": "(background",
      "x": 1725,
      "y": 628,
      "bounds": {
        "left": 1692,
        "top": 622,
        "width": 67,
        "height": 12
      },
      "confidence": 88
    },
    {
      "text": "LLM)",
      "x": 1775,
      "y": 627,
      "bounds": {
        "left": 1763,
        "top": 622,
        "width": 25,
        "height": 11
      },
      "confidence": 95
    },
    {
      "text": "to",
      "x": 1796,
      "y": 627,
      "bounds": {
        "left": 1791,
        "top": 623,
        "width": 11,
        "height": 8
      },
      "confidence": 96
    },
    {
      "text": "score",
      "x": 1820,
      "y": 628,
      "bounds": {
        "left": 1806,
        "top": 625,
        "width": 28,
        "height": 6
      },
      "confidence": 94
    },
    {
      "text": "news",
      "x": 1850,
      "y": 628,
      "bounds": {
        "left": 1837,
        "top": 625,
        "width": 27,
        "height": 6
      },
      "confidence": 96
    },
    {
      "text": "21:28:29,178",
      "x": 372,
      "y": 645,
      "bounds": {
        "left": 330,
        "top": 640,
        "width": 85,
        "height": 11
      },
      "confidence": 78
    },
    {
      "text": "-",
      "x": 425,
      "y": 645,
      "bounds": {
        "left": 422,
        "top": 645,
        "width": 6,
        "height": 1
      },
      "confidence": 76
    },
    {
      "text": "httpx",
      "x": 453,
      "y": 645,
      "bounds": {
        "left": 436,
        "top": 639,
        "width": 35,
        "height": 13
      },
      "confidence": 76
    },
    {
      "text": "-",
      "x": 481,
      "y": 645,
      "bounds": {
        "left": 478,
        "top": 645,
        "width": 6,
        "height": 1
      },
      "confidence": 92
    },
    {
      "text": "INFO",
      "x": 506,
      "y": 644,
      "bounds": {
        "left": 492,
        "top": 640,
        "width": 28,
        "height": 9
      },
      "confidence": 92
    },
    {
      "text": "-",
      "x": 530,
      "y": 645,
      "bounds": {
        "left": 527,
        "top": 645,
        "width": 6,
        "height": 1
      },
      "confidence": 88
    },
    {
      "text": "HTTP",
      "x": 554,
      "y": 644,
      "bounds": {
        "left": 540,
        "top": 640,
        "width": 29,
        "height": 9
      },
      "confidence": 48
    },
    {
      "text": "Request:",
      "x": 602,
      "y": 646,
      "bounds": {
        "left": 576,
        "top": 640,
        "width": 53,
        "height": 12
      },
      "confidence": 96
    },
    {
      "text": "POST",
      "x": 652,
      "y": 644,
      "bounds": {
        "left": 638,
        "top": 640,
        "width": 29,
        "height": 9
      },
      "confidence": 95
    },
    {
      "text": "https:",
      "x": 692,
      "y": 644,
      "bounds": {
        "left": 671,
        "top": 630,
        "width": 42,
        "height": 29
      },
      "confidence": 72
    },
    {
      "text": "//api..telegram.org/bot7960886425::",
      "x": 830,
      "y": 644,
      "bounds": {
        "left": 717,
        "top": 630,
        "width": 227,
        "height": 29
      },
      "confidence": 54
    },
    {
      "text": "\u201cHTTP/1.1",
      "x": 1307,
      "y": 644,
      "bounds": {
        "left": 1276,
        "top": 639,
        "width": 62,
        "height": 11
      },
      "confidence": 60
    },
    {
      "text": "200",
      "x": 1356,
      "y": 644,
      "bounds": {
        "left": 1345,
        "top": 640,
        "width": 22,
        "height": 9
      },
      "confidence": 62
    },
    {
      "text": "Ok\u201d",
      "x": 1383,
      "y": 644,
      "bounds": {
        "left": 1373,
        "top": 639,
        "width": 21,
        "height": 10
      },
      "confidence": 58
    },
    {
      "text": "headlines",
      "x": 1755,
      "y": 646,
      "bounds": {
        "left": 1692,
        "top": 640,
        "width": 126,
        "height": 12
      },
      "confidence": 73
    },
    {
      "text": "as",
      "x": 1751,
      "y": 644,
      "bounds": {
        "left": 1746,
        "top": 630,
        "width": 10,
        "height": 29
      },
      "confidence": 96
    },
    {
      "text": "they",
      "x": 1770,
      "y": 644,
      "bounds": {
        "left": 1760,
        "top": 630,
        "width": 20,
        "height": 29
      },
      "confidence": 96
    },
    {
      "text": "arrive.",
      "x": 1804,
      "y": 644,
      "bounds": {
        "left": 1787,
        "top": 630,
        "width": 34,
        "height": 29
      },
      "confidence": 82
    },
    {
      "text": "2026-\u20ac2-14",
      "x": 288,
      "y": 661,
      "bounds": {
        "left": 253,
        "top": 657,
        "width": 71,
        "height": 9
      },
      "confidence": 37
    },
    {
      "text": "21:28:29,519",
      "x": 372,
      "y": 662,
      "bounds": {
        "left": 330,
        "top": 657,
        "width": 84,
        "height": 11
      },
      "confidence": 93
    },
    {
      "text": "-",
      "x": 425,
      "y": 662,
      "bounds": {
        "left": 422,
        "top": 662,
        "width": 6,
        "height": 1
      },
      "confidence": 89
    },
    {
      "text": "httpx",
      "x": 453,
      "y": 662,
      "bounds": {
        "left": 436,
        "top": 656,
        "width": 35,
        "height": 13
      },
      "confidence": 77
    },
    {
      "text": "-",
      "x": 481,
      "y": 662,
      "bounds": {
        "left": 478,
        "top": 662,
        "width": 6,
        "height": 1
      },
      "confidence": 92
    },
    {
      "text": "INFO",
      "x": 506,
      "y": 661,
      "bounds": {
        "left": 492,
        "top": 657,
        "width": 28,
        "height": 9
      },
      "confidence": 93
    },
    {
      "text": "-",
      "x": 530,
      "y": 662,
      "bounds": {
        "left": 527,
        "top": 662,
        "width": 6,
        "height": 1
      },
      "confidence": 82
    },
    {
      "text": "HITP",
      "x": 554,
      "y": 661,
      "bounds": {
        "left": 540,
        "top": 657,
        "width": 29,
        "height": 9
      },
      "confidence": 83
    },
    {
      "text": "Request:",
      "x": 602,
      "y": 663,
      "bounds": {
        "left": 576,
        "top": 657,
        "width": 53,
        "height": 12
      },
      "confidence": 96
    },
    {
      "text": "POST",
      "x": 652,
      "y": 661,
      "bounds": {
        "left": 638,
        "top": 657,
        "width": 29,
        "height": 9
      },
      "confidence": 89
    },
    {
      "text": "https://api.openai.com/vi/chat/completions",
      "x": 820,
      "y": 662,
      "bounds": {
        "left": 674,
        "top": 656,
        "width": 293,
        "height": 13
      },
      "confidence": 41
    },
    {
      "text": "\u201cHTTP/1.1",
      "x": 1006,
      "y": 661,
      "bounds": {
        "left": 975,
        "top": 656,
        "width": 62,
        "height": 11
      },
      "confidence": 61
    },
    {
      "text": "200",
      "x": 1055,
      "y": 661,
      "bounds": {
        "left": 1044,
        "top": 657,
        "width": 22,
        "height": 9
      },
      "confidence": 78
    },
    {
      "text": "Ok\"",
      "x": 1082,
      "y": 661,
      "bounds": {
        "left": 1072,
        "top": 656,
        "width": 21,
        "height": 10
      },
      "confidence": 77
    },
    {
      "text": "[OPENAT]",
      "x": 316,
      "y": 679,
      "bounds": {
        "left": 290,
        "top": 673,
        "width": 53,
        "height": 13
      },
      "confidence": 78
    },
    {
      "text": "TOOL",
      "x": 365,
      "y": 678,
      "bounds": {
        "left": 351,
        "top": 674,
        "width": 28,
        "height": 9
      },
      "confidence": 91
    },
    {
      "text": "CALL:",
      "x": 402,
      "y": 678,
      "bounds": {
        "left": 386,
        "top": 674,
        "width": 33,
        "height": 9
      },
      "confidence": 86
    },
    {
      "text": "click",
      "x": 446,
      "y": 678,
      "bounds": {
        "left": 428,
        "top": 673,
        "width": 36,
        "height": 10
      },
      "confidence": 95
    },
    {
      "text": "Phase",
      "x": 1566,
      "y": 671,
      "bounds": {
        "left": 1550,
        "top": 667,
        "width": 32,
        "height": 9
      },
      "confidence": 78
    },
    {
      "text": "Dash",
      "x": 1619,
      "y": 671,
      "bounds": {
        "left": 1606,
        "top": 667,
        "width": 26,
        "height": 9
      },
      "confidence": 52
    },
    {
      "text": "\u2018Add",
      "x": 1707,
      "y": 671,
      "bounds": {
        "left": 1692,
        "top": 667,
        "width": 31,
        "height": 9
      },
      "confidence": 75
    },
    {
      "text": "a",
      "x": 1719,
      "y": 671,
      "bounds": {
        "left": 1717,
        "top": 657,
        "width": 5,
        "height": 29
      },
      "confidence": 96
    },
    {
      "text": "\u201cLive",
      "x": 1738,
      "y": 671,
      "bounds": {
        "left": 1726,
        "top": 657,
        "width": 25,
        "height": 29
      },
      "confidence": 86
    },
    {
      "text": "Events\"",
      "x": 1773,
      "y": 671,
      "bounds": {
        "left": 1755,
        "top": 657,
        "width": 37,
        "height": 29
      },
      "confidence": 79
    },
    {
      "text": "sidebar",
      "x": 1816,
      "y": 671,
      "bounds": {
        "left": 1796,
        "top": 657,
        "width": 40,
        "height": 29
      },
      "confidence": 96
    },
    {
      "text": "to",
      "x": 1842,
      "y": 671,
      "bounds": {
        "left": 1837,
        "top": 657,
        "width": 11,
        "height": 29
      },
      "confidence": 96
    },
    {
      "text": "the",
      "x": 1864,
      "y": 671,
      "bounds": {
        "left": 1854,
        "top": 657,
        "width": 21,
        "height": 29
      },
      "confidence": 96
    },
    {
      "text": "4",
      "x": 1553,
      "y": 689,
      "bounds": {
        "left": 1550,
        "top": 685,
        "width": 7,
        "height": 9
      },
      "confidence": 96
    },
    {
      "text": "Integration",
      "x": 1636,
      "y": 691,
      "bounds": {
        "left": 1606,
        "top": 685,
        "width": 60,
        "height": 12
      },
      "confidence": 87
    },
    {
      "text": "Quant",
      "x": 1703,
      "y": 689,
      "bounds": {
        "left": 1684,
        "top": 675,
        "width": 39,
        "height": 29
      },
      "confidence": 37
    },
    {
      "text": "Terminal",
      "x": 1749,
      "y": 689,
      "bounds": {
        "left": 1727,
        "top": 675,
        "width": 45,
        "height": 29
      },
      "confidence": 92
    },
    {
      "text": "Ul",
      "x": 1781,
      "y": 689,
      "bounds": {
        "left": 1776,
        "top": 685,
        "width": 11,
        "height": 9
      },
      "confidence": 67
    },
    {
      "text": "that",
      "x": 1801,
      "y": 689,
      "bounds": {
        "left": 1790,
        "top": 685,
        "width": 22,
        "height": 9
      },
      "confidence": 80
    },
    {
      "text": "glows",
      "x": 1830,
      "y": 691,
      "bounds": {
        "left": 1815,
        "top": 685,
        "width": 31,
        "height": 12
      },
      "confidence": 92
    },
    {
      "text": "when",
      "x": 1863,
      "y": 689,
      "bounds": {
        "left": 1849,
        "top": 685,
        "width": 28,
        "height": 9
      },
      "confidence": 92
    },
    {
      "text": "\u2018Args:",
      "x": 304,
      "y": 697,
      "bounds": {
        "left": 288,
        "top": 691,
        "width": 33,
        "height": 12
      },
      "confidence": 47
    },
    {
      "text": "{\"x\":",
      "x": 344,
      "y": 696,
      "bounds": {
        "left": 330,
        "top": 690,
        "width": 28,
        "height": 13
      },
      "confidence": 82
    },
    {
      "text": "1248,",
      "x": 389,
      "y": 696,
      "bounds": {
        "left": 372,
        "top": 691,
        "width": 34,
        "height": 11
      },
      "confidence": 67
    },
    {
      "text": "\"y\":",
      "x": 425,
      "y": 696,
      "bounds": {
        "left": 415,
        "top": 690,
        "width": 20,
        "height": 13
      },
      "confidence": 47
    },
    {
      "text": "651}",
      "x": 463,
      "y": 696,
      "bounds": {
        "left": 449,
        "top": 690,
        "width": 28,
        "height": 13
      },
      "confidence": 95
    },
    {
      "text": "SUCCESS:",
      "x": 334,
      "y": 712,
      "bounds": {
        "left": 306,
        "top": 705,
        "width": 57,
        "height": 14
      },
      "confidence": 53
    },
    {
      "text": "{\"success\":",
      "x": 409,
      "y": 713,
      "bounds": {
        "left": 372,
        "top": 707,
        "width": 75,
        "height": 13
      },
      "confidence": 55
    },
    {
      "text": "\u201cTrue\u201d,",
      "x": 480,
      "y": 713,
      "bounds": {
        "left": 457,
        "top": 707,
        "width": 47,
        "height": 12
      },
      "confidence": 69
    },
    {
      "text": "\u201cclicked\u201d:",
      "x": 546,
      "y": 712,
      "bounds": {
        "left": 513,
        "top": 707,
        "width": 67,
        "height": 10
      },
      "confidence": 64
    },
    {
      "text": "\"(1240,",
      "x": 611,
      "y": 713,
      "bounds": {
        "left": 590,
        "top": 707,
        "width": 42,
        "height": 13
      },
      "confidence": 66
    },
    {
      "text": "651)\"}",
      "x": 666,
      "y": 713,
      "bounds": {
        "left": 645,
        "top": 707,
        "width": 42,
        "height": 13
      },
      "confidence": 89
    },
    {
      "text": "(264ms)",
      "x": 718,
      "y": 713,
      "bounds": {
        "left": 695,
        "top": 707,
        "width": 47,
        "height": 13
      },
      "confidence": 79
    },
    {
      "text": "21:28:32,279",
      "x": 372,
      "y": 730,
      "bounds": {
        "left": 330,
        "top": 725,
        "width": 84,
        "height": 11
      },
      "confidence": 89
    },
    {
      "text": "-",
      "x": 425,
      "y": 730,
      "bounds": {
        "left": 422,
        "top": 730,
        "width": 6,
        "height": 1
      },
      "confidence": 90
    },
    {
      "text": "httpx",
      "x": 453,
      "y": 730,
      "bounds": {
        "left": 436,
        "top": 724,
        "width": 35,
        "height": 13
      },
      "confidence": 84
    },
    {
      "text": "-",
      "x": 481,
      "y": 730,
      "bounds": {
        "left": 478,
        "top": 730,
        "width": 6,
        "height": 1
      },
      "confidence": 92
    },
    {
      "text": "INFO",
      "x": 506,
      "y": 729,
      "bounds": {
        "left": 492,
        "top": 725,
        "width": 28,
        "height": 9
      },
      "confidence": 92
    },
    {
      "text": "-",
      "x": 530,
      "y": 730,
      "bounds": {
        "left": 527,
        "top": 730,
        "width": 6,
        "height": 1
      },
      "confidence": 88
    },
    {
      "text": "HTTP",
      "x": 554,
      "y": 729,
      "bounds": {
        "left": 540,
        "top": 725,
        "width": 29,
        "height": 9
      },
      "confidence": 44
    },
    {
      "text": "Request:",
      "x": 602,
      "y": 731,
      "bounds": {
        "left": 576,
        "top": 725,
        "width": 53,
        "height": 12
      },
      "confidence": 96
    },
    {
      "text": "POST",
      "x": 652,
      "y": 729,
      "bounds": {
        "left": 638,
        "top": 725,
        "width": 29,
        "height": 9
      },
      "confidence": 91
    },
    {
      "text": "\u201cHTTP/1.1",
      "x": 1006,
      "y": 729,
      "bounds": {
        "left": 975,
        "top": 724,
        "width": 62,
        "height": 11
      },
      "confidence": 64
    },
    {
      "text": "20",
      "x": 1055,
      "y": 729,
      "bounds": {
        "left": 1044,
        "top": 725,
        "width": 22,
        "height": 9
      },
      "confidence": 76
    },
    {
      "text": "Ok\"",
      "x": 1082,
      "y": 729,
      "bounds": {
        "left": 1072,
        "top": 724,
        "width": 21,
        "height": 10
      },
      "confidence": 68
    },
    {
      "text": "\u2018\\",
      "x": 276,
      "y": 746,
      "bounds": {
        "left": 270,
        "top": 740,
        "width": 13,
        "height": 12
      },
      "confidence": 39
    },
    {
      "text": "[OPENAT]",
      "x": 316,
      "y": 747,
      "bounds": {
        "left": 290,
        "top": 741,
        "width": 53,
        "height": 13
      },
      "confidence": 79
    },
    {
      "text": "TOOL",
      "x": 365,
      "y": 746,
      "bounds": {
        "left": 351,
        "top": 742,
        "width": 28,
        "height": 9
      },
      "confidence": 94
    },
    {
      "text": "CALL:",
      "x": 402,
      "y": 746,
      "bounds": {
        "left": 386,
        "top": 742,
        "width": 33,
        "height": 9
      },
      "confidence": 93
    },
    {
      "text": "press_key",
      "x": 460,
      "y": 747,
      "bounds": {
        "left": 429,
        "top": 741,
        "width": 63,
        "height": 13
      },
      "confidence": 77
    },
    {
      "text": "high-priority",
      "x": 1725,
      "y": 709,
      "bounds": {
        "left": 1692,
        "top": 703,
        "width": 67,
        "height": 12
      },
      "confidence": 71
    },
    {
      "text": "news",
      "x": 1775,
      "y": 709,
      "bounds": {
        "left": 1762,
        "top": 706,
        "width": 27,
        "height": 6
      },
      "confidence": 96
    },
    {
      "text": "hits.",
      "x": 1802,
      "y": 707,
      "bounds": {
        "left": 1792,
        "top": 703,
        "width": 21,
        "height": 9
      },
      "confidence": 94
    },
    {
      "text": "Next",
      "x": 1552,
      "y": 739,
      "bounds": {
        "left": 1538,
        "top": 725,
        "width": 29,
        "height": 29
      },
      "confidence": 95
    },
    {
      "text": "Step:",
      "x": 1587,
      "y": 739,
      "bounds": {
        "left": 1574,
        "top": 725,
        "width": 27,
        "height": 29
      },
      "confidence": 96
    },
    {
      "text": "|",
      "x": 1607,
      "y": 739,
      "bounds": {
        "left": 1606,
        "top": 735,
        "width": 2,
        "height": 9
      },
      "confidence": 92
    },
    {
      "text": "can",
      "x": 1622,
      "y": 739,
      "bounds": {
        "left": 1615,
        "top": 725,
        "width": 15,
        "height": 29
      },
      "confidence": 96
    },
    {
      "text": "start",
      "x": 1648,
      "y": 739,
      "bounds": {
        "left": 1634,
        "top": 725,
        "width": 28,
        "height": 29
      },
      "confidence": 90
    },
    {
      "text": "by",
      "x": 1671,
      "y": 739,
      "bounds": {
        "left": 1666,
        "top": 725,
        "width": 10,
        "height": 29
      },
      "confidence": 90
    },
    {
      "text": "creating",
      "x": 1706,
      "y": 739,
      "bounds": {
        "left": 1683,
        "top": 725,
        "width": 46,
        "height": 29
      },
      "confidence": 96
    },
    {
      "text": "the",
      "x": 1743,
      "y": 739,
      "bounds": {
        "left": 1733,
        "top": 725,
        "width": 21,
        "height": 29
      },
      "confidence": 96
    },
    {
      "text": "Monitoring",
      "x": 1790,
      "y": 739,
      "bounds": {
        "left": 1760,
        "top": 725,
        "width": 61,
        "height": 29
      },
      "confidence": 96
    },
    {
      "text": "Engine",
      "x": 1845,
      "y": 740,
      "bounds": {
        "left": 1826,
        "top": 734,
        "width": 39,
        "height": 13
      },
      "confidence": 83
    },
    {
      "text": "Args:",
      "x": 304,
      "y": 765,
      "bounds": {
        "left": 288,
        "top": 759,
        "width": 33,
        "height": 12
      },
      "confidence": 52
    },
    {
      "text": "{\"key\":",
      "x": 351,
      "y": 764,
      "bounds": {
        "left": 330,
        "top": 758,
        "width": 42,
        "height": 13
      },
      "confidence": 76
    },
    {
      "text": "\u201cescape\"}",
      "x": 418,
      "y": 764,
      "bounds": {
        "left": 387,
        "top": 758,
        "width": 62,
        "height": 13
      },
      "confidence": 69
    },
    {
      "text": "core",
      "x": 1550,
      "y": 758,
      "bounds": {
        "left": 1537,
        "top": 744,
        "width": 27,
        "height": 29
      },
      "confidence": 94
    },
    {
      "text": "and",
      "x": 1579,
      "y": 758,
      "bounds": {
        "left": 1570,
        "top": 744,
        "width": 18,
        "height": 29
      },
      "confidence": 96
    },
    {
      "text": "the",
      "x": 1603,
      "y": 758,
      "bounds": {
        "left": 1594,
        "top": 753,
        "width": 19,
        "height": 10
      },
      "confidence": 96
    },
    {
      "text": "ETF",
      "x": 1627,
      "y": 758,
      "bounds": {
        "left": 1617,
        "top": 754,
        "width": 20,
        "height": 9
      },
      "confidence": 96
    },
    {
      "text": "Resolution",
      "x": 1672,
      "y": 758,
      "bounds": {
        "left": 1642,
        "top": 753,
        "width": 61,
        "height": 10
      },
      "confidence": 96
    },
    {
      "text": "logic.",
      "x": 1722,
      "y": 759,
      "bounds": {
        "left": 1707,
        "top": 753,
        "width": 30,
        "height": 13
      },
      "confidence": 96
    },
    {
      "text": "I",
      "x": 295,
      "y": 780,
      "bounds": {
        "left": 291,
        "top": 773,
        "width": 9,
        "height": 14
      },
      "confidence": 35
    },
    {
      "text": "SUCCESS:",
      "x": 334,
      "y": 780,
      "bounds": {
        "left": 306,
        "top": 773,
        "width": 57,
        "height": 14
      },
      "confidence": 54
    },
    {
      "text": "{\"success\":",
      "x": 409,
      "y": 781,
      "bounds": {
        "left": 372,
        "top": 775,
        "width": 75,
        "height": 13
      },
      "confidence": 54
    },
    {
      "text": "\u201cTrue\u201d,",
      "x": 480,
      "y": 781,
      "bounds": {
        "left": 457,
        "top": 775,
        "width": 47,
        "height": 12
      },
      "confidence": 70
    },
    {
      "text": "\u201cpressed\u201d:",
      "x": 546,
      "y": 781,
      "bounds": {
        "left": 513,
        "top": 775,
        "width": 67,
        "height": 13
      },
      "confidence": 72
    },
    {
      "text": "\u201cescape\"}",
      "x": 621,
      "y": 781,
      "bounds": {
        "left": 590,
        "top": 775,
        "width": 62,
        "height": 13
      },
      "confidence": 69
    },
    {
      "text": "(100ms)",
      "x": 683,
      "y": 781,
      "bounds": {
        "left": 660,
        "top": 775,
        "width": 47,
        "height": 13
      },
      "confidence": 57
    },
    {
      "text": "\u2018Should",
      "x": 1593,
      "y": 779,
      "bounds": {
        "left": 1541,
        "top": 773,
        "width": 104,
        "height": 13
      },
      "confidence": 75
    },
    {
      "text": "|",
      "x": 1586,
      "y": 778,
      "bounds": {
        "left": 1585,
        "top": 764,
        "width": 3,
        "height": 29
      },
      "confidence": 83
    },
    {
      "text": "begin",
      "x": 1609,
      "y": 779,
      "bounds": {
        "left": 1595,
        "top": 773,
        "width": 29,
        "height": 13
      },
      "confidence": 95
    },
    {
      "text": "by",
      "x": 1637,
      "y": 778,
      "bounds": {
        "left": 1631,
        "top": 764,
        "width": 13,
        "height": 29
      },
      "confidence": 96
    },
    {
      "text": "implementing",
      "x": 1745,
      "y": 779,
      "bounds": {
        "left": 1664,
        "top": 773,
        "width": 163,
        "height": 13
      },
      "confidence": 96
    },
    {
      "text": "the",
      "x": 1745,
      "y": 778,
      "bounds": {
        "left": 1735,
        "top": 764,
        "width": 20,
        "height": 29
      },
      "confidence": 96
    },
    {
      "text": "Background",
      "x": 1794,
      "y": 779,
      "bounds": {
        "left": 1761,
        "top": 773,
        "width": 66,
        "height": 13
      },
      "confidence": 94
    },
    {
      "text": "21:28:35,564",
      "x": 372,
      "y": 798,
      "bounds": {
        "left": 330,
        "top": 793,
        "width": 85,
        "height": 11
      },
      "confidence": 91
    },
    {
      "text": "-",
      "x": 425,
      "y": 798,
      "bounds": {
        "left": 422,
        "top": 798,
        "width": 6,
        "height": 1
      },
      "confidence": 88
    },
    {
      "text": "httpx",
      "x": 453,
      "y": 798,
      "bounds": {
        "left": 436,
        "top": 792,
        "width": 35,
        "height": 13
      },
      "confidence": 85
    },
    {
      "text": "-",
      "x": 481,
      "y": 798,
      "bounds": {
        "left": 478,
        "top": 798,
        "width": 6,
        "height": 1
      },
      "confidence": 92
    },
    {
      "text": "INFO",
      "x": 506,
      "y": 797,
      "bounds": {
        "left": 492,
        "top": 793,
        "width": 28,
        "height": 9
      },
      "confidence": 92
    },
    {
      "text": "-",
      "x": 530,
      "y": 798,
      "bounds": {
        "left": 527,
        "top": 798,
        "width": 6,
        "height": 1
      },
      "confidence": 84
    },
    {
      "text": "HTTP",
      "x": 554,
      "y": 797,
      "bounds": {
        "left": 540,
        "top": 793,
        "width": 29,
        "height": 9
      },
      "confidence": 41
    },
    {
      "text": "Request:",
      "x": 602,
      "y": 799,
      "bounds": {
        "left": 576,
        "top": 793,
        "width": 53,
        "height": 12
      },
      "confidence": 93
    },
    {
      "text": "POST",
      "x": 652,
      "y": 797,
      "bounds": {
        "left": 638,
        "top": 793,
        "width": 29,
        "height": 9
      },
      "confidence": 92
    },
    {
      "text": "https://api-openai.com/vi/chat/completions",
      "x": 820,
      "y": 798,
      "bounds": {
        "left": 674,
        "top": 792,
        "width": 293,
        "height": 13
      },
      "confidence": 36
    },
    {
      "text": "\u201cHTTP/1.1",
      "x": 1006,
      "y": 797,
      "bounds": {
        "left": 975,
        "top": 792,
        "width": 62,
        "height": 11
      },
      "confidence": 63
    },
    {
      "text": "20",
      "x": 1055,
      "y": 797,
      "bounds": {
        "left": 1044,
        "top": 793,
        "width": 22,
        "height": 9
      },
      "confidence": 65
    },
    {
      "text": "Ok\"",
      "x": 1082,
      "y": 797,
      "bounds": {
        "left": 1072,
        "top": 792,
        "width": 21,
        "height": 10
      },
      "confidence": 74
    },
    {
      "text": "Monitoring",
      "x": 1574,
      "y": 798,
      "bounds": {
        "left": 1542,
        "top": 792,
        "width": 65,
        "height": 13
      },
      "confidence": 96
    },
    {
      "text": "Engine",
      "x": 1631,
      "y": 797,
      "bounds": {
        "left": 1612,
        "top": 783,
        "width": 38,
        "height": 29
      },
      "confidence": 96
    },
    {
      "text": "structure?",
      "x": 1684,
      "y": 797,
      "bounds": {
        "left": 1654,
        "top": 783,
        "width": 60,
        "height": 29
      },
      "confidence": 96
    },
    {
      "text": "\u2018\\",
      "x": 276,
      "y": 814,
      "bounds": {
        "left": 270,
        "top": 808,
        "width": 13,
        "height": 12
      },
      "confidence": 46
    },
    {
      "text": "[OPENAT]",
      "x": 316,
      "y": 815,
      "bounds": {
        "left": 290,
        "top": 809,
        "width": 53,
        "height": 13
      },
      "confidence": 77
    },
    {
      "text": "TOOL",
      "x": 365,
      "y": 814,
      "bounds": {
        "left": 351,
        "top": 810,
        "width": 28,
        "height": 9
      },
      "confidence": 93
    },
    {
      "text": "CALL:",
      "x": 402,
      "y": 814,
      "bounds": {
        "left": 386,
        "top": 810,
        "width": 33,
        "height": 9
      },
      "confidence": 96
    },
    {
      "text": "wait",
      "x": 442,
      "y": 814,
      "bounds": {
        "left": 428,
        "top": 809,
        "width": 28,
        "height": 10
      },
      "confidence": 94
    },
    {
      "text": "Args:",
      "x": 304,
      "y": 833,
      "bounds": {
        "left": 288,
        "top": 827,
        "width": 33,
        "height": 12
      },
      "confidence": 31
    },
    {
      "text": "{\"seconds\":",
      "x": 367,
      "y": 832,
      "bounds": {
        "left": 330,
        "top": 826,
        "width": 75,
        "height": 13
      },
      "confidence": 33
    },
    {
      "text": "0.5}",
      "x": 428,
      "y": 832,
      "bounds": {
        "left": 414,
        "top": 826,
        "width": 28,
        "height": 13
      },
      "confidence": 58
    },
    {
      "text": "Po)",
      "x": 1832,
      "y": 834,
      "bounds": {
        "left": 1826,
        "top": 830,
        "width": 13,
        "height": 8
      },
      "confidence": 34
    },
    {
      "text": "3",
      "x": 1885,
      "y": 830,
      "bounds": {
        "left": 1883,
        "top": 827,
        "width": 4,
        "height": 6
      },
      "confidence": 70
    },
    {
      "text": "{\"waited\":",
      "x": 400,
      "y": 849,
      "bounds": {
        "left": 372,
        "top": 843,
        "width": 56,
        "height": 13
      },
      "confidence": 52
    },
    {
      "text": "\u201c@.5\"}",
      "x": 470,
      "y": 849,
      "bounds": {
        "left": 450,
        "top": 843,
        "width": 41,
        "height": 13
      },
      "confidence": 70
    },
    {
      "text": "2026-02-14",
      "x": 288,
      "y": 865,
      "bounds": {
        "left": 253,
        "top": 861,
        "width": 71,
        "height": 9
      },
      "confidence": 72
    },
    {
      "text": "21:28:37,997",
      "x": 372,
      "y": 866,
      "bounds": {
        "left": 330,
        "top": 861,
        "width": 84,
        "height": 11
      },
      "confidence": 92
    },
    {
      "text": "-",
      "x": 425,
      "y": 866,
      "bounds": {
        "left": 422,
        "top": 866,
        "width": 6,
        "height": 1
      },
      "confidence": 83
    },
    {
      "text": "httpx",
      "x": 453,
      "y": 866,
      "bounds": {
        "left": 436,
        "top": 860,
        "width": 35,
        "height": 13
      },
      "confidence": 86
    },
    {
      "text": "-",
      "x": 481,
      "y": 866,
      "bounds": {
        "left": 478,
        "top": 866,
        "width": 6,
        "height": 1
      },
      "confidence": 87
    },
    {
      "text": "INFO",
      "x": 506,
      "y": 865,
      "bounds": {
        "left": 492,
        "top": 861,
        "width": 28,
        "height": 9
      },
      "confidence": 89
    },
    {
      "text": "-",
      "x": 530,
      "y": 866,
      "bounds": {
        "left": 527,
        "top": 866,
        "width": 6,
        "height": 1
      },
      "confidence": 89
    },
    {
      "text": "HTTP",
      "x": 554,
      "y": 865,
      "bounds": {
        "left": 540,
        "top": 861,
        "width": 29,
        "height": 9
      },
      "confidence": 82
    },
    {
      "text": "Request:",
      "x": 602,
      "y": 867,
      "bounds": {
        "left": 576,
        "top": 861,
        "width": 53,
        "height": 12
      },
      "confidence": 92
    },
    {
      "text": "POST",
      "x": 652,
      "y": 865,
      "bounds": {
        "left": 638,
        "top": 861,
        "width": 29,
        "height": 9
      },
      "confidence": 93
    },
    {
      "text": "https://apiopenai..com/vi/chat/conpletions",
      "x": 820,
      "y": 866,
      "bounds": {
        "left": 674,
        "top": 860,
        "width": 293,
        "height": 13
      },
      "confidence": 47
    },
    {
      "text": "\u201cHTTP/1.1",
      "x": 1006,
      "y": 865,
      "bounds": {
        "left": 975,
        "top": 860,
        "width": 62,
        "height": 11
      },
      "confidence": 55
    },
    {
      "text": "200",
      "x": 1055,
      "y": 865,
      "bounds": {
        "left": 1044,
        "top": 861,
        "width": 22,
        "height": 9
      },
      "confidence": 60
    },
    {
      "text": "OK\u201d",
      "x": 1082,
      "y": 865,
      "bounds": {
        "left": 1072,
        "top": 860,
        "width": 21,
        "height": 10
      },
      "confidence": 66
    },
    {
      "text": "[OPENAT]",
      "x": 316,
      "y": 883,
      "bounds": {
        "left": 290,
        "top": 877,
        "width": 53,
        "height": 13
      },
      "confidence": 48
    },
    {
      "text": "TOOL",
      "x": 365,
      "y": 882,
      "bounds": {
        "left": 351,
        "top": 878,
        "width": 28,
        "height": 9
      },
      "confidence": 96
    },
    {
      "text": "CALL:",
      "x": 402,
      "y": 882,
      "bounds": {
        "left": 386,
        "top": 878,
        "width": 33,
        "height": 9
      },
      "confidence": 91
    },
    {
      "text": "ocr_screen",
      "x": 463,
      "y": 885,
      "bounds": {
        "left": 428,
        "top": 880,
        "width": 70,
        "height": 10
      },
      "confidence": 89
    },
    {
      "text": "Args:",
      "x": 304,
      "y": 901,
      "bounds": {
        "left": 288,
        "top": 895,
        "width": 33,
        "height": 12
      },
      "confidence": 88
    },
    {
      "text": "{}",
      "x": 337,
      "y": 900,
      "bounds": {
        "left": 330,
        "top": 894,
        "width": 14,
        "height": 13
      },
      "confidence": 80
    },
    {
      "text": "2026-02-14",
      "x": 288,
      "y": 916,
      "bounds": {
        "left": 253,
        "top": 912,
        "width": 71,
        "height": 9
      },
      "confidence": 72
    },
    {
      "text": "21:28:39,270",
      "x": 372,
      "y": 917,
      "bounds": {
        "left": 330,
        "top": 912,
        "width": 85,
        "height": 11
      },
      "confidence": 72
    },
    {
      "text": "-",
      "x": 425,
      "y": 917,
      "bounds": {
        "left": 422,
        "top": 917,
        "width": 6,
        "height": 1
      },
      "confidence": 80
    },
    {
      "text": "httpx",
      "x": 453,
      "y": 917,
      "bounds": {
        "left": 436,
        "top": 911,
        "width": 35,
        "height": 13
      },
      "confidence": 86
    },
    {
      "text": "-",
      "x": 481,
      "y": 917,
      "bounds": {
        "left": 478,
        "top": 917,
        "width": 6,
        "height": 1
      },
      "confidence": 89
    },
    {
      "text": "INFO",
      "x": 506,
      "y": 916,
      "bounds": {
        "left": 492,
        "top": 912,
        "width": 28,
        "height": 9
      },
      "confidence": 83
    },
    {
      "text": "-",
      "x": 530,
      "y": 917,
      "bounds": {
        "left": 527,
        "top": 917,
        "width": 6,
        "height": 1
      },
      "confidence": 83
    },
    {
      "text": "HITP",
      "x": 554,
      "y": 916,
      "bounds": {
        "left": 540,
        "top": 912,
        "width": 29,
        "height": 9
      },
      "confidence": 78
    },
    {
      "text": "Request:",
      "x": 602,
      "y": 918,
      "bounds": {
        "left": 576,
        "top": 912,
        "width": 53,
        "height": 12
      },
      "confidence": 95
    },
    {
      "text": "POST",
      "x": 652,
      "y": 916,
      "bounds": {
        "left": 638,
        "top": 912,
        "width": 29,
        "height": 9
      },
      "confidence": 96
    },
    {
      "text": "https:",
      "x": 692,
      "y": 916,
      "bounds": {
        "left": 672,
        "top": 901,
        "width": 40,
        "height": 31
      },
      "confidence": 91
    },
    {
      "text": "//api",
      "x": 732,
      "y": 916,
      "bounds": {
        "left": 716,
        "top": 901,
        "width": 32,
        "height": 31
      },
      "confidence": 71
    },
    {
      "text": "-telegram.org/bot7960886425:",
      "x": 1012,
      "y": 917,
      "bounds": {
        "left": 757,
        "top": 911,
        "width": 511,
        "height": 13
      },
      "confidence": 68
    },
    {
      "text": "AAFLEL",
      "x": 967,
      "y": 916,
      "bounds": {
        "left": 949,
        "top": 901,
        "width": 37,
        "height": 31
      },
      "confidence": 85
    },
    {
      "text": "\u201cHTTP/1.1",
      "x": 1307,
      "y": 916,
      "bounds": {
        "left": 1276,
        "top": 911,
        "width": 62,
        "height": 11
      },
      "confidence": 81
    },
    {
      "text": "200",
      "x": 1356,
      "y": 916,
      "bounds": {
        "left": 1345,
        "top": 912,
        "width": 22,
        "height": 9
      },
      "confidence": 89
    },
    {
      "text": "OK\"",
      "x": 1383,
      "y": 916,
      "bounds": {
        "left": 1373,
        "top": 911,
        "width": 21,
        "height": 10
      },
      "confidence": 64
    },
    {
      "text": "{\"elenents\":",
      "x": 413,
      "y": 934,
      "bounds": {
        "left": 372,
        "top": 928,
        "width": 82,
        "height": 13
      },
      "confidence": 39
    },
    {
      "text": "18,",
      "x": 620,
      "y": 934,
      "bounds": {
        "left": 610,
        "top": 929,
        "width": 20,
        "height": 11
      },
      "confidence": 93
    },
    {
      "text": "\"y':",
      "x": 652,
      "y": 934,
      "bounds": {
        "left": 641,
        "top": 928,
        "width": 23,
        "height": 13
      },
      "confidence": 72
    },
    {
      "text": "17,",
      "x": 683,
      "y": 934,
      "bounds": {
        "left": 673,
        "top": 929,
        "width": 20,
        "height": 11
      },
      "confidence": 96
    },
    {
      "text": "13,",
      "x": 844,
      "y": 934,
      "bounds": {
        "left": 834,
        "top": 929,
        "width": 20,
        "height": 11
      },
      "confidence": 96
    },
    {
      "text": "\"top\":",
      "x": 883,
      "y": 934,
      "bounds": {
        "left": 865,
        "top": 928,
        "width": 37,
        "height": 13
      },
      "confidence": 43
    },
    {
      "text": "12,",
      "x": 921,
      "y": 934,
      "bounds": {
        "left": 911,
        "top": 929,
        "width": 20,
        "height": 11
      },
      "confidence": 96
    },
    {
      "text": "\u2018width\u2019:",
      "x": 967,
      "y": 933,
      "bounds": {
        "left": 942,
        "top": 928,
        "width": 51,
        "height": 10
      },
      "confidence": 56
    },
    {
      "text": "1,",
      "x": 1012,
      "y": 934,
      "bounds": {
        "left": 1002,
        "top": 929,
        "width": 20,
        "height": 11
      },
      "confidence": 72
    },
    {
      "text": "18},",
      "x": 1113,
      "y": 934,
      "bounds": {
        "left": 1100,
        "top": 928,
        "width": 27,
        "height": 13
      },
      "confidence": 35
    },
    {
      "text": "\u2018conf...",
      "x": 1163,
      "y": 933,
      "bounds": {
        "left": 1138,
        "top": 928,
        "width": 51,
        "height": 10
      },
      "confidence": 90
    },
    {
      "text": "[73194",
      "x": 1220,
      "y": 934,
      "bounds": {
        "left": 1200,
        "top": 928,
        "width": 41,
        "height": 13
      },
      "confidence": 90
    },
    {
      "text": "chars]\",",
      "x": 1274,
      "y": 934,
      "bounds": {
        "left": 1247,
        "top": 928,
        "width": 55,
        "height": 13
      },
      "confidence": 82
    },
    {
      "text": "\u201cunfiltered",
      "x": 1349,
      "y": 932,
      "bounds": {
        "left": 1311,
        "top": 917,
        "width": 77,
        "height": 31
      },
      "confidence": 70
    },
    {
      "text": "text\u201d",
      "x": 1412,
      "y": 932,
      "bounds": {
        "left": 1395,
        "top": 917,
        "width": 34,
        "height": 31
      },
      "confidence": 70
    },
    {
      "text": ":",
      "x": 256,
      "y": 951,
      "bounds": {
        "left": 255,
        "top": 948,
        "width": 3,
        "height": 7
      },
      "confidence": 53
    },
    {
      "text": "\"A",
      "x": 275,
      "y": 950,
      "bounds": {
        "left": 268,
        "top": 945,
        "width": 14,
        "height": 10
      },
      "confidence": 69
    },
    {
      "text": "Fille",
      "x": 302,
      "y": 950,
      "bounds": {
        "left": 289,
        "top": 945,
        "width": 27,
        "height": 10
      },
      "confidence": 83
    },
    {
      "text": "Edit",
      "x": 337,
      "y": 950,
      "bounds": {
        "left": 324,
        "top": 945,
        "width": 27,
        "height": 10
      },
      "confidence": 96
    },
    {
      "text": "Selection",
      "x": 389,
      "y": 950,
      "bounds": {
        "left": 358,
        "top": 945,
        "width": 63,
        "height": 10
      },
      "confidence": 96
    },
    {
      "text": "View",
      "x": 442,
      "y": 950,
      "bounds": {
        "left": 428,
        "top": 945,
        "width": 29,
        "height": 10
      },
      "confidence": 96
    },
    {
      "text": "Go",
      "x": 470,
      "y": 950,
      "bounds": {
        "left": 463,
        "top": 946,
        "width": 15,
        "height": 9
      },
      "confidence": 88
    },
    {
      "text": "Run",
      "x": 495,
      "y": 950,
      "bounds": {
        "left": 485,
        "top": 946,
        "width": 20,
        "height": 9
      },
      "confidence": 93
    },
    {
      "text": "Terminal",
      "x": 540,
      "y": 950,
      "bounds": {
        "left": 512,
        "top": 945,
        "width": 56,
        "height": 10
      },
      "confidence": 96
    },
    {
      "text": "Help",
      "x": 589,
      "y": 951,
      "bounds": {
        "left": 575,
        "top": 945,
        "width": 29,
        "height": 13
      },
      "confidence": 87
    },
    {
      "text": "powerful-project-collection",
      "x": 705,
      "y": 951,
      "bounds": {
        "left": 611,
        "top": 945,
        "width": 188,
        "height": 13
      },
      "confidence": 59
    },
    {
      "text": "-",
      "x": 810,
      "y": 951,
      "bounds": {
        "left": 807,
        "top": 951,
        "width": 6,
        "height": 1
      },
      "confidence": 89
    },
    {
      "text": "-",
      "x": 908,
      "y": 951,
      "bounds": {
        "left": 905,
        "top": 951,
        "width": 6,
        "height": 1
      },
      "confidence": 92
    },
    {
      "text": "system",
      "x": 947,
      "y": 952,
      "bounds": {
        "left": 919,
        "top": 946,
        "width": 56,
        "height": 12
      },
      "confidence": 68
    },
    {
      "text": "p...",
      "x": 982,
      "y": 949,
      "bounds": {
        "left": 966,
        "top": 934,
        "width": 32,
        "height": 31
      },
      "confidence": 68
    },
    {
      "text": "[5@25",
      "x": 1020,
      "y": 951,
      "bounds": {
        "left": 1004,
        "top": 945,
        "width": 33,
        "height": 13
      },
      "confidence": 79
    },
    {
      "text": "chars]\",",
      "x": 1071,
      "y": 951,
      "bounds": {
        "left": 1044,
        "top": 945,
        "width": 55,
        "height": 13
      },
      "confidence": 62
    },
    {
      "text": "\u201cplain",
      "x": 1128,
      "y": 949,
      "bounds": {
        "left": 1108,
        "top": 934,
        "width": 41,
        "height": 31
      },
      "confidence": 82
    },
    {
      "text": "text\":",
      "x": 1176,
      "y": 954,
      "bounds": {
        "left": 1157,
        "top": 953,
        "width": 39,
        "height": 2
      },
      "confidence": 65
    },
    {
      "text": "\"A",
      "x": 1213,
      "y": 950,
      "bounds": {
        "left": 1206,
        "top": 945,
        "width": 14,
        "height": 10
      },
      "confidence": 90
    },
    {
      "text": "File",
      "x": 1240,
      "y": 950,
      "bounds": {
        "left": 1227,
        "top": 945,
        "width": 27,
        "height": 10
      },
      "confidence": 96
    },
    {
      "text": "Edit",
      "x": 1275,
      "y": 950,
      "bounds": {
        "left": 1262,
        "top": 945,
        "width": 27,
        "height": 10
      },
      "confidence": 96
    },
    {
      "text": "Selection",
      "x": 1327,
      "y": 950,
      "bounds": {
        "left": 1296,
        "top": 945,
        "width": 63,
        "height": 10
      },
      "confidence": 95
    },
    {
      "text": "View",
      "x": 1380,
      "y": 950,
      "bounds": {
        "left": 1366,
        "top": 945,
        "width": 29,
        "height": 10
      },
      "confidence": 96
    },
    {
      "text": "Go",
      "x": 1408,
      "y": 950,
      "bounds": {
        "left": 1401,
        "top": 946,
        "width": 15,
        "height": 9
      },
      "confidence": 92
    },
    {
      "text": "R",
      "x": 1426,
      "y": 950,
      "bounds": {
        "left": 1423,
        "top": 946,
        "width": 6,
        "height": 9
      },
      "confidence": 92
    },
    {
      "text": "un",
      "x": 260,
      "y": 968,
      "bounds": {
        "left": 254,
        "top": 965,
        "width": 13,
        "height": 7
      },
      "confidence": 94
    },
    {
      "text": "Terminal",
      "x": 302,
      "y": 967,
      "bounds": {
        "left": 274,
        "top": 962,
        "width": 56,
        "height": 10
      },
      "confidence": 96
    },
    {
      "text": "Help",
      "x": 351,
      "y": 968,
      "bounds": {
        "left": 337,
        "top": 962,
        "width": 29,
        "height": 13
      },
      "confidence": 92
    },
    {
      "text": "powerful-project-collection",
      "x": 467,
      "y": 968,
      "bounds": {
        "left": 373,
        "top": 962,
        "width": 188,
        "height": 13
      },
      "confidence": 73
    },
    {
      "text": "-",
      "x": 572,
      "y": 968,
      "bounds": {
        "left": 569,
        "top": 968,
        "width": 6,
        "height": 1
      },
      "confidence": 88
    },
    {
      "text": "antigravity",
      "x": 621,
      "y": 968,
      "bounds": {
        "left": 582,
        "top": 962,
        "width": 78,
        "height": 13
      },
      "confidence": 32
    },
    {
      "text": "-",
      "x": 670,
      "y": 968,
      "bounds": {
        "left": 667,
        "top": 968,
        "width": 6,
        "height": 1
      },
      "confidence": 92
    },
    {
      "text": "system",
      "x": 705,
      "y": 969,
      "bounds": {
        "left": 681,
        "top": 963,
        "width": 48,
        "height": 12
      },
      "confidence": 77
    },
    {
      "text": "p...",
      "x": 744,
      "y": 966,
      "bounds": {
        "left": 730,
        "top": 951,
        "width": 29,
        "height": 31
      },
      "confidence": 77
    },
    {
      "text": "[5825",
      "x": 782,
      "y": 968,
      "bounds": {
        "left": 766,
        "top": 962,
        "width": 33,
        "height": 13
      },
      "confidence": 59
    },
    {
      "text": "chars]\",",
      "x": 833,
      "y": 968,
      "bounds": {
        "left": 806,
        "top": 962,
        "width": 55,
        "height": 13
      },
      "confidence": 81
    },
    {
      "text": "\u201ctotal_elements\u201d:",
      "x": 922,
      "y": 968,
      "bounds": {
        "left": 870,
        "top": 962,
        "width": 104,
        "height": 13
      },
      "confidence": 46
    },
    {
      "text": "\"601\"}",
      "x": 1016,
      "y": 968,
      "bounds": {
        "left": 996,
        "top": 962,
        "width": 41,
        "height": 13
      },
      "confidence": 46
    },
    {
      "text": "(5907ns)",
      "x": 1072,
      "y": 968,
      "bounds": {
        "left": 1045,
        "top": 962,
        "width": 54,
        "height": 13
      },
      "confidence": 38
    },
    {
      "text": "Review",
      "x": 1828,
      "y": 919,
      "bounds": {
        "left": 1812,
        "top": 915,
        "width": 32,
        "height": 8
      },
      "confidence": 91
    },
    {
      "text": "Changes",
      "x": 1869,
      "y": 920,
      "bounds": {
        "left": 1849,
        "top": 915,
        "width": 41,
        "height": 10
      },
      "confidence": 94
    },
    {
      "text": ">",
      "x": 52,
      "y": 978,
      "bounds": {
        "left": 49,
        "top": 973,
        "width": 6,
        "height": 10
      },
      "confidence": 95
    },
    {
      "text": "Outline",
      "x": 82,
      "y": 978,
      "bounds": {
        "left": 62,
        "top": 974,
        "width": 40,
        "height": 9
      },
      "confidence": 75
    },
    {
      "text": "2026-02-14",
      "x": 288,
      "y": 984,
      "bounds": {
        "left": 253,
        "top": 980,
        "width": 71,
        "height": 9
      },
      "confidence": 71
    },
    {
      "text": "21:28:48,896",
      "x": 372,
      "y": 985,
      "bounds": {
        "left": 330,
        "top": 980,
        "width": 85,
        "height": 11
      },
      "confidence": 92
    },
    {
      "text": "-",
      "x": 425,
      "y": 985,
      "bounds": {
        "left": 422,
        "top": 985,
        "width": 6,
        "height": 1
      },
      "confidence": 89
    },
    {
      "text": "httpx",
      "x": 453,
      "y": 985,
      "bounds": {
        "left": 436,
        "top": 979,
        "width": 35,
        "height": 13
      },
      "confidence": 83
    },
    {
      "text": "-",
      "x": 481,
      "y": 985,
      "bounds": {
        "left": 478,
        "top": 985,
        "width": 6,
        "height": 1
      },
      "confidence": 91
    },
    {
      "text": "INFO",
      "x": 506,
      "y": 984,
      "bounds": {
        "left": 492,
        "top": 980,
        "width": 28,
        "height": 9
      },
      "confidence": 93
    },
    {
      "text": "-",
      "x": 530,
      "y": 985,
      "bounds": {
        "left": 527,
        "top": 985,
        "width": 6,
        "height": 1
      },
      "confidence": 91
    },
    {
      "text": "HTTP",
      "x": 554,
      "y": 984,
      "bounds": {
        "left": 540,
        "top": 980,
        "width": 29,
        "height": 9
      },
      "confidence": 93
    },
    {
      "text": "Request:",
      "x": 602,
      "y": 986,
      "bounds": {
        "left": 576,
        "top": 980,
        "width": 53,
        "height": 12
      },
      "confidence": 96
    },
    {
      "text": "POST",
      "x": 652,
      "y": 984,
      "bounds": {
        "left": 638,
        "top": 980,
        "width": 29,
        "height": 9
      },
      "confidence": 93
    },
    {
      "text": "https://api-openai.com/vi/chat/completions",
      "x": 820,
      "y": 985,
      "bounds": {
        "left": 674,
        "top": 979,
        "width": 293,
        "height": 13
      },
      "confidence": 34
    },
    {
      "text": "\u201cHTTP/1.1",
      "x": 1006,
      "y": 984,
      "bounds": {
        "left": 975,
        "top": 979,
        "width": 62,
        "height": 11
      },
      "confidence": 54
    },
    {
      "text": "200",
      "x": 1055,
      "y": 984,
      "bounds": {
        "left": 1044,
        "top": 980,
        "width": 22,
        "height": 9
      },
      "confidence": 79
    },
    {
      "text": "Ok\u201d",
      "x": 1082,
      "y": 984,
      "bounds": {
        "left": 1072,
        "top": 979,
        "width": 21,
        "height": 10
      },
      "confidence": 72
    },
    {
      "text": "A",
      "x": 1578,
      "y": 985,
      "bounds": {
        "left": 1574,
        "top": 983,
        "width": 8,
        "height": 4
      },
      "confidence": 33
    },
    {
      "text": "Fast",
      "x": 1598,
      "y": 984,
      "bounds": {
        "left": 1589,
        "top": 980,
        "width": 18,
        "height": 8
      },
      "confidence": 47
    },
    {
      "text": "\u00a9",
      "x": 1629,
      "y": 985,
      "bounds": {
        "left": 1625,
        "top": 983,
        "width": 8,
        "height": 4
      },
      "confidence": 45
    },
    {
      "text": "Gemini3",
      "x": 1654,
      "y": 985,
      "bounds": {
        "left": 1639,
        "top": 981,
        "width": 31,
        "height": 8
      },
      "confidence": 88
    },
    {
      "text": "Flash",
      "x": 1693,
      "y": 985,
      "bounds": {
        "left": 1677,
        "top": 981,
        "width": 32,
        "height": 8
      },
      "confidence": 92
    },
    {
      "text": "eo",
      "x": 1878,
      "y": 985,
      "bounds": {
        "left": 1859,
        "top": 978,
        "width": 38,
        "height": 14
      },
      "confidence": 64
    },
    {
      "text": ">",
      "x": 52,
      "y": 1000,
      "bounds": {
        "left": 49,
        "top": 995,
        "width": 6,
        "height": 10
      },
      "confidence": 94
    },
    {
      "text": "Timeline",
      "x": 85,
      "y": 1000,
      "bounds": {
        "left": 62,
        "top": 996,
        "width": 46,
        "height": 9
      },
      "confidence": 77
    },
    {
      "text": "0",
      "x": 256,
      "y": 1001,
      "bounds": {
        "left": 253,
        "top": 993,
        "width": 7,
        "height": 17
      },
      "confidence": 64
    },
    {
      "text": "X",
      "x": 23,
      "y": 1020,
      "bounds": {
        "left": 18,
        "top": 1014,
        "width": 10,
        "height": 13
      },
      "confidence": 46
    },
    {
      "text": "maint",
      "x": 236,
      "y": 1021,
      "bounds": {
        "left": 221,
        "top": 1017,
        "width": 30,
        "height": 9
      },
      "confidence": 46
    },
    {
      "text": "Ln",
      "x": 1385,
      "y": 1021,
      "bounds": {
        "left": 1380,
        "top": 1017,
        "width": 11,
        "height": 9
      },
      "confidence": 79
    },
    {
      "text": "CRLF",
      "x": 1582,
      "y": 1021,
      "bounds": {
        "left": 1569,
        "top": 1017,
        "width": 26,
        "height": 9
      },
      "confidence": 74
    },
    {
      "text": "{}",
      "x": 1619,
      "y": 1021,
      "bounds": {
        "left": 1613,
        "top": 1015,
        "width": 13,
        "height": 12
      },
      "confidence": 74
    },
    {
      "text": "Python",
      "x": 1652,
      "y": 1023,
      "bounds": {
        "left": 1634,
        "top": 1017,
        "width": 36,
        "height": 12
      },
      "confidence": 89
    },
    {
      "text": "3.13.264-bit",
      "x": 1720,
      "y": 1021,
      "bounds": {
        "left": 1687,
        "top": 1017,
        "width": 66,
        "height": 9
      },
      "confidence": 74
    },
    {
      "text": "A",
      "x": 1697,
      "y": 1056,
      "bounds": {
        "left": 1692,
        "top": 1053,
        "width": 10,
        "height": 6
      },
      "confidence": 40
    },
    {
      "text": "mc",
      "x": 1735,
      "y": 1057,
      "bounds": {
        "left": 1724,
        "top": 1053,
        "width": 22,
        "height": 8
      },
      "confidence": 57
    }
  ],
  "unfiltered_text": "A File Edit Selection View Go Run Terminal Help powerful-project-collection - Antigravity - system_promptpy Open Agent Manager C2 OOD 6 & @ - ag x\n\ney Explorer . @ system_promptpy U X \u2014 @ _init_.py ...\\prompts U \u00ae eeutorrp Py MO o> - pwsh x G - \u2014_Tradio Al Prompt Enhancement +O x\n\u00a9 powerful-project-collection _\u2018tadio > ai > prompts > #@ system_prompt.py > [el SYSTEM_PROMPT PS C:\\Users\\Wagsihim AI\\Documents\\GitHub \\powerful-project-collection> oo -\n~\u2014 \u00a9 SYSTEM_PROMPT role> = '\nP > \u00a9 daily breakdown SRC quo 71 Rast Cine priCe, Varies, ana GaLay-<aange. + Agent Awareness: When you starta chat, the first thing\n> \u00a9 eigent - **get_fundamentals**: core valuation and profitability metrics @ \u2018the agent does is \"Read the Sentinel Feed\" so it's\nSe > 6 emploai - **get_technical**: Instant indicator signals (RSI, MACD, etc.) | : meena ECS\n> \u00a9 Mini-Agent ~ **get_news**: Market sentiment and company-specific headlines.\nce 43 - **get_hacker_news**: Tech-market crossover trends. eon al prenetive Commande (Sentinel fects)\nS 44 - **web_search**: General financial or macro research.\nB > \u00a9 OpensB 45 New tools for the Al agent to manage its background self:\n> \u00a9 openclaw 46 #\u00a58 3. Neural Context (Memory) ser slert(symbol, condition) : Programmatically\nB > \u00a9 opencode 47 - **search_memory**: Query past sessions and user-defined prefer add background triggers.\n> \u00a9 temp 48 - \u201cupdate _memory**: Persist critical insights or global setting 4 get_sentine!_summary() : Fetch a summary of\n> \u00a9 test.workspace 49 </tool_manifesto> findings from the last $X$ hours.\n> \u00a9 tradio aa a .\nB 51 <enitical_reminders> ; _\nne one ca 52 - **Financial Disclosure**: Always specify that your analysis is\nWINGS a O 52 - **Error Handling**: If a ticker is invalid or data is missing,\n54 - **Visualization**: Interactive charts are high-value. Always 5\n55. </critical_reminders>\"\"\" Implementation Phasing\n56\nPhase Milestone Description\nindows cannot find spotify\u2019. Make sure you typed the f and then try again. Phase ThePulse Create sre/nonitoring/engine..\n1 Core Seng a seep ee\nProblems Output Debug Console (EERE) Ports +e suport Tee SSS\nora 7 1 Phase ETF Implement sx0/dats/et\u00a2_loade\n2026-02-14 21:28:19,080 - httpx - INFO - HTTP Request: POST https: //api. telegram. org/bot 7960886425: AAFLELFHchgN3nFpQsrhFFAXVSMtNHNBGdU/getUpdates \u201cHTTP/1.1 200 OK\" 2 Resolution = py to auto-populate the\n\n\u2018monitor list from CSV/Web links.\n\nME success: {Velenents\": \"[{'text': \u2018A's \"x's 18, \"y's 47, \u201cbounds': {\"left': 13, \u201ctop\u2019: 12, \u2018width\u2019: 10, \u201cheight\": 10}, \u201cconf... [24158 chars]\", \u201cunfiltered text\u201d |\n+ \u201cA\\n\\nQ\\n\\ne\\n\\nvd\\n\\na\\n\\neeeceeeceeeece\\n\\n8\\n4\\n\\n*\\n\\nFile Edit Selection View\\n\\nexplorer\\n\\n|\\n|\\n\\ndaily breakdown\\neig... [5571 chars]\", \u201cplain text\": \u201cA\\n\\nQ\n\n\\n\\ne\\n\\nvd\\n\\na\\n\\neeeceeeceeeece\\n\\n8\\n4\\n\\n*\\n\\nFile Edit Selection View\\n\\nExplorer\\n\\n]\\n|\\n\\ndaily breakdown\\neig... [5571 chars]\", \u201ctotal_elements\u2122: \"689\"} (6408 Phase Neural Filter Integrate a \u201cSentinel Agent\"\nms) 3 (background LLM) to score news\n2026-\u20ac2-14 21:28:29,178 - httpx - INFO - HTTP Request: POST https: //api..telegram.org/bot7960886425:: AAFLELFHchgN3nfpQsrhfFAXvSmtNHnBGdU/getUpdates \u201cHTTP/1.1 200 Ok\u201d headlines as they arrive.\n2026-\u20ac2-14 21:28:29,519 - httpx - INFO - HITP Request: POST https://api.openai.com/vi/chat/completions \u201cHTTP/1.1 200 Ok\" _ .\n\u2018\\ [OPENAT] TOOL CALL: click Phase Dash \u2018Add a \u201cLive Events\" sidebar to the\n4 Integration Quant Terminal Ul that glows when\n\n\u2018Args: {\"x\": 1248, \"y\": 651}\nIB SUCCESS: {\"success\": \u201cTrue\u201d, \u201cclicked\u201d: \"(1240, 651)\"} (264ms)\n2026-\u20ac2-14 21:28:32,279 - httpx - INFO - HTTP Request: POST https: //api.openai.com/vi/chat/completions \u201cHTTP/1.1 20 Ok\"\n\u2018\\ [OPENAT] TOOL CALL: press_key\n\nhigh-priority news hits.\n\nNext Step: | can start by creating the Monitoring Engine\n\nArgs: {\"key\": \u201cescape\"} core and the ETF Resolution logic.\nI SUCCESS: {\"success\": \u201cTrue\u201d, \u201cpressed\u201d: \u201cescape\"} (100ms) \u2018Should | begin by implementing the Background\n2026-\u20ac2-14 21:28:35,564 - httpx - INFO - HTTP Request: POST https://api-openai.com/vi/chat/completions \u201cHTTP/1.1 20 Ok\" Monitoring Engine structure?\n\u2018\\ [OPENAT] TOOL CALL: wait\nArgs: {\"seconds\": 0.5} Po) 3\n\nMB SUCCESS: {\"waited\": \u201c@.5\"} (Soins)\n2026-02-14 21:28:37,997 - httpx - INFO - HTTP Request: POST https://apiopenai..com/vi/chat/conpletions \u201cHTTP/1.1 200 OK\u201d\n\u2018\\ [OPENAT] TOOL CALL: ocr_screen\nArgs: {}\n2026-02-14 21:28:39,270 - httpx - INFO - HITP Request: POST https: //api -telegram.org/bot7960886425: AAFLEL FHchgN3nfpQsrhFFAKvSmtNHnBGdU/getUpdates \u201cHTTP/1.1 200 OK\"\nMB SUccESS: {\"elenents\": \u201c[{\u2018text': \u2018A', \u2018x\u2019: 18, \"y': 17, \u2018bounds\u2019: {\u2018left': 13, \"top\": 12, \u2018width\u2019: 1, \u2018height': 18}, \u2018conf... [73194 chars]\", \u201cunfiltered text\u201d\n: \"A Fille Edit Selection View Go Run Terminal Help powerful-project-collection - antigravity - system p... [5@25 chars]\", \u201cplain text\": \"A File Edit Selection View Go R\nun Terminal Help powerful-project-collection - antigravity - system p... [5825 chars]\", \u201ctotal_elements\u201d: \"601\"} (5907ns)\n\nReview Changes\n\n> Outline 2026-02-14 21:28:48,896 - httpx - INFO - HTTP Request: POST https://api-openai.com/vi/chat/completions \u201cHTTP/1.1 200 Ok\u201d A Fast \u00a9 Gemini3 Flash eo\n> Timeline 0\nX El powerful-project-collection maint  @o0 Ao Ln 18,Col3 Spaces:3 UTF-8 CRLF {} Python 3.13.264-bit Antigravity -Settings\n\ncas MM OPS OHAVF@BAGHE A mc Sant fate\n\n",
  "plain_text": "A File Edit Selection View Go Run Terminal Help powerful-project-collection - Antigravity - system_promptpy Open Agent Manager C2 OOD 6 & @ - ag x\n\ney Explorer . @ system_promptpy U X \u2014 @ _init_.py ...\\prompts U \u00ae eeutorrp Py MO o> - pwsh x G - \u2014_Tradio Al Prompt Enhancement +O x\n\u00a9 powerful-project-collection _\u2018tadio > ai > prompts > #@ system_prompt.py > [el SYSTEM_PROMPT PS C:\\Users\\Wagsihim AI\\Documents\\GitHub \\powerful-project-collection> oo -\n~\u2014 \u00a9 SYSTEM_PROMPT role> = '\nP > \u00a9 daily breakdown SRC quo 71 Rast Cine priCe, Varies, ana GaLay-<aange. + Agent Awareness: When you starta chat, the first thing\n> \u00a9 eigent - **get_fundamentals**: core valuation and profitability metrics @ \u2018the agent does is \"Read the Sentinel Feed\" so it's\nSe > 6 emploai - **get_technical**: Instant indicator signals (RSI, MACD, etc.) | : meena ECS\n> \u00a9 Mini-Agent ~ **get_news**: Market sentiment and company-specific headlines.\nce 43 - **get_hacker_news**: Tech-market crossover trends. eon al prenetive Commande (Sentinel fects)\nS 44 - **web_search**: General financial or macro research.\nB > \u00a9 OpensB 45 New tools for the Al agent to manage its background self:\n> \u00a9 openclaw 46 #\u00a58 3. Neural Context (Memory) ser slert(symbol, condition) : Programmatically\nB > \u00a9 opencode 47 - **search_memory**: Query past sessions and user-defined prefer add background triggers.\n> \u00a9 temp 48 - \u201cupdate _memory**: Persist critical insights or global setting 4 get_sentine!_summary() : Fetch a summary of\n> \u00a9 test.workspace 49 </tool_manifesto> findings from the last $X$ hours.\n> \u00a9 tradio aa a .\nB 51 <enitical_reminders> ; _\nne one ca 52 - **Financial Disclosure**: Always specify that your analysis is\nWINGS a O 52 - **Error Handling**: If a ticker is invalid or data is missing,\n54 - **Visualization**: Interactive charts are high-value. Always 5\n55. </critical_reminders>\"\"\" Implementation Phasing\n56\nPhase Milestone Description\nindows cannot find spotify\u2019. Make sure you typed the f and then try again. Phase ThePulse Create sre/nonitoring/engine..\n1 Core Seng a seep ee\nProblems Output Debug Console (EERE) Ports +e suport Tee SSS\nora 7 1 Phase ETF Implement sx0/dats/et\u00a2_loade\n2026-02-14 21:28:19,080 - httpx - INFO - HTTP Request: POST https: //api. telegram. org/bot 7960886425: AAFLELFHchgN3nFpQsrhFFAXVSMtNHNBGdU/getUpdates \u201cHTTP/1.1 200 OK\" 2 Resolution = py to auto-populate the\n\n\u2018monitor list from CSV/Web links.\n\nME success: {Velenents\": \"[{'text': \u2018A's \"x's 18, \"y's 47, \u201cbounds': {\"left': 13, \u201ctop\u2019: 12, \u2018width\u2019: 10, \u201cheight\": 10}, \u201cconf... [24158 chars]\", \u201cunfiltered text\u201d |\n+ \u201cA\\n\\nQ\\n\\ne\\n\\nvd\\n\\na\\n\\neeeceeeceeeece\\n\\n8\\n4\\n\\n*\\n\\nFile Edit Selection View\\n\\nexplorer\\n\\n|\\n|\\n\\ndaily breakdown\\neig... [5571 chars]\", \u201cplain text\": \u201cA\\n\\nQ\n\n\\n\\ne\\n\\nvd\\n\\na\\n\\neeeceeeceeeece\\n\\n8\\n4\\n\\n*\\n\\nFile Edit Selection View\\n\\nExplorer\\n\\n]\\n|\\n\\ndaily breakdown\\neig... [5571 chars]\", \u201ctotal_elements\u2122: \"689\"} (6408 Phase Neural Filter Integrate a \u201cSentinel Agent\"\nms) 3 (background LLM) to score news\n2026-\u20ac2-14 21:28:29,178 - httpx - INFO - HTTP Request: POST https: //api..telegram.org/bot7960886425:: AAFLELFHchgN3nfpQsrhfFAXvSmtNHnBGdU/getUpdates \u201cHTTP/1.1 200 Ok\u201d headlines as they arrive.\n2026-\u20ac2-14 21:28:29,519 - httpx - INFO - HITP Request: POST https://api.openai.com/vi/chat/completions \u201cHTTP/1.1 200 Ok\" _ .\n\u2018\\ [OPENAT] TOOL CALL: click Phase Dash \u2018Add a \u201cLive Events\" sidebar to the\n4 Integration Quant Terminal Ul that glows when\n\n\u2018Args: {\"x\": 1248, \"y\": 651}\nIB SUCCESS: {\"success\": \u201cTrue\u201d, \u201cclicked\u201d: \"(1240, 651)\"} (264ms)\n2026-\u20ac2-14 21:28:32,279 - httpx - INFO - HTTP Request: POST https: //api.openai.com/vi/chat/completions \u201cHTTP/1.1 20 Ok\"\n\u2018\\ [OPENAT] TOOL CALL: press_key\n\nhigh-priority news hits.\n\nNext Step: | can start by creating the Monitoring Engine\n\nArgs: {\"key\": \u201cescape\"} core and the ETF Resolution logic.\nI SUCCESS: {\"success\": \u201cTrue\u201d, \u201cpressed\u201d: \u201cescape\"} (100ms) \u2018Should | begin by implementing the Background\n2026-\u20ac2-14 21:28:35,564 - httpx - INFO - HTTP Request: POST https://api-openai.com/vi/chat/completions \u201cHTTP/1.1 20 Ok\" Monitoring Engine structure?\n\u2018\\ [OPENAT] TOOL CALL: wait\nArgs: {\"seconds\": 0.5} Po) 3\n\nMB SUCCESS: {\"waited\": \u201c@.5\"} (Soins)\n2026-02-14 21:28:37,997 - httpx - INFO - HTTP Request: POST https://apiopenai..com/vi/chat/conpletions \u201cHTTP/1.1 200 OK\u201d\n\u2018\\ [OPENAT] TOOL CALL: ocr_screen\nArgs: {}\n2026-02-14 21:28:39,270 - httpx - INFO - HITP Request: POST https: //api -telegram.org/bot7960886425: AAFLEL FHchgN3nfpQsrhFFAKvSmtNHnBGdU/getUpdates \u201cHTTP/1.1 200 OK\"\nMB SUccESS: {\"elenents\": \u201c[{\u2018text': \u2018A', \u2018x\u2019: 18, \"y': 17, \u2018bounds\u2019: {\u2018left': 13, \"top\": 12, \u2018width\u2019: 1, \u2018height': 18}, \u2018conf... [73194 chars]\", \u201cunfiltered text\u201d\n: \"A Fille Edit Selection View Go Run Terminal Help powerful-project-collection - antigravity - system p... [5@25 chars]\", \u201cplain text\": \"A File Edit Selection View Go R\nun Terminal Help powerful-project-collection - antigravity - system p... [5825 chars]\", \u201ctotal_elements\u201d: \"601\"} (5907ns)\n\nReview Changes\n\n> Outline 2026-02-14 21:28:48,896 - httpx - INFO - HTTP Request: POST https://api-openai.com/vi/chat/completions \u201cHTTP/1.1 200 Ok\u201d A Fast \u00a9 Gemini3 Flash eo\n> Timeline 0\nX El powerful-project-collection maint  @o0 Ao Ln 18,Col3 Spaces:3 UTF-8 CRLF {} Python 3.13.264-bit Antigravity -Settings\n\ncas MM OPS OHAVF@BAGHE A mc Sant fate\n\n",
  "total_elements": 640
}
21:28:54 | --------------------------------------------------------------------------------
21:28:58 | CALL | ocr_screen | {}
21:29:04 | RESULT | ocr_screen | ✅ SUCCESS (5707ms)
{
  "elements": [
    {
      "text": "A",
      "x": 18,
      "y": 17,
      "bounds": {
        "left": 13,
        "top": 12,
        "width": 10,
        "height": 10
      },
      "confidence": 64
    },
    {
      "text": "File",
      "x": 53,
      "y": 17,
      "bounds": {
        "left": 44,
        "top": 12,
        "width": 18,
        "height": 10
      },
      "confidence": 81
    },
    {
      "text": "Edit",
      "x": 89,
      "y": 17,
      "bounds": {
        "left": 79,
        "top": 12,
        "width": 21,
        "height": 10
      },
      "confidence": 81
    },
    {
      "text": "Selection",
      "x": 142,
      "y": 17,
      "bounds": {
        "left": 117,
        "top": 12,
        "width": 51,
        "height": 10
      },
      "confidence": 84
    },
    {
      "text": "View",
      "x": 198,
      "y": 17,
      "bounds": {
        "left": 185,
        "top": 12,
        "width": 27,
        "height": 10
      },
      "confidence": 90
    },
    {
      "text": "Go",
      "x": 236,
      "y": 17,
      "bounds": {
        "left": 228,
        "top": 13,
        "width": 16,
        "height": 9
      },
      "confidence": 93
    },
    {
      "text": "Run",
      "x": 271,
      "y": 17,
      "bounds": {
        "left": 261,
        "top": 13,
        "width": 21,
        "height": 9
      },
      "confidence": 93
    },
    {
      "text": "Terminal",
      "x": 322,
      "y": 17,
      "bounds": {
        "left": 299,
        "top": 12,
        "width": 47,
        "height": 10
      },
      "confidence": 92
    },
    {
      "text": "Help",
      "x": 377,
      "y": 18,
      "bounds": {
        "left": 364,
        "top": 12,
        "width": 26,
        "height": 13
      },
      "confidence": 94
    },
    {
      "text": "powerful-project-collection",
      "x": 874,
      "y": 16,
      "bounds": {
        "left": 801,
        "top": 3,
        "width": 146,
        "height": 26
      },
      "confidence": 86
    },
    {
      "text": "-",
      "x": 954,
      "y": 18,
      "bounds": {
        "left": 952,
        "top": 18,
        "width": 4,
        "height": 1
      },
      "confidence": 85
    },
    {
      "text": "Antigravity",
      "x": 988,
      "y": 16,
      "bounds": {
        "left": 961,
        "top": 3,
        "width": 55,
        "height": 26
      },
      "confidence": 79
    },
    {
      "text": "-",
      "x": 1023,
      "y": 18,
      "bounds": {
        "left": 1021,
        "top": 18,
        "width": 4,
        "height": 1
      },
      "confidence": 79
    },
    {
      "text": "Open",
      "x": 1451,
      "y": 18,
      "bounds": {
        "left": 1435,
        "top": 5,
        "width": 33,
        "height": 26
      },
      "confidence": 83
    },
    {
      "text": "Agent",
      "x": 1488,
      "y": 18,
      "bounds": {
        "left": 1471,
        "top": 5,
        "width": 34,
        "height": 26
      },
      "confidence": 83
    },
    {
      "text": "C2",
      "x": 1569,
      "y": 17,
      "bounds": {
        "left": 1563,
        "top": 11,
        "width": 13,
        "height": 12
      },
      "confidence": 33
    },
    {
      "text": "6",
      "x": 1698,
      "y": 17,
      "bounds": {
        "left": 1691,
        "top": 10,
        "width": 14,
        "height": 14
      },
      "confidence": 42
    },
    {
      "text": "&",
      "x": 1722,
      "y": 17,
      "bounds": {
        "left": 1715,
        "top": 10,
        "width": 14,
        "height": 14
      },
      "confidence": 76
    },
    {
      "text": "@",
      "x": 1749,
      "y": 17,
      "bounds": {
        "left": 1741,
        "top": 9,
        "width": 16,
        "height": 16
      },
      "confidence": 71
    },
    {
      "text": "-",
      "x": 1805,
      "y": 16,
      "bounds": {
        "left": 1800,
        "top": 16,
        "width": 10,
        "height": 1
      },
      "confidence": 87
    },
    {
      "text": "ag",
      "x": 1851,
      "y": 17,
      "bounds": {
        "left": 1846,
        "top": 12,
        "width": 10,
        "height": 10
      },
      "confidence": 74
    },
    {
      "text": "x",
      "x": 1897,
      "y": 17,
      "bounds": {
        "left": 1892,
        "top": 12,
        "width": 10,
        "height": 10
      },
      "confidence": 52
    },
    {
      "text": "ay",
      "x": 24,
      "y": 56,
      "bounds": {
        "left": 12,
        "top": 39,
        "width": 25,
        "height": 34
      },
      "confidence": 38
    },
    {
      "text": "Explorer",
      "x": 84,
      "y": 51,
      "bounds": {
        "left": 58,
        "top": 39,
        "width": 53,
        "height": 25
      },
      "confidence": 72
    },
    {
      "text": "@",
      "x": 251,
      "y": 50,
      "bounds": {
        "left": 245,
        "top": 44,
        "width": 12,
        "height": 12
      },
      "confidence": 66
    },
    {
      "text": "system_promptpy",
      "x": 317,
      "y": 52,
      "bounds": {
        "left": 265,
        "top": 46,
        "width": 104,
        "height": 12
      },
      "confidence": 40
    },
    {
      "text": "U",
      "x": 380,
      "y": 50,
      "bounds": {
        "left": 379,
        "top": 46,
        "width": 3,
        "height": 9
      },
      "confidence": 40
    },
    {
      "text": "X",
      "x": 397,
      "y": 50,
      "bounds": {
        "left": 392,
        "top": 46,
        "width": 10,
        "height": 8
      },
      "confidence": 67
    },
    {
      "text": "_init_.py",
      "x": 472,
      "y": 52,
      "bounds": {
        "left": 444,
        "top": 46,
        "width": 56,
        "height": 12
      },
      "confidence": 50
    },
    {
      "text": "...\\prompts",
      "x": 538,
      "y": 52,
      "bounds": {
        "left": 515,
        "top": 47,
        "width": 47,
        "height": 11
      },
      "confidence": 68
    },
    {
      "text": "U",
      "x": 572,
      "y": 50,
      "bounds": {
        "left": 569,
        "top": 46,
        "width": 6,
        "height": 9
      },
      "confidence": 90
    },
    {
      "text": "eeutorrp",
      "x": 667,
      "y": 52,
      "bounds": {
        "left": 637,
        "top": 46,
        "width": 60,
        "height": 12
      },
      "confidence": 32
    },
    {
      "text": "Py",
      "x": 728,
      "y": 50,
      "bounds": {
        "left": 724,
        "top": 48,
        "width": 8,
        "height": 4
      },
      "confidence": 58
    },
    {
      "text": "pwsh",
      "x": 925,
      "y": 51,
      "bounds": {
        "left": 911,
        "top": 39,
        "width": 28,
        "height": 24
      },
      "confidence": 90
    },
    {
      "text": "Al",
      "x": 1575,
      "y": 51,
      "bounds": {
        "left": 1570,
        "top": 39,
        "width": 10,
        "height": 24
      },
      "confidence": 87
    },
    {
      "text": "Prompt",
      "x": 1602,
      "y": 51,
      "bounds": {
        "left": 1586,
        "top": 39,
        "width": 32,
        "height": 24
      },
      "confidence": 94
    },
    {
      "text": "Enhancement.",
      "x": 1655,
      "y": 53,
      "bounds": {
        "left": 1622,
        "top": 48,
        "width": 66,
        "height": 10
      },
      "confidence": 53
    },
    {
      "text": "+9",
      "x": 1833,
      "y": 53,
      "bounds": {
        "left": 1815,
        "top": 46,
        "width": 36,
        "height": 14
      },
      "confidence": 71
    },
    {
      "text": "x",
      "x": 1892,
      "y": 53,
      "bounds": {
        "left": 1888,
        "top": 49,
        "width": 8,
        "height": 8
      },
      "confidence": 94
    },
    {
      "text": "ae",
      "x": 35,
      "y": 92,
      "bounds": {
        "left": 13,
        "top": 79,
        "width": 44,
        "height": 27
      },
      "confidence": 60
    },
    {
      "text": ">",
      "x": 292,
      "y": 76,
      "bounds": {
        "left": 291,
        "top": 71,
        "width": 3,
        "height": 10
      },
      "confidence": 92
    },
    {
      "text": "om",
      "x": 309,
      "y": 83,
      "bounds": {
        "left": 295,
        "top": 61,
        "width": 29,
        "height": 44
      },
      "confidence": 32
    },
    {
      "text": "system,",
      "x": 432,
      "y": 76,
      "bounds": {
        "left": 412,
        "top": 61,
        "width": 41,
        "height": 30
      },
      "confidence": 89
    },
    {
      "text": "rem",
      "x": 483,
      "y": 86,
      "bounds": {
        "left": 451,
        "top": 72,
        "width": 65,
        "height": 29
      },
      "confidence": 31
    },
    {
      "text": ">",
      "x": 525,
      "y": 76,
      "bounds": {
        "left": 522,
        "top": 71,
        "width": 6,
        "height": 10
      },
      "confidence": 95
    },
    {
      "text": "SYSTEM_PROMPT",
      "x": 602,
      "y": 77,
      "bounds": {
        "left": 552,
        "top": 72,
        "width": 101,
        "height": 11
      },
      "confidence": 90
    },
    {
      "text": "PS",
      "x": 905,
      "y": 76,
      "bounds": {
        "left": 898,
        "top": 72,
        "width": 14,
        "height": 9
      },
      "confidence": 78
    },
    {
      "text": "C:\\Users\\Wagsihim",
      "x": 929,
      "y": 76,
      "bounds": {
        "left": 919,
        "top": 71,
        "width": 20,
        "height": 11
      },
      "confidence": 86
    },
    {
      "text": "AI\\Documents\\GitHub",
      "x": 1111,
      "y": 76,
      "bounds": {
        "left": 1046,
        "top": 61,
        "width": 131,
        "height": 30
      },
      "confidence": 69
    },
    {
      "text": "\\powerful-project-collection>",
      "x": 1280,
      "y": 76,
      "bounds": {
        "left": 1179,
        "top": 61,
        "width": 202,
        "height": 30
      },
      "confidence": 71
    },
    {
      "text": "-",
      "x": 1834,
      "y": 71,
      "bounds": {
        "left": 1831,
        "top": 70,
        "width": 6,
        "height": 2
      },
      "confidence": 61
    },
    {
      "text": "6",
      "x": 271,
      "y": 98,
      "bounds": {
        "left": 268,
        "top": 95,
        "width": 6,
        "height": 6
      },
      "confidence": 95
    },
    {
      "text": "role",
      "x": 470,
      "y": 97,
      "bounds": {
        "left": 456,
        "top": 94,
        "width": 29,
        "height": 7
      },
      "confidence": 90
    },
    {
      "text": "=",
      "x": 806,
      "y": 97,
      "bounds": {
        "left": 800,
        "top": 97,
        "width": 13,
        "height": 1
      },
      "confidence": 96
    },
    {
      "text": "sec",
      "x": 1585,
      "y": 86,
      "bounds": {
        "left": 1575,
        "top": 81,
        "width": 21,
        "height": 10
      },
      "confidence": 47
    },
    {
      "text": ">",
      "x": 61,
      "y": 103,
      "bounds": {
        "left": 58,
        "top": 98,
        "width": 6,
        "height": 10
      },
      "confidence": 94
    },
    {
      "text": "\u00a9",
      "x": 80,
      "y": 107,
      "bounds": {
        "left": 74,
        "top": 107,
        "width": 12,
        "height": 1
      },
      "confidence": 93
    },
    {
      "text": "daily",
      "x": 104,
      "y": 103,
      "bounds": {
        "left": 88,
        "top": 87,
        "width": 33,
        "height": 32
      },
      "confidence": 59
    },
    {
      "text": "breakdown",
      "x": 160,
      "y": 103,
      "bounds": {
        "left": 128,
        "top": 87,
        "width": 65,
        "height": 32
      },
      "confidence": 88
    },
    {
      "text": "ey",
      "x": 1852,
      "y": 105,
      "bounds": {
        "left": 1815,
        "top": 89,
        "width": 75,
        "height": 32
      },
      "confidence": 49
    },
    {
      "text": ">",
      "x": 61,
      "y": 125,
      "bounds": {
        "left": 58,
        "top": 120,
        "width": 6,
        "height": 10
      },
      "confidence": 92
    },
    {
      "text": "\u00a9",
      "x": 76,
      "y": 128,
      "bounds": {
        "left": 72,
        "top": 116,
        "width": 8,
        "height": 24
      },
      "confidence": 93
    },
    {
      "text": "eigent",
      "x": 112,
      "y": 126,
      "bounds": {
        "left": 94,
        "top": 120,
        "width": 36,
        "height": 13
      },
      "confidence": 91
    },
    {
      "text": "-",
      "x": 305,
      "y": 129,
      "bounds": {
        "left": 303,
        "top": 129,
        "width": 5,
        "height": 1
      },
      "confidence": 68
    },
    {
      "text": "**get_fundamentals**:",
      "x": 397,
      "y": 129,
      "bounds": {
        "left": 318,
        "top": 123,
        "width": 158,
        "height": 13
      },
      "confidence": 91
    },
    {
      "text": "core",
      "x": 501,
      "y": 129,
      "bounds": {
        "left": 487,
        "top": 126,
        "width": 29,
        "height": 7
      },
      "confidence": 96
    },
    {
      "text": "valuation",
      "x": 559,
      "y": 128,
      "bounds": {
        "left": 525,
        "top": 123,
        "width": 68,
        "height": 10
      },
      "confidence": 96
    },
    {
      "text": "and",
      "x": 613,
      "y": 128,
      "bounds": {
        "left": 602,
        "top": 123,
        "width": 22,
        "height": 10
      },
      "confidence": 96
    },
    {
      "text": "profitability",
      "x": 682,
      "y": 129,
      "bounds": {
        "left": 633,
        "top": 123,
        "width": 99,
        "height": 13
      },
      "confidence": 96
    },
    {
      "text": "metrics",
      "x": 766,
      "y": 128,
      "bounds": {
        "left": 741,
        "top": 123,
        "width": 51,
        "height": 10
      },
      "confidence": 96
    },
    {
      "text": "the",
      "x": 1575,
      "y": 129,
      "bounds": {
        "left": 1564,
        "top": 116,
        "width": 23,
        "height": 27
      },
      "confidence": 93
    },
    {
      "text": "agent",
      "x": 1607,
      "y": 129,
      "bounds": {
        "left": 1591,
        "top": 116,
        "width": 32,
        "height": 27
      },
      "confidence": 94
    },
    {
      "text": "does",
      "x": 1640,
      "y": 129,
      "bounds": {
        "left": 1629,
        "top": 116,
        "width": 23,
        "height": 27
      },
      "confidence": 96
    },
    {
      "text": "is",
      "x": 1661,
      "y": 129,
      "bounds": {
        "left": 1656,
        "top": 116,
        "width": 11,
        "height": 27
      },
      "confidence": 95
    },
    {
      "text": "\u201cRead",
      "x": 1688,
      "y": 129,
      "bounds": {
        "left": 1674,
        "top": 116,
        "width": 28,
        "height": 27
      },
      "confidence": 88
    },
    {
      "text": "the",
      "x": 1716,
      "y": 129,
      "bounds": {
        "left": 1708,
        "top": 116,
        "width": 16,
        "height": 27
      },
      "confidence": 96
    },
    {
      "text": "Sentinel",
      "x": 1753,
      "y": 129,
      "bounds": {
        "left": 1730,
        "top": 116,
        "width": 46,
        "height": 27
      },
      "confidence": 96
    },
    {
      "text": "Feed\"",
      "x": 1814,
      "y": 131,
      "bounds": {
        "left": 1780,
        "top": 126,
        "width": 68,
        "height": 10
      },
      "confidence": 69
    },
    {
      "text": "so",
      "x": 1820,
      "y": 129,
      "bounds": {
        "left": 1816,
        "top": 116,
        "width": 9,
        "height": 27
      },
      "confidence": 95
    },
    {
      "text": "it's",
      "x": 1838,
      "y": 131,
      "bounds": {
        "left": 1829,
        "top": 126,
        "width": 19,
        "height": 10
      },
      "confidence": 67
    },
    {
      "text": "Se",
      "x": 24,
      "y": 142,
      "bounds": {
        "left": 14,
        "top": 131,
        "width": 20,
        "height": 22
      },
      "confidence": 52
    },
    {
      "text": ">",
      "x": 61,
      "y": 147,
      "bounds": {
        "left": 58,
        "top": 142,
        "width": 6,
        "height": 10
      },
      "confidence": 54
    },
    {
      "text": "6",
      "x": 77,
      "y": 144,
      "bounds": {
        "left": 74,
        "top": 127,
        "width": 6,
        "height": 35
      },
      "confidence": 43
    },
    {
      "text": "emploai",
      "x": 117,
      "y": 148,
      "bounds": {
        "left": 94,
        "top": 142,
        "width": 46,
        "height": 13
      },
      "confidence": 43
    },
    {
      "text": "**get_technical**:",
      "x": 385,
      "y": 148,
      "bounds": {
        "left": 318,
        "top": 142,
        "width": 135,
        "height": 13
      },
      "confidence": 61
    },
    {
      "text": "Instant",
      "x": 490,
      "y": 147,
      "bounds": {
        "left": 464,
        "top": 143,
        "width": 52,
        "height": 9
      },
      "confidence": 96
    },
    {
      "text": "indicator",
      "x": 559,
      "y": 147,
      "bounds": {
        "left": 526,
        "top": 142,
        "width": 67,
        "height": 10
      },
      "confidence": 96
    },
    {
      "text": "signals",
      "x": 629,
      "y": 148,
      "bounds": {
        "left": 603,
        "top": 142,
        "width": 52,
        "height": 13
      },
      "confidence": 96
    },
    {
      "text": "(RSI,",
      "x": 682,
      "y": 148,
      "bounds": {
        "left": 665,
        "top": 142,
        "width": 34,
        "height": 13
      },
      "confidence": 93
    },
    {
      "text": "MACD,",
      "x": 727,
      "y": 148,
      "bounds": {
        "left": 709,
        "top": 143,
        "width": 36,
        "height": 11
      },
      "confidence": 87
    },
    {
      "text": "etc.)",
      "x": 773,
      "y": 148,
      "bounds": {
        "left": 756,
        "top": 142,
        "width": 35,
        "height": 13
      },
      "confidence": 92
    },
    {
      "text": "|",
      "x": 801,
      "y": 159,
      "bounds": {
        "left": 800,
        "top": 159,
        "width": 3,
        "height": 1
      },
      "confidence": 45
    },
    {
      "text": ">",
      "x": 61,
      "y": 169,
      "bounds": {
        "left": 58,
        "top": 164,
        "width": 6,
        "height": 10
      },
      "confidence": 94
    },
    {
      "text": "\u00a9",
      "x": 80,
      "y": 169,
      "bounds": {
        "left": 74,
        "top": 164,
        "width": 12,
        "height": 10
      },
      "confidence": 93
    },
    {
      "text": "Mini-Agent",
      "x": 127,
      "y": 170,
      "bounds": {
        "left": 95,
        "top": 164,
        "width": 64,
        "height": 13
      },
      "confidence": 87
    },
    {
      "text": "~",
      "x": 305,
      "y": 167,
      "bounds": {
        "left": 303,
        "top": 167,
        "width": 5,
        "height": 1
      },
      "confidence": 63
    },
    {
      "text": "**get_news**:",
      "x": 366,
      "y": 167,
      "bounds": {
        "left": 318,
        "top": 161,
        "width": 96,
        "height": 13
      },
      "confidence": 89
    },
    {
      "text": "Market",
      "x": 447,
      "y": 166,
      "bounds": {
        "left": 425,
        "top": 161,
        "width": 45,
        "height": 10
      },
      "confidence": 95
    },
    {
      "text": "sentiment",
      "x": 513,
      "y": 166,
      "bounds": {
        "left": 479,
        "top": 161,
        "width": 68,
        "height": 10
      },
      "confidence": 94
    },
    {
      "text": "and",
      "x": 567,
      "y": 166,
      "bounds": {
        "left": 556,
        "top": 161,
        "width": 22,
        "height": 10
      },
      "confidence": 93
    },
    {
      "text": "company-specific",
      "x": 647,
      "y": 167,
      "bounds": {
        "left": 587,
        "top": 161,
        "width": 121,
        "height": 13
      },
      "confidence": 92
    },
    {
      "text": "headlines.",
      "x": 754,
      "y": 166,
      "bounds": {
        "left": 718,
        "top": 161,
        "width": 73,
        "height": 10
      },
      "confidence": 91
    },
    {
      "text": "43",
      "x": 267,
      "y": 185,
      "bounds": {
        "left": 260,
        "top": 181,
        "width": 14,
        "height": 9
      },
      "confidence": 37
    },
    {
      "text": "-",
      "x": 305,
      "y": 186,
      "bounds": {
        "left": 303,
        "top": 186,
        "width": 5,
        "height": 1
      },
      "confidence": 57
    },
    {
      "text": "**get_hacker_news**:",
      "x": 390,
      "y": 186,
      "bounds": {
        "left": 318,
        "top": 180,
        "width": 144,
        "height": 13
      },
      "confidence": 83
    },
    {
      "text": "Tech-market",
      "x": 520,
      "y": 185,
      "bounds": {
        "left": 479,
        "top": 180,
        "width": 83,
        "height": 10
      },
      "confidence": 87
    },
    {
      "text": "crossover",
      "x": 606,
      "y": 186,
      "bounds": {
        "left": 572,
        "top": 183,
        "width": 68,
        "height": 7
      },
      "confidence": 95
    },
    {
      "text": "trends.",
      "x": 673,
      "y": 185,
      "bounds": {
        "left": 648,
        "top": 180,
        "width": 51,
        "height": 10
      },
      "confidence": 96
    },
    {
      "text": "2",
      "x": 801,
      "y": 177,
      "bounds": {
        "left": 800,
        "top": 177,
        "width": 3,
        "height": 1
      },
      "confidence": 68
    },
    {
      "text": "4.",
      "x": 1544,
      "y": 185,
      "bounds": {
        "left": 1537,
        "top": 169,
        "width": 14,
        "height": 32
      },
      "confidence": 79
    },
    {
      "text": "Proactive",
      "x": 1589,
      "y": 185,
      "bounds": {
        "left": 1558,
        "top": 169,
        "width": 62,
        "height": 32
      },
      "confidence": 93
    },
    {
      "text": "Commands",
      "x": 1711,
      "y": 191,
      "bounds": {
        "left": 1622,
        "top": 185,
        "width": 179,
        "height": 12
      },
      "confidence": 96
    },
    {
      "text": "(Sentinel",
      "x": 1729,
      "y": 185,
      "bounds": {
        "left": 1699,
        "top": 169,
        "width": 60,
        "height": 32
      },
      "confidence": 90
    },
    {
      "text": "Tools)",
      "x": 1783,
      "y": 185,
      "bounds": {
        "left": 1763,
        "top": 169,
        "width": 41,
        "height": 32
      },
      "confidence": 74
    },
    {
      "text": "=",
      "x": 80,
      "y": 209,
      "bounds": {
        "left": 74,
        "top": 208,
        "width": 12,
        "height": 3
      },
      "confidence": 62
    },
    {
      "text": "44",
      "x": 267,
      "y": 204,
      "bounds": {
        "left": 260,
        "top": 200,
        "width": 14,
        "height": 9
      },
      "confidence": 62
    },
    {
      "text": "-",
      "x": 305,
      "y": 205,
      "bounds": {
        "left": 303,
        "top": 205,
        "width": 5,
        "height": 1
      },
      "confidence": 38
    },
    {
      "text": "**web_search**:",
      "x": 367,
      "y": 205,
      "bounds": {
        "left": 318,
        "top": 199,
        "width": 98,
        "height": 13
      },
      "confidence": 88
    },
    {
      "text": "General",
      "x": 466,
      "y": 204,
      "bounds": {
        "left": 440,
        "top": 199,
        "width": 53,
        "height": 10
      },
      "confidence": 95
    },
    {
      "text": "financial",
      "x": 536,
      "y": 204,
      "bounds": {
        "left": 502,
        "top": 199,
        "width": 68,
        "height": 10
      },
      "confidence": 96
    },
    {
      "text": "or",
      "x": 586,
      "y": 205,
      "bounds": {
        "left": 579,
        "top": 202,
        "width": 14,
        "height": 7
      },
      "confidence": 96
    },
    {
      "text": "macro",
      "x": 621,
      "y": 205,
      "bounds": {
        "left": 602,
        "top": 202,
        "width": 38,
        "height": 7
      },
      "confidence": 92
    },
    {
      "text": "research.",
      "x": 681,
      "y": 204,
      "bounds": {
        "left": 649,
        "top": 199,
        "width": 65,
        "height": 10
      },
      "confidence": 92
    },
    {
      "text": "B",
      "x": 21,
      "y": 225,
      "bounds": {
        "left": 12,
        "top": 217,
        "width": 18,
        "height": 16
      },
      "confidence": 90
    },
    {
      "text": ">",
      "x": 61,
      "y": 213,
      "bounds": {
        "left": 58,
        "top": 208,
        "width": 6,
        "height": 10
      },
      "confidence": 95
    },
    {
      "text": "\u00a9",
      "x": 80,
      "y": 217,
      "bounds": {
        "left": 74,
        "top": 217,
        "width": 12,
        "height": 1
      },
      "confidence": 87
    },
    {
      "text": "OpenBB",
      "x": 117,
      "y": 215,
      "bounds": {
        "left": 94,
        "top": 209,
        "width": 46,
        "height": 12
      },
      "confidence": 72
    },
    {
      "text": "aE",
      "x": 267,
      "y": 223,
      "bounds": {
        "left": 260,
        "top": 219,
        "width": 14,
        "height": 9
      },
      "confidence": 38
    },
    {
      "text": "New",
      "x": 1552,
      "y": 217,
      "bounds": {
        "left": 1542,
        "top": 204,
        "width": 20,
        "height": 26
      },
      "confidence": 93
    },
    {
      "text": "tools",
      "x": 1582,
      "y": 217,
      "bounds": {
        "left": 1568,
        "top": 204,
        "width": 29,
        "height": 26
      },
      "confidence": 96
    },
    {
      "text": "for",
      "x": 1610,
      "y": 217,
      "bounds": {
        "left": 1602,
        "top": 204,
        "width": 17,
        "height": 26
      },
      "confidence": 96
    },
    {
      "text": "the",
      "x": 1631,
      "y": 217,
      "bounds": {
        "left": 1622,
        "top": 204,
        "width": 18,
        "height": 26
      },
      "confidence": 96
    },
    {
      "text": "Al",
      "x": 1652,
      "y": 217,
      "bounds": {
        "left": 1646,
        "top": 204,
        "width": 12,
        "height": 26
      },
      "confidence": 95
    },
    {
      "text": "agent",
      "x": 1676,
      "y": 217,
      "bounds": {
        "left": 1661,
        "top": 204,
        "width": 31,
        "height": 26
      },
      "confidence": 95
    },
    {
      "text": "to",
      "x": 1703,
      "y": 217,
      "bounds": {
        "left": 1698,
        "top": 204,
        "width": 10,
        "height": 26
      },
      "confidence": 96
    },
    {
      "text": "manage",
      "x": 1734,
      "y": 217,
      "bounds": {
        "left": 1715,
        "top": 204,
        "width": 38,
        "height": 26
      },
      "confidence": 96
    },
    {
      "text": "its",
      "x": 1767,
      "y": 217,
      "bounds": {
        "left": 1758,
        "top": 204,
        "width": 19,
        "height": 26
      },
      "confidence": 96
    },
    {
      "text": "background",
      "x": 1812,
      "y": 217,
      "bounds": {
        "left": 1780,
        "top": 204,
        "width": 64,
        "height": 26
      },
      "confidence": 96
    },
    {
      "text": "self:",
      "x": 1861,
      "y": 217,
      "bounds": {
        "left": 1847,
        "top": 204,
        "width": 29,
        "height": 26
      },
      "confidence": 87
    },
    {
      "text": ">",
      "x": 61,
      "y": 235,
      "bounds": {
        "left": 58,
        "top": 230,
        "width": 6,
        "height": 10
      },
      "confidence": 91
    },
    {
      "text": "\u00a9",
      "x": 80,
      "y": 239,
      "bounds": {
        "left": 74,
        "top": 239,
        "width": 12,
        "height": 1
      },
      "confidence": 91
    },
    {
      "text": "46",
      "x": 267,
      "y": 242,
      "bounds": {
        "left": 260,
        "top": 238,
        "width": 14,
        "height": 9
      },
      "confidence": 40
    },
    {
      "text": "#\u00a58",
      "x": 313,
      "y": 242,
      "bounds": {
        "left": 301,
        "top": 238,
        "width": 24,
        "height": 9
      },
      "confidence": 40
    },
    {
      "text": "3.",
      "x": 339,
      "y": 242,
      "bounds": {
        "left": 333,
        "top": 238,
        "width": 12,
        "height": 9
      },
      "confidence": 93
    },
    {
      "text": "Neural",
      "x": 378,
      "y": 242,
      "bounds": {
        "left": 356,
        "top": 237,
        "width": 45,
        "height": 10
      },
      "confidence": 61
    },
    {
      "text": "Context",
      "x": 436,
      "y": 242,
      "bounds": {
        "left": 410,
        "top": 238,
        "width": 52,
        "height": 9
      },
      "confidence": 96
    },
    {
      "text": "(Memory)",
      "x": 501,
      "y": 243,
      "bounds": {
        "left": 472,
        "top": 237,
        "width": 59,
        "height": 13
      },
      "confidence": 44
    },
    {
      "text": "slert(symbol,",
      "x": 1628,
      "y": 242,
      "bounds": {
        "left": 1573,
        "top": 237,
        "width": 110,
        "height": 10
      },
      "confidence": 66
    },
    {
      "text": "condition)",
      "x": 1723,
      "y": 241,
      "bounds": {
        "left": 1692,
        "top": 237,
        "width": 63,
        "height": 8
      },
      "confidence": 92
    },
    {
      "text": ":",
      "x": 1763,
      "y": 240,
      "bounds": {
        "left": 1762,
        "top": 237,
        "width": 2,
        "height": 7
      },
      "confidence": 92
    },
    {
      "text": "Programmatically",
      "x": 1818,
      "y": 240,
      "bounds": {
        "left": 1768,
        "top": 234,
        "width": 100,
        "height": 13
      },
      "confidence": 95
    },
    {
      "text": "B",
      "x": 22,
      "y": 266,
      "bounds": {
        "left": 14,
        "top": 258,
        "width": 16,
        "height": 16
      },
      "confidence": 82
    },
    {
      "text": ">",
      "x": 61,
      "y": 257,
      "bounds": {
        "left": 58,
        "top": 252,
        "width": 6,
        "height": 10
      },
      "confidence": 93
    },
    {
      "text": "\u00a9",
      "x": 80,
      "y": 257,
      "bounds": {
        "left": 74,
        "top": 252,
        "width": 12,
        "height": 10
      },
      "confidence": 92
    },
    {
      "text": "opencode",
      "x": 123,
      "y": 258,
      "bounds": {
        "left": 94,
        "top": 252,
        "width": 58,
        "height": 13
      },
      "confidence": 87
    },
    {
      "text": "47",
      "x": 267,
      "y": 261,
      "bounds": {
        "left": 260,
        "top": 257,
        "width": 14,
        "height": 9
      },
      "confidence": 49
    },
    {
      "text": "-",
      "x": 305,
      "y": 262,
      "bounds": {
        "left": 303,
        "top": 262,
        "width": 5,
        "height": 1
      },
      "confidence": 73
    },
    {
      "text": "**search_memory**:",
      "x": 385,
      "y": 262,
      "bounds": {
        "left": 318,
        "top": 256,
        "width": 135,
        "height": 13
      },
      "confidence": 91
    },
    {
      "text": "Query",
      "x": 482,
      "y": 263,
      "bounds": {
        "left": 463,
        "top": 257,
        "width": 38,
        "height": 12
      },
      "confidence": 95
    },
    {
      "text": "past",
      "x": 524,
      "y": 263,
      "bounds": {
        "left": 510,
        "top": 257,
        "width": 29,
        "height": 12
      },
      "confidence": 95
    },
    {
      "text": "sessions",
      "x": 578,
      "y": 261,
      "bounds": {
        "left": 549,
        "top": 256,
        "width": 59,
        "height": 10
      },
      "confidence": 96
    },
    {
      "text": "and",
      "x": 628,
      "y": 261,
      "bounds": {
        "left": 618,
        "top": 256,
        "width": 21,
        "height": 10
      },
      "confidence": 96
    },
    {
      "text": "user-defined",
      "x": 694,
      "y": 261,
      "bounds": {
        "left": 649,
        "top": 256,
        "width": 90,
        "height": 10
      },
      "confidence": 96
    },
    {
      "text": "prefer",
      "x": 770,
      "y": 262,
      "bounds": {
        "left": 749,
        "top": 256,
        "width": 43,
        "height": 13
      },
      "confidence": 96
    },
    {
      "text": "add",
      "x": 1576,
      "y": 261,
      "bounds": {
        "left": 1564,
        "top": 249,
        "width": 25,
        "height": 25
      },
      "confidence": 92
    },
    {
      "text": "background",
      "x": 1626,
      "y": 261,
      "bounds": {
        "left": 1595,
        "top": 249,
        "width": 63,
        "height": 25
      },
      "confidence": 96
    },
    {
      "text": "triggers.",
      "x": 1690,
      "y": 261,
      "bounds": {
        "left": 1664,
        "top": 249,
        "width": 53,
        "height": 25
      },
      "confidence": 96
    },
    {
      "text": ">",
      "x": 61,
      "y": 279,
      "bounds": {
        "left": 58,
        "top": 274,
        "width": 6,
        "height": 10
      },
      "confidence": 91
    },
    {
      "text": "\u00a9",
      "x": 80,
      "y": 279,
      "bounds": {
        "left": 74,
        "top": 274,
        "width": 12,
        "height": 10
      },
      "confidence": 90
    },
    {
      "text": "temp",
      "x": 109,
      "y": 281,
      "bounds": {
        "left": 94,
        "top": 275,
        "width": 30,
        "height": 12
      },
      "confidence": 95
    },
    {
      "text": "48",
      "x": 267,
      "y": 280,
      "bounds": {
        "left": 260,
        "top": 276,
        "width": 14,
        "height": 9
      },
      "confidence": 57
    },
    {
      "text": "-",
      "x": 305,
      "y": 281,
      "bounds": {
        "left": 303,
        "top": 281,
        "width": 5,
        "height": 1
      },
      "confidence": 57
    },
    {
      "text": "Persist",
      "x": 490,
      "y": 280,
      "bounds": {
        "left": 464,
        "top": 275,
        "width": 52,
        "height": 10
      },
      "confidence": 96
    },
    {
      "text": "critical",
      "x": 555,
      "y": 280,
      "bounds": {
        "left": 525,
        "top": 275,
        "width": 60,
        "height": 10
      },
      "confidence": 96
    },
    {
      "text": "insights",
      "x": 625,
      "y": 281,
      "bounds": {
        "left": 595,
        "top": 275,
        "width": 60,
        "height": 13
      },
      "confidence": 96
    },
    {
      "text": "or",
      "x": 671,
      "y": 281,
      "bounds": {
        "left": 664,
        "top": 278,
        "width": 14,
        "height": 7
      },
      "confidence": 96
    },
    {
      "text": "global",
      "x": 709,
      "y": 281,
      "bounds": {
        "left": 687,
        "top": 275,
        "width": 45,
        "height": 13
      },
      "confidence": 96
    },
    {
      "text": "setting",
      "x": 766,
      "y": 281,
      "bounds": {
        "left": 741,
        "top": 275,
        "width": 51,
        "height": 13
      },
      "confidence": 86
    },
    {
      "text": "Fetch",
      "x": 1744,
      "y": 280,
      "bounds": {
        "left": 1731,
        "top": 265,
        "width": 27,
        "height": 31
      },
      "confidence": 52
    },
    {
      "text": "or",
      "x": 1839,
      "y": 280,
      "bounds": {
        "left": 1832,
        "top": 265,
        "width": 14,
        "height": 31
      },
      "confidence": 58
    },
    {
      "text": "A",
      "x": 21,
      "y": 308,
      "bounds": {
        "left": 14,
        "top": 300,
        "width": 14,
        "height": 16
      },
      "confidence": 55
    },
    {
      "text": ">",
      "x": 61,
      "y": 301,
      "bounds": {
        "left": 58,
        "top": 296,
        "width": 6,
        "height": 10
      },
      "confidence": 55
    },
    {
      "text": "\u00a9",
      "x": 76,
      "y": 304,
      "bounds": {
        "left": 72,
        "top": 289,
        "width": 8,
        "height": 31
      },
      "confidence": 82
    },
    {
      "text": "test.workspace",
      "x": 137,
      "y": 302,
      "bounds": {
        "left": 94,
        "top": 296,
        "width": 87,
        "height": 13
      },
      "confidence": 85
    },
    {
      "text": "</tool_manifesto>",
      "x": 367,
      "y": 300,
      "bounds": {
        "left": 302,
        "top": 294,
        "width": 130,
        "height": 13
      },
      "confidence": 85
    },
    {
      "text": "findings",
      "x": 1642,
      "y": 307,
      "bounds": {
        "left": 1568,
        "top": 301,
        "width": 148,
        "height": 13
      },
      "confidence": 90
    },
    {
      "text": "from",
      "x": 1630,
      "y": 307,
      "bounds": {
        "left": 1618,
        "top": 295,
        "width": 24,
        "height": 24
      },
      "confidence": 96
    },
    {
      "text": "the",
      "x": 1656,
      "y": 307,
      "bounds": {
        "left": 1648,
        "top": 295,
        "width": 16,
        "height": 24
      },
      "confidence": 96
    },
    {
      "text": "last",
      "x": 1681,
      "y": 307,
      "bounds": {
        "left": 1670,
        "top": 295,
        "width": 22,
        "height": 24
      },
      "confidence": 93
    },
    {
      "text": "$X$",
      "x": 1707,
      "y": 307,
      "bounds": {
        "left": 1698,
        "top": 295,
        "width": 18,
        "height": 24
      },
      "confidence": 82
    },
    {
      "text": "hours.",
      "x": 1737,
      "y": 306,
      "bounds": {
        "left": 1720,
        "top": 301,
        "width": 35,
        "height": 10
      },
      "confidence": 96
    },
    {
      "text": ">",
      "x": 61,
      "y": 323,
      "bounds": {
        "left": 58,
        "top": 318,
        "width": 6,
        "height": 10
      },
      "confidence": 90
    },
    {
      "text": "\u00a9",
      "x": 75,
      "y": 323,
      "bounds": {
        "left": 71,
        "top": 308,
        "width": 8,
        "height": 30
      },
      "confidence": 90
    },
    {
      "text": "tradio",
      "x": 111,
      "y": 323,
      "bounds": {
        "left": 94,
        "top": 318,
        "width": 34,
        "height": 10
      },
      "confidence": 74
    },
    {
      "text": "51",
      "x": 267,
      "y": 337,
      "bounds": {
        "left": 261,
        "top": 333,
        "width": 13,
        "height": 9
      },
      "confidence": 61
    },
    {
      "text": "<critical_reminders>",
      "x": 378,
      "y": 337,
      "bounds": {
        "left": 302,
        "top": 332,
        "width": 153,
        "height": 10
      },
      "confidence": 78
    },
    {
      "text": "\u00a9",
      "x": 80,
      "y": 345,
      "bounds": {
        "left": 75,
        "top": 339,
        "width": 10,
        "height": 12
      },
      "confidence": 41
    },
    {
      "text": "52",
      "x": 267,
      "y": 356,
      "bounds": {
        "left": 261,
        "top": 352,
        "width": 13,
        "height": 9
      },
      "confidence": 55
    },
    {
      "text": "-",
      "x": 305,
      "y": 357,
      "bounds": {
        "left": 303,
        "top": 357,
        "width": 5,
        "height": 1
      },
      "confidence": 77
    },
    {
      "text": "**Financial",
      "x": 359,
      "y": 356,
      "bounds": {
        "left": 318,
        "top": 351,
        "width": 83,
        "height": 10
      },
      "confidence": 80
    },
    {
      "text": "Disclosure**:",
      "x": 458,
      "y": 356,
      "bounds": {
        "left": 410,
        "top": 351,
        "width": 97,
        "height": 10
      },
      "confidence": 89
    },
    {
      "text": "Always",
      "x": 539,
      "y": 357,
      "bounds": {
        "left": 517,
        "top": 351,
        "width": 45,
        "height": 13
      },
      "confidence": 94
    },
    {
      "text": "specify",
      "x": 598,
      "y": 357,
      "bounds": {
        "left": 572,
        "top": 351,
        "width": 52,
        "height": 13
      },
      "confidence": 94
    },
    {
      "text": "that",
      "x": 647,
      "y": 356,
      "bounds": {
        "left": 633,
        "top": 351,
        "width": 29,
        "height": 10
      },
      "confidence": 96
    },
    {
      "text": "your",
      "x": 686,
      "y": 359,
      "bounds": {
        "left": 671,
        "top": 354,
        "width": 30,
        "height": 10
      },
      "confidence": 96
    },
    {
      "text": "analysis",
      "x": 740,
      "y": 357,
      "bounds": {
        "left": 710,
        "top": 351,
        "width": 60,
        "height": 13
      },
      "confidence": 96
    },
    {
      "text": "is",
      "x": 786,
      "y": 356,
      "bounds": {
        "left": 780,
        "top": 351,
        "width": 12,
        "height": 10
      },
      "confidence": 94
    },
    {
      "text": "a",
      "x": 195,
      "y": 371,
      "bounds": {
        "left": 193,
        "top": 370,
        "width": 5,
        "height": 2
      },
      "confidence": 44
    },
    {
      "text": "52",
      "x": 267,
      "y": 375,
      "bounds": {
        "left": 261,
        "top": 371,
        "width": 13,
        "height": 9
      },
      "confidence": 71
    },
    {
      "text": "-",
      "x": 305,
      "y": 376,
      "bounds": {
        "left": 303,
        "top": 376,
        "width": 5,
        "height": 1
      },
      "confidence": 59
    },
    {
      "text": "**Error",
      "x": 344,
      "y": 375,
      "bounds": {
        "left": 318,
        "top": 370,
        "width": 52,
        "height": 10
      },
      "confidence": 67
    },
    {
      "text": "Handling**:",
      "x": 419,
      "y": 376,
      "bounds": {
        "left": 379,
        "top": 370,
        "width": 81,
        "height": 13
      },
      "confidence": 91
    },
    {
      "text": "If",
      "x": 479,
      "y": 375,
      "bounds": {
        "left": 472,
        "top": 370,
        "width": 14,
        "height": 10
      },
      "confidence": 96
    },
    {
      "text": "a",
      "x": 498,
      "y": 376,
      "bounds": {
        "left": 495,
        "top": 373,
        "width": 6,
        "height": 7
      },
      "confidence": 91
    },
    {
      "text": "ticker",
      "x": 532,
      "y": 375,
      "bounds": {
        "left": 509,
        "top": 370,
        "width": 46,
        "height": 10
      },
      "confidence": 91
    },
    {
      "text": "is",
      "x": 571,
      "y": 375,
      "bounds": {
        "left": 564,
        "top": 370,
        "width": 14,
        "height": 10
      },
      "confidence": 95
    },
    {
      "text": "invalid",
      "x": 613,
      "y": 375,
      "bounds": {
        "left": 587,
        "top": 370,
        "width": 52,
        "height": 10
      },
      "confidence": 96
    },
    {
      "text": "or",
      "x": 655,
      "y": 376,
      "bounds": {
        "left": 648,
        "top": 373,
        "width": 15,
        "height": 7
      },
      "confidence": 96
    },
    {
      "text": "data",
      "x": 686,
      "y": 375,
      "bounds": {
        "left": 671,
        "top": 370,
        "width": 30,
        "height": 10
      },
      "confidence": 96
    },
    {
      "text": "is",
      "x": 717,
      "y": 375,
      "bounds": {
        "left": 710,
        "top": 370,
        "width": 14,
        "height": 10
      },
      "confidence": 96
    },
    {
      "text": "missing,",
      "x": 762,
      "y": 376,
      "bounds": {
        "left": 733,
        "top": 370,
        "width": 58,
        "height": 13
      },
      "confidence": 96
    },
    {
      "text": "54",
      "x": 267,
      "y": 394,
      "bounds": {
        "left": 261,
        "top": 390,
        "width": 13,
        "height": 9
      },
      "confidence": 63
    },
    {
      "text": "-",
      "x": 305,
      "y": 395,
      "bounds": {
        "left": 303,
        "top": 395,
        "width": 5,
        "height": 1
      },
      "confidence": 65
    },
    {
      "text": "**Visualization**:",
      "x": 385,
      "y": 394,
      "bounds": {
        "left": 318,
        "top": 389,
        "width": 135,
        "height": 10
      },
      "confidence": 74
    },
    {
      "text": "Interactive",
      "x": 505,
      "y": 394,
      "bounds": {
        "left": 464,
        "top": 389,
        "width": 83,
        "height": 10
      },
      "confidence": 96
    },
    {
      "text": "charts",
      "x": 578,
      "y": 394,
      "bounds": {
        "left": 556,
        "top": 389,
        "width": 45,
        "height": 10
      },
      "confidence": 96
    },
    {
      "text": "are",
      "x": 621,
      "y": 395,
      "bounds": {
        "left": 610,
        "top": 392,
        "width": 22,
        "height": 7
      },
      "confidence": 96
    },
    {
      "text": "high-value.",
      "x": 681,
      "y": 395,
      "bounds": {
        "left": 641,
        "top": 389,
        "width": 81,
        "height": 13
      },
      "confidence": 96
    },
    {
      "text": "Always",
      "x": 755,
      "y": 395,
      "bounds": {
        "left": 732,
        "top": 389,
        "width": 46,
        "height": 13
      },
      "confidence": 96
    },
    {
      "text": "5",
      "x": 789,
      "y": 397,
      "bounds": {
        "left": 787,
        "top": 392,
        "width": 5,
        "height": 10
      },
      "confidence": 39
    },
    {
      "text": "55",
      "x": 267,
      "y": 413,
      "bounds": {
        "left": 261,
        "top": 409,
        "width": 13,
        "height": 9
      },
      "confidence": 48
    },
    {
      "text": "</critical_reminders>\"\"\"",
      "x": 393,
      "y": 414,
      "bounds": {
        "left": 302,
        "top": 408,
        "width": 183,
        "height": 13
      },
      "confidence": 81
    },
    {
      "text": "Implementation",
      "x": 1593,
      "y": 413,
      "bounds": {
        "left": 1542,
        "top": 401,
        "width": 102,
        "height": 24
      },
      "confidence": 90
    },
    {
      "text": "Phasing",
      "x": 1677,
      "y": 413,
      "bounds": {
        "left": 1652,
        "top": 401,
        "width": 50,
        "height": 24
      },
      "confidence": 96
    },
    {
      "text": "56",
      "x": 267,
      "y": 432,
      "bounds": {
        "left": 261,
        "top": 428,
        "width": 13,
        "height": 9
      },
      "confidence": 95
    },
    {
      "text": "Phase",
      "x": 1569,
      "y": 444,
      "bounds": {
        "left": 1551,
        "top": 439,
        "width": 36,
        "height": 10
      },
      "confidence": 78
    },
    {
      "text": "Milestone",
      "x": 1637,
      "y": 444,
      "bounds": {
        "left": 1606,
        "top": 439,
        "width": 62,
        "height": 10
      },
      "confidence": 78
    },
    {
      "text": "Description",
      "x": 1728,
      "y": 445,
      "bounds": {
        "left": 1692,
        "top": 439,
        "width": 72,
        "height": 13
      },
      "confidence": 34
    },
    {
      "text": "indows",
      "x": 749,
      "y": 472,
      "bounds": {
        "left": 739,
        "top": 468,
        "width": 21,
        "height": 9
      },
      "confidence": 80
    },
    {
      "text": "cannot",
      "x": 798,
      "y": 473,
      "bounds": {
        "left": 782,
        "top": 469,
        "width": 33,
        "height": 8
      },
      "confidence": 85
    },
    {
      "text": "find",
      "x": 829,
      "y": 472,
      "bounds": {
        "left": 820,
        "top": 457,
        "width": 18,
        "height": 30
      },
      "confidence": 95
    },
    {
      "text": "spotify\u2019.",
      "x": 861,
      "y": 474,
      "bounds": {
        "left": 847,
        "top": 469,
        "width": 28,
        "height": 11
      },
      "confidence": 69
    },
    {
      "text": "Make",
      "x": 907,
      "y": 472,
      "bounds": {
        "left": 897,
        "top": 468,
        "width": 21,
        "height": 9
      },
      "confidence": 95
    },
    {
      "text": "sure",
      "x": 933,
      "y": 474,
      "bounds": {
        "left": 924,
        "top": 471,
        "width": 19,
        "height": 6
      },
      "confidence": 96
    },
    {
      "text": "you",
      "x": 964,
      "y": 473,
      "bounds": {
        "left": 955,
        "top": 469,
        "width": 19,
        "height": 8
      },
      "confidence": 90
    },
    {
      "text": "typed",
      "x": 985,
      "y": 472,
      "bounds": {
        "left": 972,
        "top": 457,
        "width": 26,
        "height": 30
      },
      "confidence": 96
    },
    {
      "text": "the",
      "x": 1012,
      "y": 472,
      "bounds": {
        "left": 1005,
        "top": 468,
        "width": 15,
        "height": 9
      },
      "confidence": 93
    },
    {
      "text": "and",
      "x": 1119,
      "y": 472,
      "bounds": {
        "left": 1111,
        "top": 457,
        "width": 16,
        "height": 30
      },
      "confidence": 96
    },
    {
      "text": "then",
      "x": 1141,
      "y": 472,
      "bounds": {
        "left": 1132,
        "top": 468,
        "width": 19,
        "height": 9
      },
      "confidence": 96
    },
    {
      "text": "try",
      "x": 1165,
      "y": 472,
      "bounds": {
        "left": 1159,
        "top": 457,
        "width": 13,
        "height": 30
      },
      "confidence": 96
    },
    {
      "text": "again.",
      "x": 1191,
      "y": 475,
      "bounds": {
        "left": 1178,
        "top": 471,
        "width": 26,
        "height": 9
      },
      "confidence": 82
    },
    {
      "text": "Phase",
      "x": 1566,
      "y": 472,
      "bounds": {
        "left": 1550,
        "top": 468,
        "width": 32,
        "height": 9
      },
      "confidence": 69
    },
    {
      "text": "ThePulse",
      "x": 1631,
      "y": 472,
      "bounds": {
        "left": 1605,
        "top": 468,
        "width": 53,
        "height": 9
      },
      "confidence": 45
    },
    {
      "text": "src/monitoring/engine.",
      "x": 1805,
      "y": 474,
      "bounds": {
        "left": 1734,
        "top": 470,
        "width": 143,
        "height": 9
      },
      "confidence": 39
    },
    {
      "text": "1",
      "x": 1552,
      "y": 490,
      "bounds": {
        "left": 1550,
        "top": 486,
        "width": 4,
        "height": 9
      },
      "confidence": 95
    },
    {
      "text": "Core",
      "x": 1618,
      "y": 490,
      "bounds": {
        "left": 1601,
        "top": 476,
        "width": 34,
        "height": 29
      },
      "confidence": 93
    },
    {
      "text": "ee",
      "x": 1828,
      "y": 494,
      "bounds": {
        "left": 1795,
        "top": 491,
        "width": 66,
        "height": 7
      },
      "confidence": 36
    },
    {
      "text": "Problems",
      "x": 279,
      "y": 511,
      "bounds": {
        "left": 254,
        "top": 507,
        "width": 50,
        "height": 9
      },
      "confidence": 96
    },
    {
      "text": "Output",
      "x": 347,
      "y": 513,
      "bounds": {
        "left": 328,
        "top": 507,
        "width": 39,
        "height": 12
      },
      "confidence": 73
    },
    {
      "text": "Debug",
      "x": 409,
      "y": 513,
      "bounds": {
        "left": 392,
        "top": 507,
        "width": 35,
        "height": 12
      },
      "confidence": 45
    },
    {
      "text": "Console",
      "x": 452,
      "y": 511,
      "bounds": {
        "left": 431,
        "top": 507,
        "width": 43,
        "height": 9
      },
      "confidence": 45
    },
    {
      "text": "Ports",
      "x": 583,
      "y": 511,
      "bounds": {
        "left": 570,
        "top": 507,
        "width": 27,
        "height": 9
      },
      "confidence": 78
    },
    {
      "text": "+e",
      "x": 1403,
      "y": 511,
      "bounds": {
        "left": 1389,
        "top": 505,
        "width": 28,
        "height": 13
      },
      "confidence": 49
    },
    {
      "text": "[OPENAT]",
      "x": 316,
      "y": 543,
      "bounds": {
        "left": 290,
        "top": 537,
        "width": 53,
        "height": 13
      },
      "confidence": 61
    },
    {
      "text": "TOOL",
      "x": 365,
      "y": 542,
      "bounds": {
        "left": 351,
        "top": 538,
        "width": 28,
        "height": 9
      },
      "confidence": 95
    },
    {
      "text": "CALL:",
      "x": 402,
      "y": 542,
      "bounds": {
        "left": 386,
        "top": 538,
        "width": 33,
        "height": 9
      },
      "confidence": 92
    },
    {
      "text": "click",
      "x": 446,
      "y": 542,
      "bounds": {
        "left": 428,
        "top": 537,
        "width": 36,
        "height": 10
      },
      "confidence": 92
    },
    {
      "text": "1",
      "x": 1433,
      "y": 541,
      "bounds": {
        "left": 1431,
        "top": 536,
        "width": 4,
        "height": 11
      },
      "confidence": 51
    },
    {
      "text": "Phase",
      "x": 1566,
      "y": 540,
      "bounds": {
        "left": 1550,
        "top": 536,
        "width": 32,
        "height": 9
      },
      "confidence": 75
    },
    {
      "text": "|",
      "x": 1597,
      "y": 540,
      "bounds": {
        "left": 1594,
        "top": 526,
        "width": 6,
        "height": 29
      },
      "confidence": 63
    },
    {
      "text": "ETF",
      "x": 1615,
      "y": 540,
      "bounds": {
        "left": 1606,
        "top": 536,
        "width": 19,
        "height": 9
      },
      "confidence": 77
    },
    {
      "text": "Implement",
      "x": 1720,
      "y": 542,
      "bounds": {
        "left": 1692,
        "top": 536,
        "width": 57,
        "height": 12
      },
      "confidence": 92
    },
    {
      "text": "{\"x\":",
      "x": 346,
      "y": 560,
      "bounds": {
        "left": 330,
        "top": 554,
        "width": 33,
        "height": 13
      },
      "confidence": 82
    },
    {
      "text": "1240,",
      "x": 389,
      "y": 560,
      "bounds": {
        "left": 372,
        "top": 555,
        "width": 34,
        "height": 11
      },
      "confidence": 93
    },
    {
      "text": "\u201cy\":",
      "x": 427,
      "y": 560,
      "bounds": {
        "left": 415,
        "top": 554,
        "width": 25,
        "height": 13
      },
      "confidence": 63
    },
    {
      "text": "651}",
      "x": 463,
      "y": 560,
      "bounds": {
        "left": 449,
        "top": 554,
        "width": 28,
        "height": 13
      },
      "confidence": 93
    },
    {
      "text": "2",
      "x": 1553,
      "y": 558,
      "bounds": {
        "left": 1550,
        "top": 554,
        "width": 6,
        "height": 9
      },
      "confidence": 96
    },
    {
      "text": "Resolution",
      "x": 1634,
      "y": 558,
      "bounds": {
        "left": 1606,
        "top": 554,
        "width": 57,
        "height": 9
      },
      "confidence": 88
    },
    {
      "text": "to",
      "x": 1730,
      "y": 558,
      "bounds": {
        "left": 1725,
        "top": 544,
        "width": 10,
        "height": 29
      },
      "confidence": 95
    },
    {
      "text": "auto-populate",
      "x": 1788,
      "y": 563,
      "bounds": {
        "left": 1740,
        "top": 557,
        "width": 96,
        "height": 12
      },
      "confidence": 91
    },
    {
      "text": "the",
      "x": 1829,
      "y": 558,
      "bounds": {
        "left": 1819,
        "top": 544,
        "width": 20,
        "height": 29
      },
      "confidence": 96
    },
    {
      "text": "{\"success\":",
      "x": 403,
      "y": 577,
      "bounds": {
        "left": 372,
        "top": 571,
        "width": 63,
        "height": 13
      },
      "confidence": 71
    },
    {
      "text": "\u201cTrue\u201d,",
      "x": 480,
      "y": 577,
      "bounds": {
        "left": 457,
        "top": 571,
        "width": 47,
        "height": 12
      },
      "confidence": 46
    },
    {
      "text": "\u201cclicked\u201d:",
      "x": 544,
      "y": 576,
      "bounds": {
        "left": 513,
        "top": 571,
        "width": 62,
        "height": 10
      },
      "confidence": 43
    },
    {
      "text": "\"(1240,",
      "x": 613,
      "y": 577,
      "bounds": {
        "left": 590,
        "top": 571,
        "width": 47,
        "height": 13
      },
      "confidence": 38
    },
    {
      "text": "651)\"}",
      "x": 666,
      "y": 577,
      "bounds": {
        "left": 645,
        "top": 571,
        "width": 42,
        "height": 13
      },
      "confidence": 90
    },
    {
      "text": "(264ms)",
      "x": 718,
      "y": 577,
      "bounds": {
        "left": 695,
        "top": 571,
        "width": 47,
        "height": 13
      },
      "confidence": 92
    },
    {
      "text": "|",
      "x": 1445,
      "y": 583,
      "bounds": {
        "left": 1445,
        "top": 572,
        "width": 1,
        "height": 22
      },
      "confidence": 96
    },
    {
      "text": "monitor",
      "x": 1710,
      "y": 582,
      "bounds": {
        "left": 1688,
        "top": 570,
        "width": 44,
        "height": 24
      },
      "confidence": 71
    },
    {
      "text": "list",
      "x": 1745,
      "y": 582,
      "bounds": {
        "left": 1738,
        "top": 570,
        "width": 14,
        "height": 24
      },
      "confidence": 96
    },
    {
      "text": "from",
      "x": 1769,
      "y": 582,
      "bounds": {
        "left": 1758,
        "top": 570,
        "width": 22,
        "height": 24
      },
      "confidence": 93
    },
    {
      "text": "CSV/Web",
      "x": 1824,
      "y": 582,
      "bounds": {
        "left": 1784,
        "top": 577,
        "width": 80,
        "height": 10
      },
      "confidence": 90
    },
    {
      "text": "links.",
      "x": 1852,
      "y": 582,
      "bounds": {
        "left": 1836,
        "top": 570,
        "width": 32,
        "height": 24
      },
      "confidence": 94
    },
    {
      "text": "2026-02-14",
      "x": 288,
      "y": 593,
      "bounds": {
        "left": 253,
        "top": 589,
        "width": 71,
        "height": 9
      },
      "confidence": 47
    },
    {
      "text": "21:28:32,279",
      "x": 372,
      "y": 594,
      "bounds": {
        "left": 330,
        "top": 589,
        "width": 84,
        "height": 11
      },
      "confidence": 93
    },
    {
      "text": "-",
      "x": 425,
      "y": 594,
      "bounds": {
        "left": 422,
        "top": 594,
        "width": 6,
        "height": 1
      },
      "confidence": 46
    },
    {
      "text": "httpx",
      "x": 453,
      "y": 594,
      "bounds": {
        "left": 436,
        "top": 588,
        "width": 35,
        "height": 13
      },
      "confidence": 87
    },
    {
      "text": "-",
      "x": 481,
      "y": 594,
      "bounds": {
        "left": 478,
        "top": 594,
        "width": 6,
        "height": 1
      },
      "confidence": 91
    },
    {
      "text": "INFO",
      "x": 506,
      "y": 593,
      "bounds": {
        "left": 492,
        "top": 589,
        "width": 28,
        "height": 9
      },
      "confidence": 93
    },
    {
      "text": "-",
      "x": 530,
      "y": 594,
      "bounds": {
        "left": 527,
        "top": 594,
        "width": 6,
        "height": 1
      },
      "confidence": 84
    },
    {
      "text": "HTTP",
      "x": 554,
      "y": 593,
      "bounds": {
        "left": 540,
        "top": 589,
        "width": 29,
        "height": 9
      },
      "confidence": 92
    },
    {
      "text": "Request:",
      "x": 602,
      "y": 595,
      "bounds": {
        "left": 576,
        "top": 589,
        "width": 53,
        "height": 12
      },
      "confidence": 96
    },
    {
      "text": "POST",
      "x": 652,
      "y": 593,
      "bounds": {
        "left": 638,
        "top": 589,
        "width": 29,
        "height": 9
      },
      "confidence": 96
    },
    {
      "text": "https:",
      "x": 693,
      "y": 593,
      "bounds": {
        "left": 674,
        "top": 578,
        "width": 39,
        "height": 30
      },
      "confidence": 51
    },
    {
      "text": "//api.openai.com/vi/chat/completions",
      "x": 841,
      "y": 594,
      "bounds": {
        "left": 715,
        "top": 588,
        "width": 252,
        "height": 13
      },
      "confidence": 38
    },
    {
      "text": "\u201cHITP/1.1",
      "x": 1006,
      "y": 593,
      "bounds": {
        "left": 975,
        "top": 588,
        "width": 62,
        "height": 11
      },
      "confidence": 35
    },
    {
      "text": "200",
      "x": 1055,
      "y": 593,
      "bounds": {
        "left": 1044,
        "top": 589,
        "width": 22,
        "height": 9
      },
      "confidence": 88
    },
    {
      "text": "Ok\u201d",
      "x": 1082,
      "y": 593,
      "bounds": {
        "left": 1072,
        "top": 588,
        "width": 21,
        "height": 10
      },
      "confidence": 67
    },
    {
      "text": "[OPENAT]",
      "x": 316,
      "y": 611,
      "bounds": {
        "left": 290,
        "top": 605,
        "width": 53,
        "height": 13
      },
      "confidence": 37
    },
    {
      "text": "TOOL",
      "x": 365,
      "y": 610,
      "bounds": {
        "left": 351,
        "top": 606,
        "width": 28,
        "height": 9
      },
      "confidence": 96
    },
    {
      "text": "CALL:",
      "x": 402,
      "y": 610,
      "bounds": {
        "left": 386,
        "top": 606,
        "width": 33,
        "height": 9
      },
      "confidence": 96
    },
    {
      "text": "press",
      "x": 445,
      "y": 610,
      "bounds": {
        "left": 428,
        "top": 595,
        "width": 35,
        "height": 30
      },
      "confidence": 75
    },
    {
      "text": "key",
      "x": 483,
      "y": 610,
      "bounds": {
        "left": 471,
        "top": 595,
        "width": 25,
        "height": 30
      },
      "confidence": 75
    },
    {
      "text": "Phase",
      "x": 1566,
      "y": 608,
      "bounds": {
        "left": 1550,
        "top": 604,
        "width": 32,
        "height": 9
      },
      "confidence": 90
    },
    {
      "text": "Neural",
      "x": 1619,
      "y": 608,
      "bounds": {
        "left": 1598,
        "top": 593,
        "width": 43,
        "height": 30
      },
      "confidence": 50
    },
    {
      "text": "Filter",
      "x": 1661,
      "y": 608,
      "bounds": {
        "left": 1646,
        "top": 593,
        "width": 30,
        "height": 30
      },
      "confidence": 50
    },
    {
      "text": "_",
      "x": 1683,
      "y": 608,
      "bounds": {
        "left": 1681,
        "top": 593,
        "width": 5,
        "height": 30
      },
      "confidence": 53
    },
    {
      "text": "Integrate",
      "x": 1765,
      "y": 610,
      "bounds": {
        "left": 1692,
        "top": 604,
        "width": 147,
        "height": 12
      },
      "confidence": 57
    },
    {
      "text": "a",
      "x": 1746,
      "y": 608,
      "bounds": {
        "left": 1743,
        "top": 593,
        "width": 6,
        "height": 30
      },
      "confidence": 83
    },
    {
      "text": "\u201cSentinel",
      "x": 1777,
      "y": 610,
      "bounds": {
        "left": 1753,
        "top": 604,
        "width": 48,
        "height": 12
      },
      "confidence": 82
    },
    {
      "text": "Agent\u201d",
      "x": 1823,
      "y": 608,
      "bounds": {
        "left": 1806,
        "top": 593,
        "width": 35,
        "height": 30
      },
      "confidence": 77
    },
    {
      "text": "\u2018args:",
      "x": 304,
      "y": 629,
      "bounds": {
        "left": 288,
        "top": 623,
        "width": 33,
        "height": 12
      },
      "confidence": 67
    },
    {
      "text": "{\"key\":",
      "x": 351,
      "y": 628,
      "bounds": {
        "left": 330,
        "top": 622,
        "width": 42,
        "height": 13
      },
      "confidence": 68
    },
    {
      "text": "\u201cescape\"}",
      "x": 418,
      "y": 628,
      "bounds": {
        "left": 387,
        "top": 622,
        "width": 62,
        "height": 13
      },
      "confidence": 37
    },
    {
      "text": "3",
      "x": 1553,
      "y": 626,
      "bounds": {
        "left": 1550,
        "top": 622,
        "width": 6,
        "height": 9
      },
      "confidence": 96
    },
    {
      "text": "(background",
      "x": 1778,
      "y": 628,
      "bounds": {
        "left": 1692,
        "top": 622,
        "width": 172,
        "height": 12
      },
      "confidence": 88
    },
    {
      "text": "LLM)",
      "x": 1775,
      "y": 627,
      "bounds": {
        "left": 1765,
        "top": 612,
        "width": 21,
        "height": 30
      },
      "confidence": 93
    },
    {
      "text": "to",
      "x": 1797,
      "y": 627,
      "bounds": {
        "left": 1793,
        "top": 612,
        "width": 8,
        "height": 30
      },
      "confidence": 96
    },
    {
      "text": "score",
      "x": 1819,
      "y": 627,
      "bounds": {
        "left": 1805,
        "top": 612,
        "width": 28,
        "height": 30
      },
      "confidence": 96
    },
    {
      "text": "news",
      "x": 1854,
      "y": 627,
      "bounds": {
        "left": 1840,
        "top": 612,
        "width": 28,
        "height": 30
      },
      "confidence": 79
    },
    {
      "text": "{\"success\":",
      "x": 409,
      "y": 645,
      "bounds": {
        "left": 372,
        "top": 639,
        "width": 75,
        "height": 13
      },
      "confidence": 55
    },
    {
      "text": "\u201cTrue\u201d,",
      "x": 480,
      "y": 645,
      "bounds": {
        "left": 457,
        "top": 639,
        "width": 47,
        "height": 12
      },
      "confidence": 68
    },
    {
      "text": "\u201cpressed\u201d:",
      "x": 546,
      "y": 645,
      "bounds": {
        "left": 513,
        "top": 639,
        "width": 67,
        "height": 13
      },
      "confidence": 70
    },
    {
      "text": "\u201cescape\"}",
      "x": 621,
      "y": 645,
      "bounds": {
        "left": 590,
        "top": 639,
        "width": 62,
        "height": 13
      },
      "confidence": 55
    },
    {
      "text": "headlines",
      "x": 1755,
      "y": 646,
      "bounds": {
        "left": 1692,
        "top": 640,
        "width": 126,
        "height": 12
      },
      "confidence": 80
    },
    {
      "text": "as",
      "x": 1750,
      "y": 644,
      "bounds": {
        "left": 1745,
        "top": 629,
        "width": 11,
        "height": 30
      },
      "confidence": 94
    },
    {
      "text": "they",
      "x": 1770,
      "y": 644,
      "bounds": {
        "left": 1760,
        "top": 629,
        "width": 21,
        "height": 30
      },
      "confidence": 94
    },
    {
      "text": "arrive.",
      "x": 1801,
      "y": 646,
      "bounds": {
        "left": 1785,
        "top": 640,
        "width": 33,
        "height": 12
      },
      "confidence": 77
    },
    {
      "text": "2026-02-14",
      "x": 286,
      "y": 661,
      "bounds": {
        "left": 249,
        "top": 646,
        "width": 75,
        "height": 30
      },
      "confidence": 63
    },
    {
      "text": "21:28:35,564",
      "x": 393,
      "y": 662,
      "bounds": {
        "left": 331,
        "top": 656,
        "width": 125,
        "height": 12
      },
      "confidence": 91
    },
    {
      "text": "-",
      "x": 425,
      "y": 661,
      "bounds": {
        "left": 421,
        "top": 646,
        "width": 8,
        "height": 30
      },
      "confidence": 70
    },
    {
      "text": "httpx",
      "x": 446,
      "y": 662,
      "bounds": {
        "left": 436,
        "top": 656,
        "width": 20,
        "height": 12
      },
      "confidence": 78
    },
    {
      "text": "-",
      "x": 481,
      "y": 662,
      "bounds": {
        "left": 479,
        "top": 662,
        "width": 5,
        "height": 1
      },
      "confidence": 90
    },
    {
      "text": "INFO",
      "x": 530,
      "y": 661,
      "bounds": {
        "left": 492,
        "top": 657,
        "width": 77,
        "height": 9
      },
      "confidence": 93
    },
    {
      "text": "-",
      "x": 530,
      "y": 661,
      "bounds": {
        "left": 526,
        "top": 646,
        "width": 8,
        "height": 30
      },
      "confidence": 83
    },
    {
      "text": "HTTP",
      "x": 555,
      "y": 661,
      "bounds": {
        "left": 541,
        "top": 657,
        "width": 28,
        "height": 9
      },
      "confidence": 91
    },
    {
      "text": "Request:",
      "x": 602,
      "y": 661,
      "bounds": {
        "left": 576,
        "top": 646,
        "width": 53,
        "height": 30
      },
      "confidence": 93
    },
    {
      "text": "POST",
      "x": 653,
      "y": 661,
      "bounds": {
        "left": 639,
        "top": 646,
        "width": 28,
        "height": 30
      },
      "confidence": 96
    },
    {
      "text": "https:",
      "x": 711,
      "y": 662,
      "bounds": {
        "left": 710,
        "top": 659,
        "width": 3,
        "height": 7
      },
      "confidence": 81
    },
    {
      "text": "//api-openai.",
      "x": 774,
      "y": 661,
      "bounds": {
        "left": 745,
        "top": 656,
        "width": 59,
        "height": 10
      },
      "confidence": 46
    },
    {
      "text": "\u201cHTTP/1.1",
      "x": 1034,
      "y": 661,
      "bounds": {
        "left": 975,
        "top": 656,
        "width": 118,
        "height": 10
      },
      "confidence": 67
    },
    {
      "text": "200",
      "x": 1055,
      "y": 661,
      "bounds": {
        "left": 1045,
        "top": 646,
        "width": 20,
        "height": 30
      },
      "confidence": 61
    },
    {
      "text": "OK\u201d",
      "x": 1083,
      "y": 661,
      "bounds": {
        "left": 1072,
        "top": 646,
        "width": 23,
        "height": 30
      },
      "confidence": 59
    },
    {
      "text": "=",
      "x": 422,
      "y": 678,
      "bounds": {
        "left": 422,
        "top": 674,
        "width": 1,
        "height": 9
      },
      "confidence": 31
    },
    {
      "text": "Reque:",
      "x": 592,
      "y": 661,
      "bounds": {
        "left": 572,
        "top": 646,
        "width": 40,
        "height": 30
      },
      "confidence": 62
    },
    {
      "text": "\u201cHIP/:",
      "x": 1012,
      "y": 661,
      "bounds": {
        "left": 1009,
        "top": 656,
        "width": 7,
        "height": 11
      },
      "confidence": 38
    },
    {
      "text": "\u2018Add",
      "x": 1722,
      "y": 671,
      "bounds": {
        "left": 1692,
        "top": 667,
        "width": 60,
        "height": 9
      },
      "confidence": 63
    },
    {
      "text": "a",
      "x": 1719,
      "y": 663,
      "bounds": {
        "left": 1718,
        "top": 647,
        "width": 3,
        "height": 33
      },
      "confidence": 75
    },
    {
      "text": "\u201cLive",
      "x": 1739,
      "y": 671,
      "bounds": {
        "left": 1726,
        "top": 667,
        "width": 26,
        "height": 9
      },
      "confidence": 69
    },
    {
      "text": "Events!",
      "x": 1774,
      "y": 671,
      "bounds": {
        "left": 1756,
        "top": 667,
        "width": 37,
        "height": 9
      },
      "confidence": 49
    },
    {
      "text": "sidebar",
      "x": 1834,
      "y": 671,
      "bounds": {
        "left": 1797,
        "top": 667,
        "width": 74,
        "height": 9
      },
      "confidence": 70
    },
    {
      "text": "to",
      "x": 1845,
      "y": 663,
      "bounds": {
        "left": 1839,
        "top": 647,
        "width": 12,
        "height": 33
      },
      "confidence": 82
    },
    {
      "text": "the",
      "x": 1864,
      "y": 663,
      "bounds": {
        "left": 1853,
        "top": 647,
        "width": 22,
        "height": 33
      },
      "confidence": 90
    },
    {
      "text": "args:",
      "x": 304,
      "y": 697,
      "bounds": {
        "left": 288,
        "top": 691,
        "width": 33,
        "height": 12
      },
      "confidence": 59
    },
    {
      "text": "{\"seconds\":",
      "x": 361,
      "y": 696,
      "bounds": {
        "left": 330,
        "top": 690,
        "width": 63,
        "height": 13
      },
      "confidence": 77
    },
    {
      "text": "@.5}",
      "x": 428,
      "y": 696,
      "bounds": {
        "left": 414,
        "top": 690,
        "width": 28,
        "height": 13
      },
      "confidence": 51
    },
    {
      "text": "4",
      "x": 1553,
      "y": 689,
      "bounds": {
        "left": 1550,
        "top": 685,
        "width": 7,
        "height": 9
      },
      "confidence": 96
    },
    {
      "text": "Integration",
      "x": 1636,
      "y": 691,
      "bounds": {
        "left": 1606,
        "top": 685,
        "width": 60,
        "height": 12
      },
      "confidence": 93
    },
    {
      "text": "Quant",
      "x": 1704,
      "y": 689,
      "bounds": {
        "left": 1684,
        "top": 674,
        "width": 41,
        "height": 30
      },
      "confidence": 39
    },
    {
      "text": "Terminal",
      "x": 1750,
      "y": 689,
      "bounds": {
        "left": 1729,
        "top": 674,
        "width": 43,
        "height": 30
      },
      "confidence": 96
    },
    {
      "text": "Ul",
      "x": 1782,
      "y": 689,
      "bounds": {
        "left": 1777,
        "top": 685,
        "width": 10,
        "height": 9
      },
      "confidence": 65
    },
    {
      "text": "that",
      "x": 1801,
      "y": 689,
      "bounds": {
        "left": 1792,
        "top": 674,
        "width": 18,
        "height": 30
      },
      "confidence": 65
    },
    {
      "text": "glows",
      "x": 1846,
      "y": 691,
      "bounds": {
        "left": 1815,
        "top": 685,
        "width": 62,
        "height": 12
      },
      "confidence": 96
    },
    {
      "text": "when",
      "x": 1866,
      "y": 689,
      "bounds": {
        "left": 1852,
        "top": 674,
        "width": 28,
        "height": 30
      },
      "confidence": 93
    },
    {
      "text": "{\"waited\":",
      "x": 406,
      "y": 713,
      "bounds": {
        "left": 372,
        "top": 707,
        "width": 68,
        "height": 13
      },
      "confidence": 45
    },
    {
      "text": "(Soims)",
      "x": 522,
      "y": 713,
      "bounds": {
        "left": 499,
        "top": 707,
        "width": 47,
        "height": 13
      },
      "confidence": 35
    },
    {
      "text": "tf",
      "x": 1435,
      "y": 711,
      "bounds": {
        "left": 1427,
        "top": 696,
        "width": 17,
        "height": 30
      },
      "confidence": 34
    },
    {
      "text": "high-priority",
      "x": 1752,
      "y": 709,
      "bounds": {
        "left": 1692,
        "top": 703,
        "width": 121,
        "height": 12
      },
      "confidence": 34
    },
    {
      "text": "news",
      "x": 1776,
      "y": 710,
      "bounds": {
        "left": 1765,
        "top": 696,
        "width": 23,
        "height": 29
      },
      "confidence": 96
    },
    {
      "text": "hits.",
      "x": 1804,
      "y": 710,
      "bounds": {
        "left": 1791,
        "top": 696,
        "width": 26,
        "height": 29
      },
      "confidence": 86
    },
    {
      "text": "2026-02-14",
      "x": 288,
      "y": 729,
      "bounds": {
        "left": 253,
        "top": 725,
        "width": 71,
        "height": 9
      },
      "confidence": 62
    },
    {
      "text": "21:28:37,997",
      "x": 372,
      "y": 730,
      "bounds": {
        "left": 330,
        "top": 725,
        "width": 84,
        "height": 11
      },
      "confidence": 92
    },
    {
      "text": "-",
      "x": 425,
      "y": 730,
      "bounds": {
        "left": 422,
        "top": 730,
        "width": 6,
        "height": 1
      },
      "confidence": 77
    },
    {
      "text": "httpx",
      "x": 453,
      "y": 730,
      "bounds": {
        "left": 436,
        "top": 724,
        "width": 35,
        "height": 13
      },
      "confidence": 87
    },
    {
      "text": "-",
      "x": 481,
      "y": 730,
      "bounds": {
        "left": 478,
        "top": 730,
        "width": 6,
        "height": 1
      },
      "confidence": 87
    },
    {
      "text": "INFO",
      "x": 506,
      "y": 729,
      "bounds": {
        "left": 492,
        "top": 725,
        "width": 28,
        "height": 9
      },
      "confidence": 89
    },
    {
      "text": "-",
      "x": 530,
      "y": 730,
      "bounds": {
        "left": 527,
        "top": 730,
        "width": 6,
        "height": 1
      },
      "confidence": 89
    },
    {
      "text": "HTTP",
      "x": 554,
      "y": 729,
      "bounds": {
        "left": 540,
        "top": 725,
        "width": 29,
        "height": 9
      },
      "confidence": 80
    },
    {
      "text": "Request:",
      "x": 602,
      "y": 731,
      "bounds": {
        "left": 576,
        "top": 725,
        "width": 53,
        "height": 12
      },
      "confidence": 94
    },
    {
      "text": "[OPENAT]",
      "x": 316,
      "y": 747,
      "bounds": {
        "left": 290,
        "top": 741,
        "width": 53,
        "height": 13
      },
      "confidence": 48
    },
    {
      "text": "TOOL",
      "x": 365,
      "y": 746,
      "bounds": {
        "left": 351,
        "top": 742,
        "width": 28,
        "height": 9
      },
      "confidence": 96
    },
    {
      "text": "CALL:",
      "x": 402,
      "y": 746,
      "bounds": {
        "left": 386,
        "top": 742,
        "width": 33,
        "height": 9
      },
      "confidence": 91
    },
    {
      "text": "ocr_screen",
      "x": 463,
      "y": 749,
      "bounds": {
        "left": 428,
        "top": 744,
        "width": 70,
        "height": 10
      },
      "confidence": 89
    },
    {
      "text": "Args:",
      "x": 304,
      "y": 765,
      "bounds": {
        "left": 288,
        "top": 759,
        "width": 33,
        "height": 12
      },
      "confidence": 88
    },
    {
      "text": "{}",
      "x": 337,
      "y": 764,
      "bounds": {
        "left": 330,
        "top": 758,
        "width": 14,
        "height": 13
      },
      "confidence": 80
    },
    {
      "text": "2026-02-14",
      "x": 288,
      "y": 780,
      "bounds": {
        "left": 253,
        "top": 776,
        "width": 71,
        "height": 9
      },
      "confidence": 56
    },
    {
      "text": "21:28:39,278",
      "x": 372,
      "y": 781,
      "bounds": {
        "left": 330,
        "top": 776,
        "width": 85,
        "height": 11
      },
      "confidence": 68
    },
    {
      "text": "-",
      "x": 425,
      "y": 781,
      "bounds": {
        "left": 422,
        "top": 781,
        "width": 6,
        "height": 1
      },
      "confidence": 81
    },
    {
      "text": "httpx",
      "x": 453,
      "y": 781,
      "bounds": {
        "left": 436,
        "top": 775,
        "width": 35,
        "height": 13
      },
      "confidence": 84
    },
    {
      "text": "-",
      "x": 481,
      "y": 780,
      "bounds": {
        "left": 478,
        "top": 765,
        "width": 7,
        "height": 31
      },
      "confidence": 90
    },
    {
      "text": "INFO",
      "x": 506,
      "y": 780,
      "bounds": {
        "left": 492,
        "top": 776,
        "width": 28,
        "height": 9
      },
      "confidence": 86
    },
    {
      "text": "-",
      "x": 529,
      "y": 780,
      "bounds": {
        "left": 525,
        "top": 765,
        "width": 9,
        "height": 31
      },
      "confidence": 86
    },
    {
      "text": "HTTP",
      "x": 554,
      "y": 780,
      "bounds": {
        "left": 540,
        "top": 776,
        "width": 29,
        "height": 9
      },
      "confidence": 83
    },
    {
      "text": "Request:",
      "x": 602,
      "y": 782,
      "bounds": {
        "left": 576,
        "top": 776,
        "width": 53,
        "height": 12
      },
      "confidence": 95
    },
    {
      "text": "{\"elonents\":",
      "x": 410,
      "y": 798,
      "bounds": {
        "left": 372,
        "top": 792,
        "width": 77,
        "height": 13
      },
      "confidence": 46
    },
    {
      "text": "\u201c[{\u2018text':",
      "x": 491,
      "y": 798,
      "bounds": {
        "left": 464,
        "top": 792,
        "width": 55,
        "height": 13
      },
      "confidence": 47
    },
    {
      "text": "\u2018A',",
      "x": 557,
      "y": 798,
      "bounds": {
        "left": 547,
        "top": 792,
        "width": 20,
        "height": 12
      },
      "confidence": 57
    },
    {
      "text": "18,",
      "x": 620,
      "y": 798,
      "bounds": {
        "left": 610,
        "top": 793,
        "width": 20,
        "height": 11
      },
      "confidence": 93
    },
    {
      "text": "17,",
      "x": 683,
      "y": 798,
      "bounds": {
        "left": 673,
        "top": 793,
        "width": 20,
        "height": 11
      },
      "confidence": 95
    },
    {
      "text": "\u2018bounds\u2019:",
      "x": 727,
      "y": 797,
      "bounds": {
        "left": 704,
        "top": 792,
        "width": 46,
        "height": 10
      },
      "confidence": 31
    },
    {
      "text": "{\u2018left':",
      "x": 794,
      "y": 798,
      "bounds": {
        "left": 771,
        "top": 792,
        "width": 47,
        "height": 13
      },
      "confidence": 53
    },
    {
      "text": "13,",
      "x": 844,
      "y": 798,
      "bounds": {
        "left": 834,
        "top": 793,
        "width": 20,
        "height": 11
      },
      "confidence": 96
    },
    {
      "text": "\u2018top\u2019:",
      "x": 880,
      "y": 798,
      "bounds": {
        "left": 865,
        "top": 792,
        "width": 30,
        "height": 13
      },
      "confidence": 39
    },
    {
      "text": "12,",
      "x": 921,
      "y": 798,
      "bounds": {
        "left": 911,
        "top": 793,
        "width": 20,
        "height": 11
      },
      "confidence": 93
    },
    {
      "text": "\u2018width*",
      "x": 966,
      "y": 797,
      "bounds": {
        "left": 946,
        "top": 792,
        "width": 40,
        "height": 10
      },
      "confidence": 50
    },
    {
      "text": "1",
      "x": 256,
      "y": 815,
      "bounds": {
        "left": 255,
        "top": 812,
        "width": 3,
        "height": 7
      },
      "confidence": 39
    },
    {
      "text": "\"A",
      "x": 275,
      "y": 814,
      "bounds": {
        "left": 268,
        "top": 809,
        "width": 14,
        "height": 10
      },
      "confidence": 50
    },
    {
      "text": "File",
      "x": 302,
      "y": 814,
      "bounds": {
        "left": 289,
        "top": 809,
        "width": 27,
        "height": 10
      },
      "confidence": 75
    },
    {
      "text": "Edit",
      "x": 337,
      "y": 814,
      "bounds": {
        "left": 324,
        "top": 809,
        "width": 27,
        "height": 10
      },
      "confidence": 96
    },
    {
      "text": "Selection",
      "x": 389,
      "y": 814,
      "bounds": {
        "left": 358,
        "top": 809,
        "width": 63,
        "height": 10
      },
      "confidence": 95
    },
    {
      "text": "View",
      "x": 442,
      "y": 814,
      "bounds": {
        "left": 428,
        "top": 809,
        "width": 29,
        "height": 10
      },
      "confidence": 96
    },
    {
      "text": "Go",
      "x": 470,
      "y": 814,
      "bounds": {
        "left": 463,
        "top": 810,
        "width": 15,
        "height": 9
      },
      "confidence": 96
    },
    {
      "text": "Run",
      "x": 495,
      "y": 814,
      "bounds": {
        "left": 485,
        "top": 810,
        "width": 20,
        "height": 9
      },
      "confidence": 96
    },
    {
      "text": "Terminal",
      "x": 540,
      "y": 814,
      "bounds": {
        "left": 512,
        "top": 809,
        "width": 56,
        "height": 10
      },
      "confidence": 95
    },
    {
      "text": "Help",
      "x": 589,
      "y": 815,
      "bounds": {
        "left": 575,
        "top": 809,
        "width": 29,
        "height": 13
      },
      "confidence": 93
    },
    {
      "text": "powerful-project-collection",
      "x": 705,
      "y": 815,
      "bounds": {
        "left": 611,
        "top": 809,
        "width": 188,
        "height": 13
      },
      "confidence": 52
    },
    {
      "text": "-",
      "x": 810,
      "y": 815,
      "bounds": {
        "left": 807,
        "top": 815,
        "width": 6,
        "height": 1
      },
      "confidence": 90
    },
    {
      "text": "-",
      "x": 908,
      "y": 815,
      "bounds": {
        "left": 905,
        "top": 815,
        "width": 6,
        "height": 1
      },
      "confidence": 91
    },
    {
      "text": "system",
      "x": 947,
      "y": 816,
      "bounds": {
        "left": 919,
        "top": 810,
        "width": 56,
        "height": 12
      },
      "confidence": 41
    },
    {
      "text": "p.",
      "x": 971,
      "y": 813,
      "bounds": {
        "left": 966,
        "top": 798,
        "width": 11,
        "height": 31
      },
      "confidence": 41
    },
    {
      "text": "un",
      "x": 260,
      "y": 832,
      "bounds": {
        "left": 254,
        "top": 829,
        "width": 13,
        "height": 7
      },
      "confidence": 92
    },
    {
      "text": "Terminal",
      "x": 302,
      "y": 831,
      "bounds": {
        "left": 274,
        "top": 826,
        "width": 56,
        "height": 10
      },
      "confidence": 96
    },
    {
      "text": "Help",
      "x": 351,
      "y": 832,
      "bounds": {
        "left": 337,
        "top": 826,
        "width": 29,
        "height": 13
      },
      "confidence": 92
    },
    {
      "text": "powerful-project-collection",
      "x": 467,
      "y": 832,
      "bounds": {
        "left": 373,
        "top": 826,
        "width": 188,
        "height": 13
      },
      "confidence": 75
    },
    {
      "text": "-",
      "x": 572,
      "y": 832,
      "bounds": {
        "left": 569,
        "top": 832,
        "width": 6,
        "height": 1
      },
      "confidence": 89
    },
    {
      "text": "antigravity",
      "x": 621,
      "y": 832,
      "bounds": {
        "left": 582,
        "top": 826,
        "width": 78,
        "height": 13
      },
      "confidence": 73
    },
    {
      "text": "-",
      "x": 670,
      "y": 832,
      "bounds": {
        "left": 667,
        "top": 832,
        "width": 6,
        "height": 1
      },
      "confidence": 91
    },
    {
      "text": "system",
      "x": 705,
      "y": 833,
      "bounds": {
        "left": 681,
        "top": 827,
        "width": 48,
        "height": 12
      },
      "confidence": 53
    },
    {
      "text": "p...",
      "x": 743,
      "y": 830,
      "bounds": {
        "left": 727,
        "top": 815,
        "width": 32,
        "height": 31
      },
      "confidence": 53
    },
    {
      "text": "[5@25",
      "x": 782,
      "y": 832,
      "bounds": {
        "left": 766,
        "top": 826,
        "width": 33,
        "height": 13
      },
      "confidence": 74
    },
    {
      "text": "chars]\",",
      "x": 833,
      "y": 832,
      "bounds": {
        "left": 806,
        "top": 826,
        "width": 55,
        "height": 13
      },
      "confidence": 44
    },
    {
      "text": "\u201ctotal_elenents\u201d:",
      "x": 928,
      "y": 832,
      "bounds": {
        "left": 870,
        "top": 826,
        "width": 116,
        "height": 13
      },
      "confidence": 41
    },
    {
      "text": "2026-02-14",
      "x": 288,
      "y": 848,
      "bounds": {
        "left": 253,
        "top": 844,
        "width": 71,
        "height": 9
      },
      "confidence": 79
    },
    {
      "text": "21:28:48,896",
      "x": 372,
      "y": 849,
      "bounds": {
        "left": 330,
        "top": 844,
        "width": 85,
        "height": 11
      },
      "confidence": 92
    },
    {
      "text": "-",
      "x": 425,
      "y": 849,
      "bounds": {
        "left": 422,
        "top": 849,
        "width": 6,
        "height": 1
      },
      "confidence": 83
    },
    {
      "text": "httpx",
      "x": 453,
      "y": 849,
      "bounds": {
        "left": 436,
        "top": 843,
        "width": 35,
        "height": 13
      },
      "confidence": 78
    },
    {
      "text": "-",
      "x": 481,
      "y": 849,
      "bounds": {
        "left": 478,
        "top": 849,
        "width": 6,
        "height": 1
      },
      "confidence": 90
    },
    {
      "text": "INFO",
      "x": 506,
      "y": 848,
      "bounds": {
        "left": 492,
        "top": 844,
        "width": 28,
        "height": 9
      },
      "confidence": 88
    },
    {
      "text": "-",
      "x": 530,
      "y": 849,
      "bounds": {
        "left": 527,
        "top": 849,
        "width": 6,
        "height": 1
      },
      "confidence": 88
    },
    {
      "text": "HTTP",
      "x": 554,
      "y": 848,
      "bounds": {
        "left": 540,
        "top": 844,
        "width": 29,
        "height": 9
      },
      "confidence": 82
    },
    {
      "text": "Request:",
      "x": 602,
      "y": 850,
      "bounds": {
        "left": 576,
        "top": 844,
        "width": 53,
        "height": 12
      },
      "confidence": 93
    },
    {
      "text": "POST",
      "x": 652,
      "y": 848,
      "bounds": {
        "left": 638,
        "top": 844,
        "width": 29,
        "height": 9
      },
      "confidence": 95
    },
    {
      "text": "https:",
      "x": 692,
      "y": 848,
      "bounds": {
        "left": 672,
        "top": 833,
        "width": 41,
        "height": 31
      },
      "confidence": 50
    },
    {
      "text": "\u201cHTTP/1.1",
      "x": 1006,
      "y": 848,
      "bounds": {
        "left": 975,
        "top": 843,
        "width": 62,
        "height": 11
      },
      "confidence": 53
    },
    {
      "text": "200",
      "x": 1055,
      "y": 848,
      "bounds": {
        "left": 1044,
        "top": 844,
        "width": 22,
        "height": 9
      },
      "confidence": 61
    },
    {
      "text": "OK\u201d",
      "x": 1082,
      "y": 848,
      "bounds": {
        "left": 1072,
        "top": 843,
        "width": 21,
        "height": 10
      },
      "confidence": 64
    },
    {
      "text": "[OPENAT]",
      "x": 316,
      "y": 866,
      "bounds": {
        "left": 290,
        "top": 860,
        "width": 53,
        "height": 13
      },
      "confidence": 46
    },
    {
      "text": "TOOL",
      "x": 365,
      "y": 865,
      "bounds": {
        "left": 351,
        "top": 861,
        "width": 28,
        "height": 9
      },
      "confidence": 96
    },
    {
      "text": "CALL:",
      "x": 402,
      "y": 865,
      "bounds": {
        "left": 386,
        "top": 861,
        "width": 33,
        "height": 9
      },
      "confidence": 90
    },
    {
      "text": "ocr_screen",
      "x": 463,
      "y": 868,
      "bounds": {
        "left": 428,
        "top": 863,
        "width": 70,
        "height": 10
      },
      "confidence": 90
    },
    {
      "text": "POST",
      "x": 652,
      "y": 729,
      "bounds": {
        "left": 638,
        "top": 725,
        "width": 29,
        "height": 9
      },
      "confidence": 91
    },
    {
      "text": "https:",
      "x": 692,
      "y": 729,
      "bounds": {
        "left": 672,
        "top": 715,
        "width": 41,
        "height": 29
      },
      "confidence": 81
    },
    {
      "text": "//api.openai.com/vi/chat/completions",
      "x": 841,
      "y": 730,
      "bounds": {
        "left": 715,
        "top": 724,
        "width": 252,
        "height": 13
      },
      "confidence": 37
    },
    {
      "text": "\u201cHITP/1.1",
      "x": 1006,
      "y": 729,
      "bounds": {
        "left": 975,
        "top": 724,
        "width": 62,
        "height": 11
      },
      "confidence": 64
    },
    {
      "text": "200",
      "x": 1055,
      "y": 729,
      "bounds": {
        "left": 1044,
        "top": 725,
        "width": 22,
        "height": 9
      },
      "confidence": 88
    },
    {
      "text": "Ok\u201d",
      "x": 1082,
      "y": 729,
      "bounds": {
        "left": 1072,
        "top": 724,
        "width": 21,
        "height": 10
      },
      "confidence": 70
    },
    {
      "text": "10,",
      "x": 1012,
      "y": 798,
      "bounds": {
        "left": 1002,
        "top": 793,
        "width": 20,
        "height": 11
      },
      "confidence": 92
    },
    {
      "text": "\u201cheight\u2019",
      "x": 1058,
      "y": 798,
      "bounds": {
        "left": 1033,
        "top": 792,
        "width": 51,
        "height": 13
      },
      "confidence": 39
    },
    {
      "text": "13,",
      "x": 844,
      "y": 917,
      "bounds": {
        "left": 834,
        "top": 912,
        "width": 20,
        "height": 11
      },
      "confidence": 95
    },
    {
      "text": "\u2018top\u2019:",
      "x": 880,
      "y": 917,
      "bounds": {
        "left": 865,
        "top": 911,
        "width": 30,
        "height": 13
      },
      "confidence": 60
    },
    {
      "text": "12,",
      "x": 921,
      "y": 917,
      "bounds": {
        "left": 911,
        "top": 912,
        "width": 20,
        "height": 11
      },
      "confidence": 96
    },
    {
      "text": "\u2018width\u2019:",
      "x": 964,
      "y": 916,
      "bounds": {
        "left": 942,
        "top": 911,
        "width": 44,
        "height": 10
      },
      "confidence": 51
    },
    {
      "text": "10,",
      "x": 1012,
      "y": 917,
      "bounds": {
        "left": 1002,
        "top": 912,
        "width": 20,
        "height": 11
      },
      "confidence": 84
    },
    {
      "text": "\u201cheight",
      "x": 1056,
      "y": 917,
      "bounds": {
        "left": 1033,
        "top": 911,
        "width": 46,
        "height": 13
      },
      "confidence": 55
    },
    {
      "text": "+",
      "x": 256,
      "y": 934,
      "bounds": {
        "left": 255,
        "top": 931,
        "width": 3,
        "height": 7
      },
      "confidence": 40
    },
    {
      "text": "\"A",
      "x": 275,
      "y": 933,
      "bounds": {
        "left": 268,
        "top": 928,
        "width": 14,
        "height": 10
      },
      "confidence": 40
    },
    {
      "text": "File",
      "x": 302,
      "y": 933,
      "bounds": {
        "left": 289,
        "top": 928,
        "width": 27,
        "height": 10
      },
      "confidence": 92
    },
    {
      "text": "Edit",
      "x": 337,
      "y": 933,
      "bounds": {
        "left": 324,
        "top": 928,
        "width": 27,
        "height": 10
      },
      "confidence": 90
    },
    {
      "text": "Selection",
      "x": 389,
      "y": 933,
      "bounds": {
        "left": 358,
        "top": 928,
        "width": 63,
        "height": 10
      },
      "confidence": 90
    },
    {
      "text": "View",
      "x": 442,
      "y": 933,
      "bounds": {
        "left": 428,
        "top": 928,
        "width": 29,
        "height": 10
      },
      "confidence": 96
    },
    {
      "text": "Go",
      "x": 470,
      "y": 933,
      "bounds": {
        "left": 463,
        "top": 929,
        "width": 15,
        "height": 9
      },
      "confidence": 96
    },
    {
      "text": "Run",
      "x": 495,
      "y": 933,
      "bounds": {
        "left": 485,
        "top": 929,
        "width": 20,
        "height": 9
      },
      "confidence": 96
    },
    {
      "text": "Terminal",
      "x": 540,
      "y": 933,
      "bounds": {
        "left": 512,
        "top": 928,
        "width": 56,
        "height": 10
      },
      "confidence": 96
    },
    {
      "text": "Help",
      "x": 589,
      "y": 934,
      "bounds": {
        "left": 575,
        "top": 928,
        "width": 29,
        "height": 13
      },
      "confidence": 93
    },
    {
      "text": "powerful-project-collection",
      "x": 705,
      "y": 934,
      "bounds": {
        "left": 611,
        "top": 928,
        "width": 188,
        "height": 13
      },
      "confidence": 84
    },
    {
      "text": "-",
      "x": 810,
      "y": 934,
      "bounds": {
        "left": 807,
        "top": 934,
        "width": 6,
        "height": 1
      },
      "confidence": 91
    },
    {
      "text": "antigravity",
      "x": 859,
      "y": 934,
      "bounds": {
        "left": 820,
        "top": 928,
        "width": 78,
        "height": 13
      },
      "confidence": 73
    },
    {
      "text": "-",
      "x": 908,
      "y": 934,
      "bounds": {
        "left": 905,
        "top": 934,
        "width": 6,
        "height": 1
      },
      "confidence": 92
    },
    {
      "text": "systemp...",
      "x": 956,
      "y": 935,
      "bounds": {
        "left": 919,
        "top": 929,
        "width": 74,
        "height": 12
      },
      "confidence": 86
    },
    {
      "text": "[5321",
      "x": 1020,
      "y": 934,
      "bounds": {
        "left": 1004,
        "top": 928,
        "width": 33,
        "height": 13
      },
      "confidence": 92
    },
    {
      "text": "chars]\",",
      "x": 1071,
      "y": 934,
      "bounds": {
        "left": 1044,
        "top": 928,
        "width": 55,
        "height": 13
      },
      "confidence": 76
    },
    {
      "text": "un",
      "x": 260,
      "y": 951,
      "bounds": {
        "left": 254,
        "top": 948,
        "width": 13,
        "height": 7
      },
      "confidence": 95
    },
    {
      "text": "Terminal",
      "x": 302,
      "y": 950,
      "bounds": {
        "left": 274,
        "top": 945,
        "width": 56,
        "height": 10
      },
      "confidence": 95
    },
    {
      "text": "Help",
      "x": 351,
      "y": 951,
      "bounds": {
        "left": 337,
        "top": 945,
        "width": 29,
        "height": 13
      },
      "confidence": 93
    },
    {
      "text": "powerful-project-collection",
      "x": 467,
      "y": 951,
      "bounds": {
        "left": 373,
        "top": 945,
        "width": 188,
        "height": 13
      },
      "confidence": 88
    },
    {
      "text": "-",
      "x": 572,
      "y": 951,
      "bounds": {
        "left": 569,
        "top": 951,
        "width": 6,
        "height": 1
      },
      "confidence": 90
    },
    {
      "text": "antigravity",
      "x": 621,
      "y": 951,
      "bounds": {
        "left": 582,
        "top": 945,
        "width": 78,
        "height": 13
      },
      "confidence": 92
    },
    {
      "text": "-",
      "x": 670,
      "y": 951,
      "bounds": {
        "left": 667,
        "top": 951,
        "width": 6,
        "height": 1
      },
      "confidence": 90
    },
    {
      "text": "system_p...",
      "x": 705,
      "y": 952,
      "bounds": {
        "left": 681,
        "top": 946,
        "width": 48,
        "height": 12
      },
      "confidence": 48
    },
    {
      "text": "[5321",
      "x": 782,
      "y": 951,
      "bounds": {
        "left": 766,
        "top": 945,
        "width": 33,
        "height": 13
      },
      "confidence": 92
    },
    {
      "text": "chars]\",",
      "x": 833,
      "y": 951,
      "bounds": {
        "left": 806,
        "top": 945,
        "width": 55,
        "height": 13
      },
      "confidence": 87
    },
    {
      "text": "\u201ctotal_elements\":",
      "x": 928,
      "y": 951,
      "bounds": {
        "left": 870,
        "top": 945,
        "width": 116,
        "height": 13
      },
      "confidence": 44
    },
    {
      "text": "(5800ns)",
      "x": 1072,
      "y": 951,
      "bounds": {
        "left": 1045,
        "top": 945,
        "width": 54,
        "height": 13
      },
      "confidence": 40
    },
    {
      "text": "5",
      "x": 87,
      "y": 975,
      "bounds": {
        "left": 86,
        "top": 974,
        "width": 2,
        "height": 2
      },
      "confidence": 73
    },
    {
      "text": "2026-02-14",
      "x": 288,
      "y": 967,
      "bounds": {
        "left": 253,
        "top": 963,
        "width": 71,
        "height": 9
      },
      "confidence": 68
    },
    {
      "text": "21:28:58,639",
      "x": 372,
      "y": 968,
      "bounds": {
        "left": 330,
        "top": 963,
        "width": 84,
        "height": 11
      },
      "confidence": 84
    },
    {
      "text": "-",
      "x": 425,
      "y": 968,
      "bounds": {
        "left": 422,
        "top": 968,
        "width": 6,
        "height": 1
      },
      "confidence": 71
    },
    {
      "text": "httpx",
      "x": 453,
      "y": 968,
      "bounds": {
        "left": 436,
        "top": 962,
        "width": 35,
        "height": 13
      },
      "confidence": 87
    },
    {
      "text": "-",
      "x": 481,
      "y": 968,
      "bounds": {
        "left": 478,
        "top": 968,
        "width": 6,
        "height": 1
      },
      "confidence": 90
    },
    {
      "text": "INFO",
      "x": 506,
      "y": 967,
      "bounds": {
        "left": 492,
        "top": 963,
        "width": 28,
        "height": 9
      },
      "confidence": 93
    },
    {
      "text": "-",
      "x": 530,
      "y": 968,
      "bounds": {
        "left": 527,
        "top": 968,
        "width": 6,
        "height": 1
      },
      "confidence": 82
    },
    {
      "text": "HTTP",
      "x": 554,
      "y": 967,
      "bounds": {
        "left": 540,
        "top": 963,
        "width": 29,
        "height": 9
      },
      "confidence": 93
    },
    {
      "text": "Request:",
      "x": 602,
      "y": 969,
      "bounds": {
        "left": 576,
        "top": 963,
        "width": 53,
        "height": 12
      },
      "confidence": 96
    },
    {
      "text": "POST",
      "x": 652,
      "y": 967,
      "bounds": {
        "left": 638,
        "top": 963,
        "width": 29,
        "height": 9
      },
      "confidence": 96
    },
    {
      "text": "https:",
      "x": 693,
      "y": 967,
      "bounds": {
        "left": 674,
        "top": 952,
        "width": 39,
        "height": 30
      },
      "confidence": 60
    },
    {
      "text": "200",
      "x": 1055,
      "y": 967,
      "bounds": {
        "left": 1044,
        "top": 963,
        "width": 22,
        "height": 9
      },
      "confidence": 85
    },
    {
      "text": "Ok\u201d",
      "x": 1082,
      "y": 967,
      "bounds": {
        "left": 1072,
        "top": 962,
        "width": 21,
        "height": 10
      },
      "confidence": 69
    },
    {
      "text": "[OPENAT]",
      "x": 316,
      "y": 985,
      "bounds": {
        "left": 290,
        "top": 979,
        "width": 53,
        "height": 13
      },
      "confidence": 63
    },
    {
      "text": "TOOL",
      "x": 365,
      "y": 984,
      "bounds": {
        "left": 351,
        "top": 980,
        "width": 28,
        "height": 9
      },
      "confidence": 88
    },
    {
      "text": "CALL:",
      "x": 402,
      "y": 984,
      "bounds": {
        "left": 386,
        "top": 980,
        "width": 33,
        "height": 9
      },
      "confidence": 93
    },
    {
      "text": "ocr_screen",
      "x": 463,
      "y": 987,
      "bounds": {
        "left": 428,
        "top": 982,
        "width": 70,
        "height": 10
      },
      "confidence": 88
    },
    {
      "text": ">",
      "x": 52,
      "y": 1000,
      "bounds": {
        "left": 49,
        "top": 995,
        "width": 6,
        "height": 10
      },
      "confidence": 95
    },
    {
      "text": "Timeline",
      "x": 85,
      "y": 1000,
      "bounds": {
        "left": 62,
        "top": 996,
        "width": 46,
        "height": 9
      },
      "confidence": 93
    },
    {
      "text": "O",
      "x": 256,
      "y": 1001,
      "bounds": {
        "left": 253,
        "top": 993,
        "width": 7,
        "height": 17
      },
      "confidence": 78
    },
    {
      "text": "ares:",
      "x": 304,
      "y": 1003,
      "bounds": {
        "left": 288,
        "top": 997,
        "width": 33,
        "height": 12
      },
      "confidence": 60
    },
    {
      "text": "(3",
      "x": 337,
      "y": 1002,
      "bounds": {
        "left": 330,
        "top": 996,
        "width": 14,
        "height": 13
      },
      "confidence": 32
    },
    {
      "text": "XE",
      "x": 39,
      "y": 1021,
      "bounds": {
        "left": 18,
        "top": 1014,
        "width": 43,
        "height": 15
      },
      "confidence": 39
    },
    {
      "text": "powerful-project-collection",
      "x": 138,
      "y": 1023,
      "bounds": {
        "left": 67,
        "top": 1017,
        "width": 143,
        "height": 12
      },
      "confidence": 87
    },
    {
      "text": "main\"",
      "x": 236,
      "y": 1021,
      "bounds": {
        "left": 221,
        "top": 1017,
        "width": 30,
        "height": 9
      },
      "confidence": 54
    },
    {
      "text": "@o0A\\o",
      "x": 317,
      "y": 1021,
      "bounds": {
        "left": 290,
        "top": 1014,
        "width": 54,
        "height": 14
      },
      "confidence": 43
    },
    {
      "text": "Q",
      "x": 76,
      "y": 1056,
      "bounds": {
        "left": 69,
        "top": 1049,
        "width": 14,
        "height": 15
      },
      "confidence": 86
    },
    {
      "text": "Search",
      "x": 115,
      "y": 1056,
      "bounds": {
        "left": 95,
        "top": 1051,
        "width": 40,
        "height": 10
      },
      "confidence": 95
    },
    {
      "text": "POST",
      "x": 652,
      "y": 780,
      "bounds": {
        "left": 638,
        "top": 776,
        "width": 29,
        "height": 9
      },
      "confidence": 92
    },
    {
      "text": "https:",
      "x": 692,
      "y": 780,
      "bounds": {
        "left": 672,
        "top": 766,
        "width": 40,
        "height": 29
      },
      "confidence": 88
    },
    {
      "text": "//api",
      "x": 732,
      "y": 780,
      "bounds": {
        "left": 716,
        "top": 766,
        "width": 32,
        "height": 29
      },
      "confidence": 72
    },
    {
      "text": ".",
      "x": 753,
      "y": 780,
      "bounds": {
        "left": 752,
        "top": 766,
        "width": 3,
        "height": 29
      },
      "confidence": 72
    },
    {
      "text": "telegram.org/bot7960886425",
      "x": 1012,
      "y": 781,
      "bounds": {
        "left": 757,
        "top": 775,
        "width": 511,
        "height": 13
      },
      "confidence": 34
    },
    {
      "text": ":",
      "x": 943,
      "y": 780,
      "bounds": {
        "left": 940,
        "top": 766,
        "width": 6,
        "height": 29
      },
      "confidence": 34
    },
    {
      "text": "\u201cHTTP/1.1",
      "x": 1307,
      "y": 780,
      "bounds": {
        "left": 1276,
        "top": 775,
        "width": 62,
        "height": 11
      },
      "confidence": 67
    },
    {
      "text": "20",
      "x": 1356,
      "y": 780,
      "bounds": {
        "left": 1345,
        "top": 776,
        "width": 22,
        "height": 9
      },
      "confidence": 76
    },
    {
      "text": "OK\"",
      "x": 1383,
      "y": 780,
      "bounds": {
        "left": 1373,
        "top": 775,
        "width": 21,
        "height": 10
      },
      "confidence": 54
    },
    {
      "text": "10},",
      "x": 1113,
      "y": 798,
      "bounds": {
        "left": 1100,
        "top": 792,
        "width": 27,
        "height": 13
      },
      "confidence": 55
    },
    {
      "text": "\u2018conf.",
      "x": 1154,
      "y": 797,
      "bounds": {
        "left": 1138,
        "top": 792,
        "width": 33,
        "height": 10
      },
      "confidence": 55
    },
    {
      "text": "[5825",
      "x": 1020,
      "y": 815,
      "bounds": {
        "left": 1004,
        "top": 809,
        "width": 33,
        "height": 13
      },
      "confidence": 91
    },
    {
      "text": "chars]\",",
      "x": 1071,
      "y": 815,
      "bounds": {
        "left": 1044,
        "top": 809,
        "width": 55,
        "height": 13
      },
      "confidence": 86
    },
    {
      "text": "Next",
      "x": 1552,
      "y": 739,
      "bounds": {
        "left": 1538,
        "top": 725,
        "width": 29,
        "height": 29
      },
      "confidence": 95
    },
    {
      "text": "Step:",
      "x": 1587,
      "y": 739,
      "bounds": {
        "left": 1574,
        "top": 725,
        "width": 27,
        "height": 29
      },
      "confidence": 96
    },
    {
      "text": "|",
      "x": 1607,
      "y": 739,
      "bounds": {
        "left": 1606,
        "top": 735,
        "width": 2,
        "height": 9
      },
      "confidence": 92
    },
    {
      "text": "can",
      "x": 1622,
      "y": 739,
      "bounds": {
        "left": 1615,
        "top": 725,
        "width": 15,
        "height": 29
      },
      "confidence": 96
    },
    {
      "text": "start",
      "x": 1648,
      "y": 739,
      "bounds": {
        "left": 1634,
        "top": 725,
        "width": 28,
        "height": 29
      },
      "confidence": 90
    },
    {
      "text": "by",
      "x": 1671,
      "y": 739,
      "bounds": {
        "left": 1666,
        "top": 725,
        "width": 10,
        "height": 29
      },
      "confidence": 90
    },
    {
      "text": "creating",
      "x": 1706,
      "y": 739,
      "bounds": {
        "left": 1683,
        "top": 725,
        "width": 46,
        "height": 29
      },
      "confidence": 96
    },
    {
      "text": "the",
      "x": 1743,
      "y": 739,
      "bounds": {
        "left": 1733,
        "top": 725,
        "width": 21,
        "height": 29
      },
      "confidence": 96
    },
    {
      "text": "Monitoring",
      "x": 1788,
      "y": 740,
      "bounds": {
        "left": 1755,
        "top": 734,
        "width": 66,
        "height": 13
      },
      "confidence": 96
    },
    {
      "text": "Engine",
      "x": 1845,
      "y": 740,
      "bounds": {
        "left": 1826,
        "top": 734,
        "width": 39,
        "height": 13
      },
      "confidence": 83
    },
    {
      "text": "core",
      "x": 1553,
      "y": 759,
      "bounds": {
        "left": 1541,
        "top": 756,
        "width": 25,
        "height": 7
      },
      "confidence": 94
    },
    {
      "text": "and",
      "x": 1580,
      "y": 758,
      "bounds": {
        "left": 1569,
        "top": 753,
        "width": 22,
        "height": 10
      },
      "confidence": 96
    },
    {
      "text": "the",
      "x": 1603,
      "y": 758,
      "bounds": {
        "left": 1594,
        "top": 753,
        "width": 19,
        "height": 10
      },
      "confidence": 96
    },
    {
      "text": "ETF",
      "x": 1627,
      "y": 758,
      "bounds": {
        "left": 1617,
        "top": 754,
        "width": 20,
        "height": 9
      },
      "confidence": 96
    },
    {
      "text": "Resolution",
      "x": 1672,
      "y": 758,
      "bounds": {
        "left": 1642,
        "top": 753,
        "width": 61,
        "height": 10
      },
      "confidence": 96
    },
    {
      "text": "logic.",
      "x": 1722,
      "y": 759,
      "bounds": {
        "left": 1707,
        "top": 753,
        "width": 30,
        "height": 13
      },
      "confidence": 96
    },
    {
      "text": "\u2018Should",
      "x": 1565,
      "y": 778,
      "bounds": {
        "left": 1541,
        "top": 773,
        "width": 48,
        "height": 10
      },
      "confidence": 75
    },
    {
      "text": "|",
      "x": 1586,
      "y": 778,
      "bounds": {
        "left": 1585,
        "top": 764,
        "width": 3,
        "height": 29
      },
      "confidence": 83
    },
    {
      "text": "begin",
      "x": 1610,
      "y": 779,
      "bounds": {
        "left": 1594,
        "top": 773,
        "width": 33,
        "height": 13
      },
      "confidence": 95
    },
    {
      "text": "by",
      "x": 1638,
      "y": 779,
      "bounds": {
        "left": 1631,
        "top": 773,
        "width": 14,
        "height": 13
      },
      "confidence": 96
    },
    {
      "text": "implementing",
      "x": 1697,
      "y": 779,
      "bounds": {
        "left": 1664,
        "top": 773,
        "width": 66,
        "height": 13
      },
      "confidence": 96
    },
    {
      "text": "the",
      "x": 1744,
      "y": 778,
      "bounds": {
        "left": 1734,
        "top": 773,
        "width": 20,
        "height": 10
      },
      "confidence": 96
    },
    {
      "text": "Background",
      "x": 1792,
      "y": 779,
      "bounds": {
        "left": 1758,
        "top": 773,
        "width": 69,
        "height": 13
      },
      "confidence": 94
    },
    {
      "text": "[73194",
      "x": 1220,
      "y": 798,
      "bounds": {
        "left": 1200,
        "top": 792,
        "width": 41,
        "height": 13
      },
      "confidence": 94
    },
    {
      "text": "\u201cunfiltered",
      "x": 1349,
      "y": 797,
      "bounds": {
        "left": 1311,
        "top": 783,
        "width": 77,
        "height": 29
      },
      "confidence": 83
    },
    {
      "text": "text\u201d",
      "x": 1411,
      "y": 797,
      "bounds": {
        "left": 1394,
        "top": 783,
        "width": 35,
        "height": 29
      },
      "confidence": 38
    },
    {
      "text": "Monitoring",
      "x": 1574,
      "y": 798,
      "bounds": {
        "left": 1542,
        "top": 792,
        "width": 65,
        "height": 13
      },
      "confidence": 96
    },
    {
      "text": "Engine",
      "x": 1632,
      "y": 798,
      "bounds": {
        "left": 1612,
        "top": 792,
        "width": 40,
        "height": 13
      },
      "confidence": 96
    },
    {
      "text": "structure?",
      "x": 1684,
      "y": 797,
      "bounds": {
        "left": 1655,
        "top": 793,
        "width": 59,
        "height": 9
      },
      "confidence": 96
    },
    {
      "text": "\"A",
      "x": 1213,
      "y": 814,
      "bounds": {
        "left": 1206,
        "top": 809,
        "width": 14,
        "height": 10
      },
      "confidence": 81
    },
    {
      "text": "File",
      "x": 1240,
      "y": 814,
      "bounds": {
        "left": 1227,
        "top": 809,
        "width": 27,
        "height": 10
      },
      "confidence": 95
    },
    {
      "text": "Edit",
      "x": 1275,
      "y": 814,
      "bounds": {
        "left": 1262,
        "top": 809,
        "width": 27,
        "height": 10
      },
      "confidence": 96
    },
    {
      "text": "Selection",
      "x": 1327,
      "y": 814,
      "bounds": {
        "left": 1296,
        "top": 809,
        "width": 63,
        "height": 10
      },
      "confidence": 95
    },
    {
      "text": "View",
      "x": 1380,
      "y": 814,
      "bounds": {
        "left": 1366,
        "top": 809,
        "width": 29,
        "height": 10
      },
      "confidence": 94
    },
    {
      "text": "Go",
      "x": 1408,
      "y": 814,
      "bounds": {
        "left": 1401,
        "top": 810,
        "width": 15,
        "height": 9
      },
      "confidence": 87
    },
    {
      "text": "R",
      "x": 1426,
      "y": 814,
      "bounds": {
        "left": 1423,
        "top": 810,
        "width": 6,
        "height": 9
      },
      "confidence": 87
    },
    {
      "text": "7960886425",
      "x": 904,
      "y": 899,
      "bounds": {
        "left": 871,
        "top": 885,
        "width": 66,
        "height": 29
      },
      "confidence": 43
    },
    {
      "text": ":",
      "x": 942,
      "y": 898,
      "bounds": {
        "left": 941,
        "top": 897,
        "width": 3,
        "height": 2
      },
      "confidence": 88
    },
    {
      "text": "\u201cHTTP/1.1",
      "x": 1307,
      "y": 899,
      "bounds": {
        "left": 1276,
        "top": 894,
        "width": 62,
        "height": 11
      },
      "confidence": 67
    },
    {
      "text": "260",
      "x": 1356,
      "y": 899,
      "bounds": {
        "left": 1345,
        "top": 895,
        "width": 22,
        "height": 9
      },
      "confidence": 55
    },
    {
      "text": "OK\"",
      "x": 1383,
      "y": 899,
      "bounds": {
        "left": 1373,
        "top": 894,
        "width": 21,
        "height": 10
      },
      "confidence": 58
    },
    {
      "text": "10},",
      "x": 1113,
      "y": 917,
      "bounds": {
        "left": 1100,
        "top": 911,
        "width": 27,
        "height": 13
      },
      "confidence": 55
    },
    {
      "text": "\u2018conf.",
      "x": 1154,
      "y": 916,
      "bounds": {
        "left": 1138,
        "top": 911,
        "width": 33,
        "height": 10
      },
      "confidence": 55
    },
    {
      "text": "\u201cplain_text\u201d:",
      "x": 1152,
      "y": 934,
      "bounds": {
        "left": 1108,
        "top": 928,
        "width": 88,
        "height": 13
      },
      "confidence": 35
    },
    {
      "text": "[78135",
      "x": 1220,
      "y": 917,
      "bounds": {
        "left": 1200,
        "top": 911,
        "width": 40,
        "height": 13
      },
      "confidence": 92
    },
    {
      "text": "chars]\",",
      "x": 1274,
      "y": 917,
      "bounds": {
        "left": 1247,
        "top": 911,
        "width": 55,
        "height": 13
      },
      "confidence": 67
    },
    {
      "text": "\u201cunfiltered",
      "x": 1349,
      "y": 916,
      "bounds": {
        "left": 1311,
        "top": 902,
        "width": 77,
        "height": 29
      },
      "confidence": 87
    },
    {
      "text": "text\u201d",
      "x": 1411,
      "y": 916,
      "bounds": {
        "left": 1394,
        "top": 902,
        "width": 35,
        "height": 29
      },
      "confidence": 53
    },
    {
      "text": "\"A",
      "x": 1213,
      "y": 933,
      "bounds": {
        "left": 1206,
        "top": 928,
        "width": 14,
        "height": 10
      },
      "confidence": 80
    },
    {
      "text": "File",
      "x": 1240,
      "y": 933,
      "bounds": {
        "left": 1227,
        "top": 928,
        "width": 27,
        "height": 10
      },
      "confidence": 96
    },
    {
      "text": "Edit",
      "x": 1275,
      "y": 933,
      "bounds": {
        "left": 1262,
        "top": 928,
        "width": 27,
        "height": 10
      },
      "confidence": 96
    },
    {
      "text": "Selection",
      "x": 1327,
      "y": 933,
      "bounds": {
        "left": 1296,
        "top": 928,
        "width": 63,
        "height": 10
      },
      "confidence": 92
    },
    {
      "text": "View",
      "x": 1380,
      "y": 933,
      "bounds": {
        "left": 1366,
        "top": 928,
        "width": 29,
        "height": 10
      },
      "confidence": 94
    },
    {
      "text": "Go",
      "x": 1408,
      "y": 933,
      "bounds": {
        "left": 1401,
        "top": 929,
        "width": 15,
        "height": 9
      },
      "confidence": 86
    },
    {
      "text": "R",
      "x": 1426,
      "y": 933,
      "bounds": {
        "left": 1423,
        "top": 929,
        "width": 6,
        "height": 9
      },
      "confidence": 86
    },
    {
      "text": "Review",
      "x": 1828,
      "y": 919,
      "bounds": {
        "left": 1812,
        "top": 915,
        "width": 32,
        "height": 8
      },
      "confidence": 91
    },
    {
      "text": "Changes",
      "x": 1869,
      "y": 920,
      "bounds": {
        "left": 1849,
        "top": 915,
        "width": 41,
        "height": 10
      },
      "confidence": 94
    },
    {
      "text": "A",
      "x": 1578,
      "y": 985,
      "bounds": {
        "left": 1574,
        "top": 983,
        "width": 8,
        "height": 4
      },
      "confidence": 78
    },
    {
      "text": "Fast",
      "x": 1598,
      "y": 984,
      "bounds": {
        "left": 1589,
        "top": 980,
        "width": 18,
        "height": 8
      },
      "confidence": 90
    },
    {
      "text": "Gemini",
      "x": 1647,
      "y": 985,
      "bounds": {
        "left": 1625,
        "top": 981,
        "width": 45,
        "height": 8
      },
      "confidence": 37
    },
    {
      "text": "3",
      "x": 1679,
      "y": 985,
      "bounds": {
        "left": 1677,
        "top": 981,
        "width": 5,
        "height": 8
      },
      "confidence": 85
    },
    {
      "text": "Flash",
      "x": 1697,
      "y": 985,
      "bounds": {
        "left": 1686,
        "top": 981,
        "width": 23,
        "height": 8
      },
      "confidence": 84
    },
    {
      "text": "mes",
      "x": 1878,
      "y": 985,
      "bounds": {
        "left": 1859,
        "top": 978,
        "width": 38,
        "height": 14
      },
      "confidence": 64
    },
    {
      "text": "Ln18,Col3",
      "x": 1410,
      "y": 1022,
      "bounds": {
        "left": 1380,
        "top": 1017,
        "width": 61,
        "height": 11
      },
      "confidence": 78
    },
    {
      "text": "UTF-8",
      "x": 1537,
      "y": 1021,
      "bounds": {
        "left": 1522,
        "top": 1017,
        "width": 31,
        "height": 9
      },
      "confidence": 65
    },
    {
      "text": "CRLF",
      "x": 1582,
      "y": 1021,
      "bounds": {
        "left": 1569,
        "top": 1017,
        "width": 26,
        "height": 9
      },
      "confidence": 68
    },
    {
      "text": "{}",
      "x": 1619,
      "y": 1021,
      "bounds": {
        "left": 1613,
        "top": 1015,
        "width": 13,
        "height": 12
      },
      "confidence": 58
    },
    {
      "text": "Python",
      "x": 1652,
      "y": 1023,
      "bounds": {
        "left": 1634,
        "top": 1017,
        "width": 36,
        "height": 12
      },
      "confidence": 50
    },
    {
      "text": "3.13264-bit",
      "x": 1720,
      "y": 1021,
      "bounds": {
        "left": 1687,
        "top": 1017,
        "width": 66,
        "height": 9
      },
      "confidence": 40
    },
    {
      "text": "Settings",
      "x": 1860,
      "y": 1020,
      "bounds": {
        "left": 1835,
        "top": 1005,
        "width": 50,
        "height": 31
      },
      "confidence": 59
    },
    {
      "text": "9:28",
      "x": 1869,
      "y": 1048,
      "bounds": {
        "left": 1858,
        "top": 1044,
        "width": 22,
        "height": 8
      },
      "confidence": 76
    },
    {
      "text": "PM",
      "x": 1892,
      "y": 1048,
      "bounds": {
        "left": 1884,
        "top": 1044,
        "width": 16,
        "height": 8
      },
      "confidence": 76
    },
    {
      "text": "CeO",
      "x": 1797,
      "y": 1055,
      "bounds": {
        "left": 1765,
        "top": 1048,
        "width": 64,
        "height": 14
      },
      "confidence": 51
    },
    {
      "text": "2/14/2026",
      "x": 1871,
      "y": 1066,
      "bounds": {
        "left": 1842,
        "top": 1056,
        "width": 59,
        "height": 21
      },
      "confidence": 74
    },
    {
      "text": "A",
      "x": 1697,
      "y": 1056,
      "bounds": {
        "left": 1692,
        "top": 1053,
        "width": 10,
        "height": 6
      },
      "confidence": 65
    },
    {
      "text": "ENG",
      "x": 1735,
      "y": 1057,
      "bounds": {
        "left": 1724,
        "top": 1053,
        "width": 22,
        "height": 8
      },
      "confidence": 65
    }
  ],
  "unfiltered_text": "A File Edit Selection View Go Run Terminal Help powerful-project-collection - Antigravity - system_promptpy Open Agent Manager C2 OOD 6 & @ - ag x\nay Explorer @ system_promptpy U X \u2014 @ _init_.py ...\\prompts U \u00ae eeutorrp Py MO o> - pwsh @& -* \u2014Tradio Al Prompt Enhancement. +9 x\nae cree tradio > om FEaEEOO system, rem > [el] SYSTEM_PROMPT PS C:\\Users\\Wagsihim AI\\Documents\\GitHub \\powerful-project-collection> \u2018eed. -\nS 6 role = sec\n> \u00a9 daily breakdown TT \u00b0 SEEN ey\n> \u00a9 eigent - **get_fundamentals**: core valuation and profitability metrics \u00a9 the agent does is \u201cRead the Sentinel Feed\" so it's\nSe > 6 emploai - **get_technical**: Instant indicator signals (RSI, MACD, etc.) | Een Teac\n> \u00a9 Mini-Agent ~ **get_news**: Market sentiment and company-specific headlines.\nce 43 - **get_hacker_news**: Tech-market crossover trends. 2 4. Proactive Commands (Sentinel Tools)\n= 44 - **web_search**: General financial or macro research.\nB > \u00a9 OpenBB aE New tools for the Al agent to manage its background self:\n> \u00a9 openclaw 46 #\u00a58 3. Neural Context (Memory) ser slert(symbol, condition) : Programmatically\nB > \u00a9 opencode 47 - **search_memory**: Query past sessions and user-defined prefer add background triggers.\n> \u00a9 temp 48 - \u201cupdate _memory**: Persist critical insights or global setting 2 See Fetch asimmary or\nA > \u00a9 test.workspace \u00b0 </tool_manifesto> findings from the last $X$ hours.\n> \u00a9 tradio\n51 <critical_reminders>\n\u00a9 system_prompts ~\nne 52 - **Financial Disclosure**: Always specify that your analysis is\nWINGS a O 52 - **Error Handling**: If a ticker is invalid or data is missing,\n54 - **Visualization**: Interactive charts are high-value. Always 5\n55 </critical_reminders>\"\"\" Implementation Phasing\n56\nPhase Milestone Description\nindows cannot find spotify\u2019. Make sure you typed the f and then try again. Phase ThePulse Create src/monitoring/engine.\n1 Core Seng a seep ee\nProblems Output Debug Console (EERE) Ports +e suport Tee SSS\n\\\\ [OPENAT] TOOL CALL: click 1 Phase | ETF Implement sx0/dats/et\u00a2_loade\nargs: {\"x\": 1240, \u201cy\": 651} 2 Resolution x py to auto-populate the\nMB SUCCESS: {\"success\": \u201cTrue\u201d, \u201cclicked\u201d: \"(1240, 651)\"} (264ms) | monitor list from CSV/Web links.\n2026-02-14 21:28:32,279 - httpx - INFO - HTTP Request: POST https: //api.openai.com/vi/chat/completions \u201cHITP/1.1 200 Ok\u201d\n\u2018\\ [OPENAT] TOOL CALL: press key Phase Neural Filter _ Integrate a \u201cSentinel Agent\u201d\n\u2018args: {\"key\": \u201cescape\"} 3 (background LLM) to score news\nIB SUCCESS: {\"success\": \u201cTrue\u201d, \u201cpressed\u201d: \u201cescape\"} (100ns) headlines as they arrive.\n2026-02-14 21:28:35,564 - httpx - INFO - HTTP Request: POST https: //api-openai. jletions \u201cHTTP/1.1 200 OK\u201d\nBS PEE = Us Reque: ps://api -openai .com/vi/chat/completions \u201cHIP/: \u2018Add a \u201cLive Events! sidebar to the\nargs: {\"seconds\": @.5} i 4 Integration Quant Terminal Ul that glows when\nWB SUCCESS: {\"waited\": \u201c0.5\"} (Soims) tf high-priority news hits.\n\n2026-02-14 21:28:37,997 - httpx - INFO - HTTP Request:\n\u2018\\ [OPENAT] TOOL CALL: ocr_screen\nArgs: {}\n2026-02-14 21:28:39,278 - httpx - INFO - HTTP Request:\nWB SUccESS: {\"elonents\": \u201c[{\u2018text': \u2018A', \u2018x': 18, \"y': 17, \u2018bounds\u2019: {\u2018left': 13, \u2018top\u2019: 12, \u2018width*\n1 \"A File Edit Selection View Go Run Terminal Help powerful-project-collection - antigravity - system p.\nun Terminal Help powerful-project-collection - antigravity - system p... [5@25 chars]\", \u201ctotal_elenents\u201d:\n2026-02-14 21:28:48,896 - httpx - INFO - HTTP Request: POST https: //api.openai..com/vi/chat/conpletions \u201cHTTP/1.1 200 OK\u201d\n\u2018\\ [OPENAT] TOOL CALL: ocr_screen\n\nPOST https: //api.openai.com/vi/chat/completions \u201cHITP/1.1 200 Ok\u201d\n\n10, \u201cheight\u2019\n\n\u201ctext! \"2 {left': 13, \u2018top\u2019: 12, \u2018width\u2019: 10, \u201cheight\n+ \"A File Edit Selection View Go Run Terminal Help powerful-project-collection - antigravity - systemp... [5321 chars]\",\nun Terminal Help powerful-project-collection - antigravity - system_p... [5321 chars]\", \u201ctotal_elements\": \"640\"} (5800ns)\n\n5 2026-02-14 21:28:58,639 - httpx - INFO - HTTP Request: POST https: //apiopenai.com/vi/chat/completions \u201cHITP/1.1 200 Ok\u201d\nGra \u2018\\. [OPENAT] TOOL CALL: ocr_screen\n> Timeline O ares: (3\n\nXE powerful-project-collection main\" <2 @o0A\\o\n\nMoPotsdiIreargeere\n\nQ Search\n\nPOST https: //api . telegram.org/bot7960886425 : AAFLELFHcHgN3nfpQsrhfFAXvSmtNHnBGdU/getUpdates \u201cHTTP/1.1 20 OK\"\n10}, \u2018conf.\n~ [5825 chars]\", \u201cplain text\u2019\n601\u00b0} (59@7ms)\n\nNext Step: | can start by creating the Monitoring Engine\ncore and the ETF Resolution logic.\n\n\u2018Should | begin by implementing the Background\n\n. [73194 chars], \u201cunfiltered text\u201d Monitoring Engine structure?\n\"A File Edit Selection View Go R\n\nrelegram.org/bot 7960886425 : AAFLELFHcNgN3nfpOsrhfFAXvSmtNHnBGdU/getUpdates \u201cHTTP/1.1 260 OK\"\n10}, \u2018conf.\n\u201cplain_text\u201d:\n\n- [78135 chars]\", \u201cunfiltered text\u201d\n\"A File Edit Selection View Go R\n\nReview Changes\n\nA Fast\n\nGemini 3 Flash mes\n\nLn18,Col3 Spaces: UTF-8 CRLF {} Python 3.13264-bit Antigravity- Settings\n\n9:28 PM\n\nCeO 2/14/2026\n\nA ENG\n",
  "plain_text": "A File Edit Selection View Go Run Terminal Help powerful-project-collection - Antigravity - system_promptpy Open Agent Manager C2 OOD 6 & @ - ag x\nay Explorer @ system_promptpy U X \u2014 @ _init_.py ...\\prompts U \u00ae eeutorrp Py MO o> - pwsh @& -* \u2014Tradio Al Prompt Enhancement. +9 x\nae cree tradio > om FEaEEOO system, rem > [el] SYSTEM_PROMPT PS C:\\Users\\Wagsihim AI\\Documents\\GitHub \\powerful-project-collection> \u2018eed. -\nS 6 role = sec\n> \u00a9 daily breakdown TT \u00b0 SEEN ey\n> \u00a9 eigent - **get_fundamentals**: core valuation and profitability metrics \u00a9 the agent does is \u201cRead the Sentinel Feed\" so it's\nSe > 6 emploai - **get_technical**: Instant indicator signals (RSI, MACD, etc.) | Een Teac\n> \u00a9 Mini-Agent ~ **get_news**: Market sentiment and company-specific headlines.\nce 43 - **get_hacker_news**: Tech-market crossover trends. 2 4. Proactive Commands (Sentinel Tools)\n= 44 - **web_search**: General financial or macro research.\nB > \u00a9 OpenBB aE New tools for the Al agent to manage its background self:\n> \u00a9 openclaw 46 #\u00a58 3. Neural Context (Memory) ser slert(symbol, condition) : Programmatically\nB > \u00a9 opencode 47 - **search_memory**: Query past sessions and user-defined prefer add background triggers.\n> \u00a9 temp 48 - \u201cupdate _memory**: Persist critical insights or global setting 2 See Fetch asimmary or\nA > \u00a9 test.workspace \u00b0 </tool_manifesto> findings from the last $X$ hours.\n> \u00a9 tradio\n51 <critical_reminders>\n\u00a9 system_prompts ~\nne 52 - **Financial Disclosure**: Always specify that your analysis is\nWINGS a O 52 - **Error Handling**: If a ticker is invalid or data is missing,\n54 - **Visualization**: Interactive charts are high-value. Always 5\n55 </critical_reminders>\"\"\" Implementation Phasing\n56\nPhase Milestone Description\nindows cannot find spotify\u2019. Make sure you typed the f and then try again. Phase ThePulse Create src/monitoring/engine.\n1 Core Seng a seep ee\nProblems Output Debug Console (EERE) Ports +e suport Tee SSS\n\\\\ [OPENAT] TOOL CALL: click 1 Phase | ETF Implement sx0/dats/et\u00a2_loade\nargs: {\"x\": 1240, \u201cy\": 651} 2 Resolution x py to auto-populate the\nMB SUCCESS: {\"success\": \u201cTrue\u201d, \u201cclicked\u201d: \"(1240, 651)\"} (264ms) | monitor list from CSV/Web links.\n2026-02-14 21:28:32,279 - httpx - INFO - HTTP Request: POST https: //api.openai.com/vi/chat/completions \u201cHITP/1.1 200 Ok\u201d\n\u2018\\ [OPENAT] TOOL CALL: press key Phase Neural Filter _ Integrate a \u201cSentinel Agent\u201d\n\u2018args: {\"key\": \u201cescape\"} 3 (background LLM) to score news\nIB SUCCESS: {\"success\": \u201cTrue\u201d, \u201cpressed\u201d: \u201cescape\"} (100ns) headlines as they arrive.\n2026-02-14 21:28:35,564 - httpx - INFO - HTTP Request: POST https: //api-openai. jletions \u201cHTTP/1.1 200 OK\u201d\nBS PEE = Us Reque: ps://api -openai .com/vi/chat/completions \u201cHIP/: \u2018Add a \u201cLive Events! sidebar to the\nargs: {\"seconds\": @.5} i 4 Integration Quant Terminal Ul that glows when\nWB SUCCESS: {\"waited\": \u201c0.5\"} (Soims) tf high-priority news hits.\n\n2026-02-14 21:28:37,997 - httpx - INFO - HTTP Request:\n\u2018\\ [OPENAT] TOOL CALL: ocr_screen\nArgs: {}\n2026-02-14 21:28:39,278 - httpx - INFO - HTTP Request:\nWB SUccESS: {\"elonents\": \u201c[{\u2018text': \u2018A', \u2018x': 18, \"y': 17, \u2018bounds\u2019: {\u2018left': 13, \u2018top\u2019: 12, \u2018width*\n1 \"A File Edit Selection View Go Run Terminal Help powerful-project-collection - antigravity - system p.\nun Terminal Help powerful-project-collection - antigravity - system p... [5@25 chars]\", \u201ctotal_elenents\u201d:\n2026-02-14 21:28:48,896 - httpx - INFO - HTTP Request: POST https: //api.openai..com/vi/chat/conpletions \u201cHTTP/1.1 200 OK\u201d\n\u2018\\ [OPENAT] TOOL CALL: ocr_screen\n\nPOST https: //api.openai.com/vi/chat/completions \u201cHITP/1.1 200 Ok\u201d\n\n10, \u201cheight\u2019\n\n\u201ctext! \"2 {left': 13, \u2018top\u2019: 12, \u2018width\u2019: 10, \u201cheight\n+ \"A File Edit Selection View Go Run Terminal Help powerful-project-collection - antigravity - systemp... [5321 chars]\",\nun Terminal Help powerful-project-collection - antigravity - system_p... [5321 chars]\", \u201ctotal_elements\": \"640\"} (5800ns)\n\n5 2026-02-14 21:28:58,639 - httpx - INFO - HTTP Request: POST https: //apiopenai.com/vi/chat/completions \u201cHITP/1.1 200 Ok\u201d\nGra \u2018\\. [OPENAT] TOOL CALL: ocr_screen\n> Timeline O ares: (3\n\nXE powerful-project-collection main\" <2 @o0A\\o\n\nMoPotsdiIreargeere\n\nQ Search\n\nPOST https: //api . telegram.org/bot7960886425 : AAFLELFHcHgN3nfpQsrhfFAXvSmtNHnBGdU/getUpdates \u201cHTTP/1.1 20 OK\"\n10}, \u2018conf.\n~ [5825 chars]\", \u201cplain text\u2019\n601\u00b0} (59@7ms)\n\nNext Step: | can start by creating the Monitoring Engine\ncore and the ETF Resolution logic.\n\n\u2018Should | begin by implementing the Background\n\n. [73194 chars], \u201cunfiltered text\u201d Monitoring Engine structure?\n\"A File Edit Selection View Go R\n\nrelegram.org/bot 7960886425 : AAFLELFHcNgN3nfpOsrhfFAXvSmtNHnBGdU/getUpdates \u201cHTTP/1.1 260 OK\"\n10}, \u2018conf.\n\u201cplain_text\u201d:\n\n- [78135 chars]\", \u201cunfiltered text\u201d\n\"A File Edit Selection View Go R\n\nReview Changes\n\nA Fast\n\nGemini 3 Flash mes\n\nLn18,Col3 Spaces: UTF-8 CRLF {} Python 3.13264-bit Antigravity- Settings\n\n9:28 PM\n\nCeO 2/14/2026\n\nA ENG\n",
  "total_elements": 621
}
21:29:04 | --------------------------------------------------------------------------------
21:29:08 | CALL | hotkey | {
  "keys": "win"
}
21:29:08 | RESULT | hotkey | ✅ SUCCESS (101ms)
{
  "success": true,
  "hotkey": "win"
}
21:29:08 | --------------------------------------------------------------------------------
21:29:10 | CALL | wait | {
  "seconds": 0.7
}
21:29:11 | RESULT | wait | ✅ SUCCESS (701ms)
{
  "waited": 0.7
}
21:29:11 | --------------------------------------------------------------------------------
21:29:13 | CALL | type_text | {
  "text": "Spotify"
}
21:29:13 | RESULT | type_text | ✅ SUCCESS (245ms)
{
  "success": true,
  "typed": "Spotify"
}
21:29:13 | --------------------------------------------------------------------------------
21:29:16 | CALL | wait | {
  "seconds": 0.5
}
21:29:16 | RESULT | wait | ✅ SUCCESS (500ms)
{
  "waited": 0.5
}
21:29:16 | --------------------------------------------------------------------------------
21:29:20 | CALL | press_key | {
  "key": "enter"
}
21:29:20 | RESULT | press_key | ✅ SUCCESS (100ms)
{
  "success": true,
  "pressed": "enter"
}
21:29:20 | --------------------------------------------------------------------------------
21:29:23 | CALL | wait | {
  "seconds": 3
}
21:29:26 | RESULT | wait | ✅ SUCCESS (3001ms)
{
  "waited": 3
}
21:29:26 | --------------------------------------------------------------------------------
21:29:29 | CALL | describe_screen | {
  "question": "Did Spotify open or is there an error dialog? What's on screen now?"
}
21:29:29 | RESULT | describe_screen | ✅ SUCCESS (208ms)
{
  "image_captured": true,
  "image_base64": "[BASE64 DATA - 387312 chars]",
  "description": "Screenshot captured successfully. Looking at the screen now.",
  "question": "Did Spotify open or is there an error dialog? What's on screen now?"
}
21:29:29 | --------------------------------------------------------------------------------
21:29:34 | CALL | click | {
  "x": 1323,
  "y": 624
}
21:29:34 | RESULT | click | ✅ SUCCESS (253ms)
{
  "success": true,
  "clicked": "(1323, 624)"
}
21:29:34 | --------------------------------------------------------------------------------
21:29:37 | CALL | wait | {
  "seconds": 0.5
}
21:29:38 | RESULT | wait | ✅ SUCCESS (500ms)
{
  "waited": 0.5
}
21:29:38 | --------------------------------------------------------------------------------
21:29:40 | CALL | hotkey | {
  "keys": "win+r"
}
21:29:40 | RESULT | hotkey | ✅ SUCCESS (101ms)
{
  "success": true,
  "hotkey": "win+r"
}
21:29:40 | --------------------------------------------------------------------------------
21:29:44 | CALL | wait | {
  "seconds": 0.6
}
21:29:44 | RESULT | wait | ✅ SUCCESS (600ms)
{
  "waited": 0.6
}
21:29:44 | --------------------------------------------------------------------------------
21:29:47 | CALL | type_text | {
  "text": "spotify"
}
21:29:47 | RESULT | type_text | ✅ SUCCESS (244ms)
{
  "success": true,
  "typed": "spotify"
}
21:29:47 | --------------------------------------------------------------------------------
21:29:51 | CALL | press_key | {
  "key": "enter"
}
21:29:51 | RESULT | press_key | ✅ SUCCESS (100ms)
{
  "success": true,
  "pressed": "enter"
}
21:29:51 | --------------------------------------------------------------------------------
21:29:53 | CALL | wait | {
  "seconds": 2
}
21:29:55 | RESULT | wait | ✅ SUCCESS (2001ms)
{
  "waited": 2
}
21:29:55 | --------------------------------------------------------------------------------
21:29:59 | CALL | describe_screen | {
  "question": "Did Spotify launch? If not, what error appears?"
}
21:29:59 | RESULT | describe_screen | ✅ SUCCESS (161ms)
{
  "image_captured": true,
  "image_base64": "[BASE64 DATA - 387280 chars]",
  "description": "Screenshot captured successfully. Looking at the screen now.",
  "question": "Did Spotify launch? If not, what error appears?"
}
21:29:59 | --------------------------------------------------------------------------------
21:30:20 | CALL | open_browser | {
  "url": "https://open.spotify.com/"
}
21:30:34 | RESULT | open_browser | ✅ SUCCESS (13282ms)
{
  "success": true,
  "url": "https://open.spotify.com/",
  "title": "Spotify - Web Player: Music for everyone"
}
21:30:34 | --------------------------------------------------------------------------------
21:30:35 | CALL | observe_browser | {}
21:30:38 | RESULT | observe_browser | ✅ SUCCESS (2716ms)
{
  "title": "Spotify - Web Player: Music for everyone",
  "url": "https://open.spotify.com/",
  "elements": [
    {
      "type": "link",
      "text": "Skip to main content"
    },
    {
      "type": "link",
      "text": "Install App"
    },
    {
      "type": "link",
      "text": "Browse podcasts"
    },
    {
      "type": "link",
      "text": "Legal"
    },
    {
      "type": "link",
      "text": "Safety & Privacy Center"
    },
    {
      "type": "link",
      "text": "Privacy Policy"
    },
    {
      "type": "link",
      "text": "Cookies"
    },
    {
      "type": "link",
      "text": "About Ads"
    },
    {
      "type": "link",
      "text": "Accessibility"
    },
    {
      "type": "link",
      "text": "Cookies"
    },
    {
      "type": "link",
      "text": "Trending songs"
    },
    {
      "type": "link",
      "text": "Show all"
    },
    {
      "type": "link",
      "text": "DtMF"
    },
    {
      "type": "link",
      "text": "Bad Bunny"
    },
    {
      "type": "link",
      "text": "\u05d0\u05d4\u05d1\u05d4 \u05e8\u05d0\u05e9\u05d5\u05e0\u05d4"
    },
    {
      "type": "link",
      "text": "\u05e0\u05d3\u05d1 \u05d7\u05e0\u05e6\u05d9\u05e1"
    },
    {
      "type": "link",
      "text": "\u05de\u05d7\u05e8\u05d5\u05d6\u05ea \u05e9\u05d1\u05ea"
    },
    {
      "type": "link",
      "text": "The Revivo Project"
    },
    {
      "type": "link",
      "text": "\u05e8\u05d5\u05dc\u05e7\u05e1 \u05d5\u05e7\u05e1\u05e7\u05d8"
    },
    {
      "type": "link",
      "text": "Eden Ben Zaken"
    },
    {
      "type": "link",
      "text": "\u05d9\u05d4 \u05d0\u05db\u05e1\u05d5\u05e3"
    },
    {
      "type": "link",
      "text": "\u05d1\u05d9\u05e0\u05d9 \u05dc\u05e0\u05d3\u05d0\u05d5"
    },
    {
      "type": "link",
      "text": "\u05d7\u05d1\u05e8\u05d9\u05dd \u05e9\u05dc\u05d9"
    },
    {
      "type": "link",
      "text": "LIAD MEIR"
    },
    {
      "type": "link",
      "text": "\u05d0\u05d9\u05df \u05de\u05d9\u05dc\u05d9\u05dd \u05d0\u05d9\u05ea\u05da"
    },
    {
      "type": "link",
      "text": "Full Trunk"
    },
    {
      "type": "link",
      "text": "\u05de\u05d7\u05e8\u05d5\u05d6\u05ea \u05e8\u05d5\u05e7 - Live"
    },
    {
      "type": "link",
      "text": "Eyal Golan"
    },
    {
      "type": "link",
      "text": "\u05e7\u05d1\u05dc\u05ea \u05e9\u05d1\u05ea"
    },
    {
      "type": "button",
      "text": "Home"
    },
    {
      "type": "button",
      "text": "Search"
    },
    {
      "type": "button",
      "text": "Browse"
    },
    {
      "type": "button",
      "text": "Premium"
    },
    {
      "type": "button",
      "text": "Support"
    },
    {
      "type": "button",
      "text": "Download"
    },
    {
      "type": "button",
      "text": "Sign up"
    },
    {
      "type": "button",
      "text": "Log in"
    },
    {
      "type": "button",
      "text": "Create"
    },
    {
      "type": "button",
      "text": "Create playlist"
    },
    {
      "type": "button",
      "text": "English"
    },
    {
      "type": "button",
      "text": "Sign up free"
    },
    {
      "type": "input",
      "text": "What do you want to play?"
    },
    {
      "type": "header",
      "text": "Your Library"
    },
    {
      "type": "header",
      "text": "Home"
    },
    {
      "type": "header",
      "text": "Trending songs"
    },
    {
      "type": "header",
      "text": "Popular artists"
    },
    {
      "type": "header",
      "text": "Popular albums and singles"
    },
    {
      "type": "header",
      "text": "Popular radio"
    },
    {
      "type": "header",
      "text": "Featured Charts"
    },
    {
      "type": "link",
      "text": "About"
    },
    {
      "type": "link",
      "text": "Jobs"
    },
    {
      "type": "link",
      "text": "For the Record"
    },
    {
      "type": "link",
      "text": "For Artists"
    },
    {
      "type": "link",
      "text": "Developers"
    },
    {
      "type": "link",
      "text": "Advertising"
    },
    {
      "type": "link",
      "text": "Investors"
    },
    {
      "type": "link",
      "text": "Vendors"
    },
    {
      "type": "link",
      "text": "Support"
    },
    {
      "type": "link",
      "text": "Free Mobile App"
    },
    {
      "type": "link",
      "text": "Popular by Country"
    },
    {
      "type": "link",
      "text": "Import your music"
    },
    {
      "type": "link",
      "text": "Premium Individual"
    },
    {
      "type": "link",
      "text": "Premium Duo"
    },
    {
      "type": "link",
      "text": "Premium Family"
    },
    {
      "type": "link",
      "text": "Premium Student"
    },
    {
      "type": "link",
      "text": "Spotify Free"
    }
  ]
}
21:30:38 | --------------------------------------------------------------------------------
21:30:39 | CALL | browser_click | {
  "target": "input:text(\"What do you want to play?\")"
}
21:30:39 | RESULT | browser_click | ❌ ERROR (58ms)
{
  "error": "Element not found: 'input:text(\"What do you want to play?\")'. Tried text, attributes, and CSS selector."
}
21:30:39 | --------------------------------------------------------------------------------
21:30:40 | CALL | browser_click | {
  "target": "What do you want to play?"
}
21:30:40 | RESULT | browser_click | ✅ SUCCESS (198ms)
{
  "success": true,
  "clicked": "What do you want to play?",
  "method": "xpath_match"
}
21:30:40 | --------------------------------------------------------------------------------
21:30:41 | CALL | browser_type | {
  "text": "Rick Astley Never Gonna Give You Up",
  "clear_first": true
}
21:30:42 | RESULT | browser_type | ✅ SUCCESS (200ms)
{
  "success": true,
  "typed": "Rick Astley Never Gonna Give You Up"
}
21:30:42 | --------------------------------------------------------------------------------
21:30:43 | CALL | browser_press_key | {
  "key": "enter"
}
21:30:43 | RESULT | browser_press_key | ✅ SUCCESS (47ms)
{
  "success": true,
  "pressed": "enter"
}
21:30:43 | --------------------------------------------------------------------------------
21:30:44 | CALL | wait | {
  "seconds": 2
}
21:30:46 | RESULT | wait | ✅ SUCCESS (2000ms)
{
  "waited": 2
}
21:30:46 | --------------------------------------------------------------------------------
21:30:47 | CALL | observe_browser | {}
21:30:49 | RESULT | observe_browser | ✅ SUCCESS (2121ms)
{
  "title": "Spotify \u2013 Search",
  "url": "https://open.spotify.com/search/Rick%20Astley%20Never%20Gonna%20Give%20You%20Up",
  "elements": [
    {
      "type": "link",
      "text": "Skip to main content"
    },
    {
      "type": "link",
      "text": "Install App"
    },
    {
      "type": "link",
      "text": "Browse podcasts"
    },
    {
      "type": "link",
      "text": "Legal"
    },
    {
      "type": "link",
      "text": "Safety & Privacy Center"
    },
    {
      "type": "link",
      "text": "Privacy Policy"
    },
    {
      "type": "link",
      "text": "Cookies"
    },
    {
      "type": "link",
      "text": "About Ads"
    },
    {
      "type": "link",
      "text": "Accessibility"
    },
    {
      "type": "link",
      "text": "Cookies"
    },
    {
      "type": "link",
      "text": "All"
    },
    {
      "type": "link",
      "text": "Songs"
    },
    {
      "type": "link",
      "text": "Playlists"
    },
    {
      "type": "link",
      "text": "Podcasts & Shows"
    },
    {
      "type": "link",
      "text": "Albums"
    },
    {
      "type": "link",
      "text": "Artists"
    },
    {
      "type": "link",
      "text": "Never Gonna Give You Up"
    },
    {
      "type": "link",
      "text": "Rick Astley"
    },
    {
      "type": "link",
      "text": "Songs"
    },
    {
      "type": "link",
      "text": "Never Gonna Give You Up"
    },
    {
      "type": "link",
      "text": "Rick Astley"
    },
    {
      "type": "link",
      "text": "Betty (Get Money)"
    },
    {
      "type": "link",
      "text": "Yung Gravy"
    },
    {
      "type": "link",
      "text": "Never Gonna Give You Up - Cake Mix"
    },
    {
      "type": "link",
      "text": "Rick Astley"
    },
    {
      "type": "link",
      "text": "Betty (Get Money)"
    },
    {
      "type": "link",
      "text": "Yung Gravy"
    },
    {
      "type": "link",
      "text": "Artists"
    },
    {
      "type": "link",
      "text": "Offer Nissim"
    },
    {
      "type": "button",
      "text": "Home"
    },
    {
      "type": "button",
      "text": "Search"
    },
    {
      "type": "button",
      "text": "Clear search field"
    },
    {
      "type": "button",
      "text": "Browse"
    },
    {
      "type": "button",
      "text": "Premium"
    },
    {
      "type": "button",
      "text": "Support"
    },
    {
      "type": "button",
      "text": "Download"
    },
    {
      "type": "button",
      "text": "Sign up"
    },
    {
      "type": "button",
      "text": "Log in"
    },
    {
      "type": "button",
      "text": "Create"
    },
    {
      "type": "button",
      "text": "Create playlist"
    },
    {
      "type": "button",
      "text": "English"
    },
    {
      "type": "button",
      "text": "Sign up free"
    },
    {
      "type": "button",
      "text": "All"
    },
    {
      "type": "button",
      "text": "Songs"
    },
    {
      "type": "button",
      "text": "Playlists"
    },
    {
      "type": "button",
      "text": "Podcasts & Shows"
    },
    {
      "type": "button",
      "text": "Albums"
    },
    {
      "type": "button",
      "text": "Artists"
    },
    {
      "type": "input",
      "text": "What do you want to play?"
    },
    {
      "type": "header",
      "text": "Your Library"
    },
    {
      "type": "header",
      "text": "Top result"
    },
    {
      "type": "header",
      "text": "Songs"
    },
    {
      "type": "header",
      "text": "Artists"
    },
    {
      "type": "header",
      "text": "Albums"
    },
    {
      "type": "header",
      "text": "Playlists"
    },
    {
      "type": "header",
      "text": "Podcasts"
    },
    {
      "type": "header",
      "text": "Episodes"
    },
    {
      "type": "link",
      "text": "About"
    },
    {
      "type": "link",
      "text": "Jobs"
    },
    {
      "type": "link",
      "text": "For the Record"
    },
    {
      "type": "link",
      "text": "For Artists"
    },
    {
      "type": "link",
      "text": "Developers"
    },
    {
      "type": "link",
      "text": "Advertising"
    },
    {
      "type": "link",
      "text": "Investors"
    },
    {
      "type": "link",
      "text": "Vendors"
    },
    {
      "type": "link",
      "text": "Support"
    },
    {
      "type": "link",
      "text": "Free Mobile App"
    },
    {
      "type": "link",
      "text": "Popular by Country"
    },
    {
      "type": "link",
      "text": "Import your music"
    },
    {
      "type": "link",
      "text": "Premium Individual"
    },
    {
      "type": "link",
      "text": "Premium Duo"
    },
    {
      "type": "link",
      "text": "Premium Family"
    },
    {
      "type": "link",
      "text": "Premium Student"
    },
    {
      "type": "link",
      "text": "Spotify Free"
    }
  ]
}
21:30:49 | --------------------------------------------------------------------------------
21:30:50 | CALL | browser_click | {
  "target": "Never Gonna Give You Up"
}
21:30:50 | RESULT | browser_click | ✅ SUCCESS (212ms)
{
  "success": true,
  "clicked": "Never Gonna Give You Up",
  "method": "xpath_match"
}
21:30:50 | --------------------------------------------------------------------------------
21:30:53 | CALL | wait | {
  "seconds": 2
}
21:30:55 | RESULT | wait | ✅ SUCCESS (2001ms)
{
  "waited": 2
}
21:30:55 | --------------------------------------------------------------------------------
21:30:56 | CALL | observe_browser | {}
21:30:58 | RESULT | observe_browser | ✅ SUCCESS (2072ms)
{
  "title": "Never Gonna Give You Up - song and lyrics by Rick Astley | Spotify",
  "url": "https://open.spotify.com/track/4PTG3Z6ehGkBFwjybzWkR8",
  "elements": [
    {
      "type": "link",
      "text": "Skip to main content"
    },
    {
      "type": "link",
      "text": "Install App"
    },
    {
      "type": "link",
      "text": "Browse podcasts"
    },
    {
      "type": "link",
      "text": "Legal"
    },
    {
      "type": "link",
      "text": "Safety & Privacy Center"
    },
    {
      "type": "link",
      "text": "Privacy Policy"
    },
    {
      "type": "link",
      "text": "Cookies"
    },
    {
      "type": "link",
      "text": "About Ads"
    },
    {
      "type": "link",
      "text": "Accessibility"
    },
    {
      "type": "link",
      "text": "Cookies"
    },
    {
      "type": "link",
      "text": "Rick Astley"
    },
    {
      "type": "link",
      "text": "Whenever You Need Somebody"
    },
    {
      "type": "link",
      "text": "Rick Astley"
    },
    {
      "type": "link",
      "text": "Stayin' Alive - From \"Saturday Night Fever\" Soundtrack"
    },
    {
      "type": "link",
      "text": "Bee Gees"
    },
    {
      "type": "link",
      "text": "Sweet Dreams (Are Made of This) - 2005 Remaster"
    },
    {
      "type": "link",
      "text": "Eurythmics"
    },
    {
      "type": "link",
      "text": "Annie Lennox"
    },
    {
      "type": "link",
      "text": "Dave Stewart"
    },
    {
      "type": "link",
      "text": "Wake Me Up Before You Go-Go"
    },
    {
      "type": "link",
      "text": "Wham!"
    },
    {
      "type": "link",
      "text": "Smooth Criminal - 2012 Remaster"
    },
    {
      "type": "link",
      "text": "Michael Jackson"
    },
    {
      "type": "link",
      "text": "September"
    },
    {
      "type": "link",
      "text": "Earth, Wind & Fire"
    },
    {
      "type": "link",
      "text": "Never Gonna Give You Up"
    },
    {
      "type": "link",
      "text": "Together Forever"
    },
    {
      "type": "link",
      "text": "Take Me to Your Heart - 2023 Remaster"
    },
    {
      "type": "link",
      "text": "Cry for Help"
    },
    {
      "type": "button",
      "text": "Home"
    },
    {
      "type": "button",
      "text": "Search"
    },
    {
      "type": "button",
      "text": "Browse"
    },
    {
      "type": "button",
      "text": "Premium"
    },
    {
      "type": "button",
      "text": "Support"
    },
    {
      "type": "button",
      "text": "Download"
    },
    {
      "type": "button",
      "text": "Sign up"
    },
    {
      "type": "button",
      "text": "Log in"
    },
    {
      "type": "button",
      "text": "Create"
    },
    {
      "type": "button",
      "text": "Create playlist"
    },
    {
      "type": "button",
      "text": "English"
    },
    {
      "type": "button",
      "text": "Sign up free"
    },
    {
      "type": "button",
      "text": "Play"
    },
    {
      "type": "button",
      "text": "Save to Your Library"
    },
    {
      "type": "button",
      "text": "More options for Never Gonna Give You Up"
    },
    {
      "type": "button",
      "text": "Log in"
    },
    {
      "type": "button",
      "text": "Sign up"
    },
    {
      "type": "input",
      "text": "What do you want to play?"
    },
    {
      "type": "header",
      "text": "Your Library"
    },
    {
      "type": "header",
      "text": "Never Gonna Give You Up"
    },
    {
      "type": "header",
      "text": "Rick Astley"
    },
    {
      "type": "header",
      "text": "Popular Releases by Rick Astley"
    },
    {
      "type": "header",
      "text": "Popular Albums by Rick Astley"
    },
    {
      "type": "header",
      "text": "Popular Singles and EPs by Rick Astley"
    },
    {
      "type": "header",
      "text": "Recommended releases"
    },
    {
      "type": "header",
      "text": "Fans also like"
    },
    {
      "type": "link",
      "text": "About"
    },
    {
      "type": "link",
      "text": "Jobs"
    },
    {
      "type": "link",
      "text": "For the Record"
    },
    {
      "type": "link",
      "text": "For Artists"
    },
    {
      "type": "link",
      "text": "Developers"
    },
    {
      "type": "link",
      "text": "Advertising"
    },
    {
      "type": "link",
      "text": "Investors"
    },
    {
      "type": "link",
      "text": "Vendors"
    },
    {
      "type": "link",
      "text": "Support"
    },
    {
      "type": "link",
      "text": "Free Mobile App"
    },
    {
      "type": "link",
      "text": "Popular by Country"
    },
    {
      "type": "link",
      "text": "Import your music"
    },
    {
      "type": "link",
      "text": "Premium Individual"
    },
    {
      "type": "link",
      "text": "Premium Duo"
    },
    {
      "type": "link",
      "text": "Premium Family"
    },
    {
      "type": "link",
      "text": "Premium Student"
    },
    {
      "type": "link",
      "text": "Spotify Free"
    }
  ]
}
21:30:58 | --------------------------------------------------------------------------------
21:30:59 | CALL | browser_click | {
  "target": "button:text(\"Play\")"
}
21:30:59 | RESULT | browser_click | ❌ ERROR (48ms)
{
  "error": "Element not found: 'button:text(\"Play\")'. Tried text, attributes, and CSS selector."
}
21:30:59 | --------------------------------------------------------------------------------
21:31:00 | CALL | browser_click | {
  "target": "Play"
}
21:31:00 | RESULT | browser_click | ✅ SUCCESS (291ms)
{
  "success": true,
  "clicked": "Play",
  "method": "xpath_match"
}
21:31:00 | --------------------------------------------------------------------------------
21:31:01 | CALL | wait | {
  "seconds": 2
}
21:31:03 | RESULT | wait | ✅ SUCCESS (2000ms)
{
  "waited": 2
}
21:31:03 | --------------------------------------------------------------------------------
21:31:04 | CALL | observe_browser | {}
21:31:06 | RESULT | observe_browser | ✅ SUCCESS (2055ms)
{
  "title": "Never Gonna Give You Up - song and lyrics by Rick Astley | Spotify",
  "url": "https://open.spotify.com/track/4PTG3Z6ehGkBFwjybzWkR8#login",
  "elements": [
    {
      "type": "link",
      "text": "Skip to main content"
    },
    {
      "type": "link",
      "text": "Install App"
    },
    {
      "type": "link",
      "text": "Browse podcasts"
    },
    {
      "type": "link",
      "text": "Legal"
    },
    {
      "type": "link",
      "text": "Safety & Privacy Center"
    },
    {
      "type": "link",
      "text": "Privacy Policy"
    },
    {
      "type": "link",
      "text": "Cookies"
    },
    {
      "type": "link",
      "text": "About Ads"
    },
    {
      "type": "link",
      "text": "Accessibility"
    },
    {
      "type": "link",
      "text": "Cookies"
    },
    {
      "type": "link",
      "text": "Rick Astley"
    },
    {
      "type": "link",
      "text": "Whenever You Need Somebody"
    },
    {
      "type": "link",
      "text": "Rick Astley"
    },
    {
      "type": "link",
      "text": "Stayin' Alive - From \"Saturday Night Fever\" Soundtrack"
    },
    {
      "type": "link",
      "text": "Bee Gees"
    },
    {
      "type": "link",
      "text": "Sweet Dreams (Are Made of This) - 2005 Remaster"
    },
    {
      "type": "link",
      "text": "Eurythmics"
    },
    {
      "type": "link",
      "text": "Annie Lennox"
    },
    {
      "type": "link",
      "text": "Dave Stewart"
    },
    {
      "type": "link",
      "text": "Wake Me Up Before You Go-Go"
    },
    {
      "type": "link",
      "text": "Wham!"
    },
    {
      "type": "link",
      "text": "Smooth Criminal - 2012 Remaster"
    },
    {
      "type": "link",
      "text": "Michael Jackson"
    },
    {
      "type": "link",
      "text": "September"
    },
    {
      "type": "link",
      "text": "Earth, Wind & Fire"
    },
    {
      "type": "link",
      "text": "Never Gonna Give You Up"
    },
    {
      "type": "link",
      "text": "Together Forever"
    },
    {
      "type": "link",
      "text": "Take Me to Your Heart - 2023 Remaster"
    },
    {
      "type": "link",
      "text": "Cry for Help"
    },
    {
      "type": "button",
      "text": "Home"
    },
    {
      "type": "button",
      "text": "Search"
    },
    {
      "type": "button",
      "text": "Browse"
    },
    {
      "type": "button",
      "text": "Premium"
    },
    {
      "type": "button",
      "text": "Support"
    },
    {
      "type": "button",
      "text": "Download"
    },
    {
      "type": "button",
      "text": "Sign up"
    },
    {
      "type": "button",
      "text": "Log in"
    },
    {
      "type": "button",
      "text": "Create"
    },
    {
      "type": "button",
      "text": "Create playlist"
    },
    {
      "type": "button",
      "text": "English"
    },
    {
      "type": "button",
      "text": "Sign up free"
    },
    {
      "type": "button",
      "text": "Play"
    },
    {
      "type": "button",
      "text": "Save to Your Library"
    },
    {
      "type": "button",
      "text": "More options for Never Gonna Give You Up"
    },
    {
      "type": "button",
      "text": "Log in"
    },
    {
      "type": "button",
      "text": "Sign up"
    },
    {
      "type": "input",
      "text": "What do you want to play?"
    },
    {
      "type": "header",
      "text": "Your Library"
    },
    {
      "type": "header",
      "text": "Never Gonna Give You Up"
    },
    {
      "type": "header",
      "text": "Rick Astley"
    },
    {
      "type": "header",
      "text": "Popular Releases by Rick Astley"
    },
    {
      "type": "header",
      "text": "Popular Albums by Rick Astley"
    },
    {
      "type": "header",
      "text": "Popular Singles and EPs by Rick Astley"
    },
    {
      "type": "header",
      "text": "Recommended releases"
    },
    {
      "type": "header",
      "text": "Fans also like"
    },
    {
      "type": "header",
      "text": "Start listening with a free Spotify account"
    },
    {
      "type": "link",
      "text": "About"
    },
    {
      "type": "link",
      "text": "Jobs"
    },
    {
      "type": "link",
      "text": "For the Record"
    },
    {
      "type": "link",
      "text": "For Artists"
    },
    {
      "type": "link",
      "text": "Developers"
    },
    {
      "type": "link",
      "text": "Advertising"
    },
    {
      "type": "link",
      "text": "Investors"
    },
    {
      "type": "link",
      "text": "Vendors"
    },
    {
      "type": "link",
      "text": "Support"
    },
    {
      "type": "link",
      "text": "Free Mobile App"
    },
    {
      "type": "link",
      "text": "Popular by Country"
    },
    {
      "type": "link",
      "text": "Import your music"
    },
    {
      "type": "link",
      "text": "Premium Individual"
    },
    {
      "type": "link",
      "text": "Premium Duo"
    },
    {
      "type": "link",
      "text": "Premium Family"
    },
    {
      "type": "link",
      "text": "Premium Student"
    },
    {
      "type": "link",
      "text": "Spotify Free"
    }
  ]
}
21:31:06 | --------------------------------------------------------------------------------
00:00:35 | CALL | describe_screen | {}
00:00:36 | RESULT | describe_screen | ✅ SUCCESS (256ms)
{
  "image_captured": true,
  "image_base64": "[BASE64 DATA - 480704 chars]",
  "description": "Screenshot captured successfully. Looking at the screen now.",
  "question": "What is on the screen?"
}
00:00:36 | --------------------------------------------------------------------------------
00:01:02 | CALL | ocr_screen | {}
00:01:11 | RESULT | ocr_screen | ✅ SUCCESS (9524ms)
{
  "elements": [
    {
      "text": "A",
      "x": 18,
      "y": 17,
      "bounds": {
        "left": 13,
        "top": 12,
        "width": 10,
        "height": 10
      },
      "confidence": 95
    },
    {
      "text": "\u00bb",
      "x": 21,
      "y": 182,
      "bounds": {
        "left": 12,
        "top": 173,
        "width": 18,
        "height": 18
      },
      "confidence": 33
    },
    {
      "text": "ge",
      "x": 19,
      "y": 140,
      "bounds": {
        "left": 0,
        "top": 130,
        "width": 39,
        "height": 20
      },
      "confidence": 44
    },
    {
      "text": ">",
      "x": 21,
      "y": 308,
      "bounds": {
        "left": 14,
        "top": 300,
        "width": 14,
        "height": 16
      },
      "confidence": 65
    },
    {
      "text": "B",
      "x": 22,
      "y": 266,
      "bounds": {
        "left": 14,
        "top": 258,
        "width": 16,
        "height": 16
      },
      "confidence": 82
    },
    {
      "text": "&",
      "x": 21,
      "y": 225,
      "bounds": {
        "left": 12,
        "top": 217,
        "width": 18,
        "height": 16
      },
      "confidence": 65
    },
    {
      "text": "*",
      "x": 23,
      "y": 1020,
      "bounds": {
        "left": 18,
        "top": 1014,
        "width": 10,
        "height": 13
      },
      "confidence": 56
    },
    {
      "text": "File",
      "x": 53,
      "y": 17,
      "bounds": {
        "left": 44,
        "top": 12,
        "width": 19,
        "height": 10
      },
      "confidence": 78
    },
    {
      "text": "Edit",
      "x": 89,
      "y": 17,
      "bounds": {
        "left": 79,
        "top": 12,
        "width": 21,
        "height": 10
      },
      "confidence": 88
    },
    {
      "text": "Selection",
      "x": 142,
      "y": 17,
      "bounds": {
        "left": 116,
        "top": 12,
        "width": 52,
        "height": 10
      },
      "confidence": 88
    },
    {
      "text": "View",
      "x": 198,
      "y": 17,
      "bounds": {
        "left": 184,
        "top": 12,
        "width": 28,
        "height": 10
      },
      "confidence": 92
    },
    {
      "text": "Go",
      "x": 236,
      "y": 17,
      "bounds": {
        "left": 228,
        "top": 13,
        "width": 16,
        "height": 9
      },
      "confidence": 91
    },
    {
      "text": "Run",
      "x": 272,
      "y": 17,
      "bounds": {
        "left": 261,
        "top": 13,
        "width": 22,
        "height": 9
      },
      "confidence": 91
    },
    {
      "text": "Terminal",
      "x": 323,
      "y": 17,
      "bounds": {
        "left": 299,
        "top": 12,
        "width": 48,
        "height": 10
      },
      "confidence": 93
    },
    {
      "text": "Help",
      "x": 377,
      "y": 18,
      "bounds": {
        "left": 364,
        "top": 12,
        "width": 26,
        "height": 13
      },
      "confidence": 93
    },
    {
      "text": "Explorer",
      "x": 84,
      "y": 54,
      "bounds": {
        "left": 58,
        "top": 41,
        "width": 52,
        "height": 26
      },
      "confidence": 91
    },
    {
      "text": "2",
      "x": 204,
      "y": 53,
      "bounds": {
        "left": 203,
        "top": 52,
        "width": 2,
        "height": 2
      },
      "confidence": 77
    },
    {
      "text": "\u00ae",
      "x": 251,
      "y": 50,
      "bounds": {
        "left": 245,
        "top": 44,
        "width": 12,
        "height": 12
      },
      "confidence": 54
    },
    {
      "text": "loop.py",
      "x": 287,
      "y": 51,
      "bounds": {
        "left": 266,
        "top": 45,
        "width": 43,
        "height": 13
      },
      "confidence": 84
    },
    {
      "text": "\u00a9",
      "x": 47,
      "y": 78,
      "bounds": {
        "left": 43,
        "top": 62,
        "width": 9,
        "height": 33
      },
      "confidence": 37
    },
    {
      "text": "powerful",
      "x": 88,
      "y": 78,
      "bounds": {
        "left": 62,
        "top": 62,
        "width": 53,
        "height": 33
      },
      "confidence": 70
    },
    {
      "text": "project-collection",
      "x": 165,
      "y": 78,
      "bounds": {
        "left": 117,
        "top": 62,
        "width": 97,
        "height": 33
      },
      "confidence": 61
    },
    {
      "text": ">",
      "x": 303,
      "y": 76,
      "bounds": {
        "left": 301,
        "top": 71,
        "width": 4,
        "height": 10
      },
      "confidence": 96
    },
    {
      "text": "cli",
      "x": 317,
      "y": 76,
      "bounds": {
        "left": 311,
        "top": 71,
        "width": 12,
        "height": 10
      },
      "confidence": 73
    },
    {
      "text": "em",
      "x": 589,
      "y": 52,
      "bounds": {
        "left": 584,
        "top": 49,
        "width": 11,
        "height": 6
      },
      "confidence": 60
    },
    {
      "text": ">",
      "x": 332,
      "y": 76,
      "bounds": {
        "left": 329,
        "top": 71,
        "width": 6,
        "height": 10
      },
      "confidence": 92
    },
    {
      "text": "agent",
      "x": 355,
      "y": 76,
      "bounds": {
        "left": 339,
        "top": 62,
        "width": 32,
        "height": 29
      },
      "confidence": 52
    },
    {
      "text": "tools",
      "x": 392,
      "y": 76,
      "bounds": {
        "left": 378,
        "top": 62,
        "width": 28,
        "height": 29
      },
      "confidence": 52
    },
    {
      "text": ">",
      "x": 415,
      "y": 76,
      "bounds": {
        "left": 414,
        "top": 71,
        "width": 3,
        "height": 10
      },
      "confidence": 89
    },
    {
      "text": ">...",
      "x": 500,
      "y": 76,
      "bounds": {
        "left": 492,
        "top": 71,
        "width": 17,
        "height": 10
      },
      "confidence": 58
    },
    {
      "text": "powerful-project-collection",
      "x": 905,
      "y": 19,
      "bounds": {
        "left": 833,
        "top": 13,
        "width": 144,
        "height": 12
      },
      "confidence": 90
    },
    {
      "text": "-",
      "x": 983,
      "y": 18,
      "bounds": {
        "left": 981,
        "top": 18,
        "width": 4,
        "height": 1
      },
      "confidence": 83
    },
    {
      "text": "Antigravity",
      "x": 1017,
      "y": 19,
      "bounds": {
        "left": 988,
        "top": 13,
        "width": 58,
        "height": 12
      },
      "confidence": 92
    },
    {
      "text": "-",
      "x": 1051,
      "y": 18,
      "bounds": {
        "left": 1049,
        "top": 18,
        "width": 5,
        "height": 1
      },
      "confidence": 83
    },
    {
      "text": "looppy",
      "x": 1076,
      "y": 19,
      "bounds": {
        "left": 1057,
        "top": 13,
        "width": 39,
        "height": 12
      },
      "confidence": 62
    },
    {
      "text": "setup",
      "x": 704,
      "y": 50,
      "bounds": {
        "left": 686,
        "top": 46,
        "width": 36,
        "height": 9
      },
      "confidence": 60
    },
    {
      "text": "Dy",
      "x": 745,
      "y": 50,
      "bounds": {
        "left": 732,
        "top": 44,
        "width": 26,
        "height": 13
      },
      "confidence": 70
    },
    {
      "text": "\u20ac",
      "x": 803,
      "y": 50,
      "bounds": {
        "left": 796,
        "top": 45,
        "width": 14,
        "height": 11
      },
      "confidence": 57
    },
    {
      "text": ">",
      "x": 829,
      "y": 50,
      "bounds": {
        "left": 822,
        "top": 45,
        "width": 14,
        "height": 11
      },
      "confidence": 78
    },
    {
      "text": "=",
      "x": 855,
      "y": 50,
      "bounds": {
        "left": 849,
        "top": 49,
        "width": 12,
        "height": 2
      },
      "confidence": 40
    },
    {
      "text": "pwsh",
      "x": 924,
      "y": 51,
      "bounds": {
        "left": 910,
        "top": 45,
        "width": 29,
        "height": 13
      },
      "confidence": 86
    },
    {
      "text": "Xx",
      "x": 983,
      "y": 50,
      "bounds": {
        "left": 979,
        "top": 46,
        "width": 8,
        "height": 8
      },
      "confidence": 62
    },
    {
      "text": "PS",
      "x": 905,
      "y": 76,
      "bounds": {
        "left": 898,
        "top": 72,
        "width": 14,
        "height": 9
      },
      "confidence": 62
    },
    {
      "text": "C:\\Users\\Magsihim",
      "x": 979,
      "y": 76,
      "bounds": {
        "left": 919,
        "top": 61,
        "width": 120,
        "height": 31
      },
      "confidence": 52
    },
    {
      "text": "=\u2014",
      "x": 832,
      "y": 98,
      "bounds": {
        "left": 800,
        "top": 91,
        "width": 64,
        "height": 14
      },
      "confidence": 57
    },
    {
      "text": "HTTP",
      "x": 554,
      "y": 542,
      "bounds": {
        "left": 540,
        "top": 538,
        "width": 29,
        "height": 9
      },
      "confidence": 72
    },
    {
      "text": "Request:",
      "x": 602,
      "y": 544,
      "bounds": {
        "left": 576,
        "top": 538,
        "width": 53,
        "height": 12
      },
      "confidence": 89
    },
    {
      "text": "POST",
      "x": 652,
      "y": 542,
      "bounds": {
        "left": 638,
        "top": 538,
        "width": 29,
        "height": 9
      },
      "confidence": 89
    },
    {
      "text": "https:",
      "x": 693,
      "y": 542,
      "bounds": {
        "left": 673,
        "top": 528,
        "width": 40,
        "height": 29
      },
      "confidence": 54
    },
    {
      "text": ":",
      "x": 943,
      "y": 543,
      "bounds": {
        "left": 942,
        "top": 540,
        "width": 2,
        "height": 7
      },
      "confidence": 89
    },
    {
      "text": "AAFLEL",
      "x": 968,
      "y": 542,
      "bounds": {
        "left": 951,
        "top": 528,
        "width": 35,
        "height": 29
      },
      "confidence": 81
    },
    {
      "text": "\u201cHTTP/1.1",
      "x": 1335,
      "y": 542,
      "bounds": {
        "left": 1304,
        "top": 537,
        "width": 62,
        "height": 11
      },
      "confidence": 45
    },
    {
      "text": "288",
      "x": 1384,
      "y": 542,
      "bounds": {
        "left": 1373,
        "top": 538,
        "width": 22,
        "height": 9
      },
      "confidence": 62
    },
    {
      "text": "Ok\u201d",
      "x": 1411,
      "y": 542,
      "bounds": {
        "left": 1401,
        "top": 537,
        "width": 21,
        "height": 10
      },
      "confidence": 64
    },
    {
      "text": "HTTP",
      "x": 554,
      "y": 559,
      "bounds": {
        "left": 540,
        "top": 555,
        "width": 29,
        "height": 9
      },
      "confidence": 78
    },
    {
      "text": "Request:",
      "x": 602,
      "y": 561,
      "bounds": {
        "left": 576,
        "top": 555,
        "width": 53,
        "height": 12
      },
      "confidence": 90
    },
    {
      "text": "POST",
      "x": 652,
      "y": 559,
      "bounds": {
        "left": 638,
        "top": 555,
        "width": 29,
        "height": 9
      },
      "confidence": 90
    },
    {
      "text": "https:",
      "x": 693,
      "y": 559,
      "bounds": {
        "left": 673,
        "top": 545,
        "width": 40,
        "height": 29
      },
      "confidence": 76
    },
    {
      "text": "//api.telegram.org/bot7960886425",
      "x": 996,
      "y": 560,
      "bounds": {
        "left": 717,
        "top": 554,
        "width": 558,
        "height": 13
      },
      "confidence": 53
    },
    {
      "text": ":",
      "x": 943,
      "y": 559,
      "bounds": {
        "left": 942,
        "top": 545,
        "width": 3,
        "height": 29
      },
      "confidence": 87
    },
    {
      "text": "AAFLEL",
      "x": 968,
      "y": 559,
      "bounds": {
        "left": 951,
        "top": 545,
        "width": 35,
        "height": 29
      },
      "confidence": 82
    },
    {
      "text": "\u201cHITP/1.1",
      "x": 1314,
      "y": 559,
      "bounds": {
        "left": 1283,
        "top": 554,
        "width": 62,
        "height": 11
      },
      "confidence": 43
    },
    {
      "text": "200",
      "x": 1363,
      "y": 559,
      "bounds": {
        "left": 1352,
        "top": 555,
        "width": 22,
        "height": 9
      },
      "confidence": 94
    },
    {
      "text": "Ok\u201d",
      "x": 1390,
      "y": 559,
      "bounds": {
        "left": 1380,
        "top": 554,
        "width": 21,
        "height": 10
      },
      "confidence": 50
    },
    {
      "text": "HTTP",
      "x": 554,
      "y": 576,
      "bounds": {
        "left": 540,
        "top": 572,
        "width": 29,
        "height": 9
      },
      "confidence": 69
    },
    {
      "text": "Request:",
      "x": 602,
      "y": 578,
      "bounds": {
        "left": 576,
        "top": 572,
        "width": 53,
        "height": 12
      },
      "confidence": 91
    },
    {
      "text": "POST",
      "x": 652,
      "y": 576,
      "bounds": {
        "left": 638,
        "top": 572,
        "width": 29,
        "height": 9
      },
      "confidence": 91
    },
    {
      "text": "https://api-openai",
      "x": 735,
      "y": 576,
      "bounds": {
        "left": 673,
        "top": 562,
        "width": 124,
        "height": 29
      },
      "confidence": 32
    },
    {
      "text": ".com/vi/chat/completions",
      "x": 884,
      "y": 576,
      "bounds": {
        "left": 801,
        "top": 562,
        "width": 166,
        "height": 29
      },
      "confidence": 32
    },
    {
      "text": "\u201cHTTP/1.1",
      "x": 1006,
      "y": 576,
      "bounds": {
        "left": 975,
        "top": 571,
        "width": 62,
        "height": 11
      },
      "confidence": 44
    },
    {
      "text": "200",
      "x": 1055,
      "y": 576,
      "bounds": {
        "left": 1044,
        "top": 572,
        "width": 22,
        "height": 9
      },
      "confidence": 79
    },
    {
      "text": "Ok\"",
      "x": 1082,
      "y": 576,
      "bounds": {
        "left": 1072,
        "top": 571,
        "width": 21,
        "height": 10
      },
      "confidence": 70
    },
    {
      "text": "HTTP",
      "x": 554,
      "y": 593,
      "bounds": {
        "left": 540,
        "top": 589,
        "width": 29,
        "height": 9
      },
      "confidence": 77
    },
    {
      "text": "Request:",
      "x": 602,
      "y": 595,
      "bounds": {
        "left": 576,
        "top": 589,
        "width": 53,
        "height": 12
      },
      "confidence": 91
    },
    {
      "text": "POST",
      "x": 652,
      "y": 593,
      "bounds": {
        "left": 638,
        "top": 589,
        "width": 29,
        "height": 9
      },
      "confidence": 91
    },
    {
      "text": "https:",
      "x": 693,
      "y": 593,
      "bounds": {
        "left": 673,
        "top": 579,
        "width": 40,
        "height": 29
      },
      "confidence": 70
    },
    {
      "text": ":",
      "x": 943,
      "y": 594,
      "bounds": {
        "left": 942,
        "top": 591,
        "width": 2,
        "height": 7
      },
      "confidence": 89
    },
    {
      "text": "AAFLEL",
      "x": 968,
      "y": 593,
      "bounds": {
        "left": 951,
        "top": 579,
        "width": 35,
        "height": 29
      },
      "confidence": 82
    },
    {
      "text": "\u201cHTTP/1.1",
      "x": 1314,
      "y": 593,
      "bounds": {
        "left": 1283,
        "top": 588,
        "width": 62,
        "height": 11
      },
      "confidence": 55
    },
    {
      "text": "200",
      "x": 1363,
      "y": 593,
      "bounds": {
        "left": 1352,
        "top": 589,
        "width": 22,
        "height": 9
      },
      "confidence": 93
    },
    {
      "text": "Ok\u201d",
      "x": 1390,
      "y": 593,
      "bounds": {
        "left": 1380,
        "top": 588,
        "width": 21,
        "height": 10
      },
      "confidence": 47
    },
    {
      "text": "HTTP",
      "x": 554,
      "y": 610,
      "bounds": {
        "left": 540,
        "top": 606,
        "width": 29,
        "height": 9
      },
      "confidence": 76
    },
    {
      "text": "Request:",
      "x": 602,
      "y": 612,
      "bounds": {
        "left": 576,
        "top": 606,
        "width": 53,
        "height": 12
      },
      "confidence": 92
    },
    {
      "text": "POST",
      "x": 652,
      "y": 610,
      "bounds": {
        "left": 638,
        "top": 606,
        "width": 29,
        "height": 9
      },
      "confidence": 92
    },
    {
      "text": "https:",
      "x": 693,
      "y": 610,
      "bounds": {
        "left": 673,
        "top": 596,
        "width": 40,
        "height": 29
      },
      "confidence": 74
    },
    {
      "text": "org/bot7960886425",
      "x": 879,
      "y": 610,
      "bounds": {
        "left": 821,
        "top": 596,
        "width": 117,
        "height": 29
      },
      "confidence": 66
    },
    {
      "text": ":",
      "x": 943,
      "y": 611,
      "bounds": {
        "left": 942,
        "top": 608,
        "width": 2,
        "height": 7
      },
      "confidence": 66
    },
    {
      "text": "AAFLEL",
      "x": 968,
      "y": 610,
      "bounds": {
        "left": 951,
        "top": 596,
        "width": 35,
        "height": 29
      },
      "confidence": 80
    },
    {
      "text": "FHcWgN3nfpOsrhfFAXvSmtNHnBGdU/editMessageText",
      "x": 1145,
      "y": 611,
      "bounds": {
        "left": 988,
        "top": 605,
        "width": 315,
        "height": 13
      },
      "confidence": 43
    },
    {
      "text": "\"HITP/1.1",
      "x": 1342,
      "y": 610,
      "bounds": {
        "left": 1311,
        "top": 605,
        "width": 62,
        "height": 11
      },
      "confidence": 31
    },
    {
      "text": "208",
      "x": 1391,
      "y": 610,
      "bounds": {
        "left": 1380,
        "top": 606,
        "width": 22,
        "height": 9
      },
      "confidence": 71
    },
    {
      "text": "Ok\u201d",
      "x": 1418,
      "y": 610,
      "bounds": {
        "left": 1408,
        "top": 605,
        "width": 21,
        "height": 10
      },
      "confidence": 53
    },
    {
      "text": "POST",
      "x": 652,
      "y": 627,
      "bounds": {
        "left": 638,
        "top": 623,
        "width": 29,
        "height": 9
      },
      "confidence": 87
    },
    {
      "text": "https:",
      "x": 691,
      "y": 628,
      "bounds": {
        "left": 674,
        "top": 622,
        "width": 34,
        "height": 13
      },
      "confidence": 87
    },
    {
      "text": "//api",
      "x": 732,
      "y": 627,
      "bounds": {
        "left": 716,
        "top": 613,
        "width": 32,
        "height": 29
      },
      "confidence": 78
    },
    {
      "text": ".",
      "x": 753,
      "y": 631,
      "bounds": {
        "left": 752,
        "top": 630,
        "width": 3,
        "height": 2
      },
      "confidence": 78
    },
    {
      "text": "telegram.org/bot7960886425",
      "x": 848,
      "y": 628,
      "bounds": {
        "left": 757,
        "top": 622,
        "width": 182,
        "height": 13
      },
      "confidence": 49
    },
    {
      "text": ":",
      "x": 943,
      "y": 627,
      "bounds": {
        "left": 940,
        "top": 613,
        "width": 6,
        "height": 29
      },
      "confidence": 49
    },
    {
      "text": "\u201cHTTP/1.1",
      "x": 1307,
      "y": 627,
      "bounds": {
        "left": 1276,
        "top": 622,
        "width": 62,
        "height": 11
      },
      "confidence": 55
    },
    {
      "text": "20",
      "x": 1356,
      "y": 627,
      "bounds": {
        "left": 1345,
        "top": 623,
        "width": 22,
        "height": 9
      },
      "confidence": 82
    },
    {
      "text": "OK\"",
      "x": 1383,
      "y": 627,
      "bounds": {
        "left": 1373,
        "top": 622,
        "width": 21,
        "height": 10
      },
      "confidence": 54
    },
    {
      "text": ">",
      "x": 61,
      "y": 103,
      "bounds": {
        "left": 58,
        "top": 98,
        "width": 6,
        "height": 10
      },
      "confidence": 69
    },
    {
      "text": "daily",
      "x": 110,
      "y": 104,
      "bounds": {
        "left": 94,
        "top": 98,
        "width": 33,
        "height": 13
      },
      "confidence": 53
    },
    {
      "text": "\u2018Unified",
      "x": 351,
      "y": 96,
      "bounds": {
        "left": 324,
        "top": 91,
        "width": 54,
        "height": 10
      },
      "confidence": 89
    },
    {
      "text": "tool-calling:",
      "x": 432,
      "y": 97,
      "bounds": {
        "left": 386,
        "top": 91,
        "width": 92,
        "height": 13
      },
      "confidence": 45
    },
    {
      "text": "loop",
      "x": 502,
      "y": 97,
      "bounds": {
        "left": 487,
        "top": 91,
        "width": 30,
        "height": 13
      },
      "confidence": 93
    },
    {
      "text": "for",
      "x": 536,
      "y": 96,
      "bounds": {
        "left": 525,
        "top": 91,
        "width": 22,
        "height": 10
      },
      "confidence": 67
    },
    {
      "text": "multiple",
      "x": 586,
      "y": 97,
      "bounds": {
        "left": 555,
        "top": 91,
        "width": 62,
        "height": 13
      },
      "confidence": 67
    },
    {
      "text": "LLM",
      "x": 637,
      "y": 96,
      "bounds": {
        "left": 626,
        "top": 92,
        "width": 22,
        "height": 9
      },
      "confidence": 91
    },
    {
      "text": "providers:",
      "x": 690,
      "y": 97,
      "bounds": {
        "left": 656,
        "top": 91,
        "width": 68,
        "height": 13
      },
      "confidence": 70
    },
    {
      "text": ">",
      "x": 61,
      "y": 125,
      "bounds": {
        "left": 58,
        "top": 120,
        "width": 6,
        "height": 10
      },
      "confidence": 46
    },
    {
      "text": "3",
      "x": 271,
      "y": 134,
      "bounds": {
        "left": 268,
        "top": 130,
        "width": 6,
        "height": 9
      },
      "confidence": 68
    },
    {
      "text": "import.",
      "x": 324,
      "y": 135,
      "bounds": {
        "left": 301,
        "top": 129,
        "width": 46,
        "height": 13
      },
      "confidence": 42
    },
    {
      "text": "json",
      "x": 370,
      "y": 135,
      "bounds": {
        "left": 355,
        "top": 129,
        "width": 30,
        "height": 13
      },
      "confidence": 57
    },
    {
      "text": "x",
      "x": 813,
      "y": 139,
      "bounds": {
        "left": 800,
        "top": 133,
        "width": 26,
        "height": 12
      },
      "confidence": 40
    },
    {
      "text": "\u00a9",
      "x": 80,
      "y": 147,
      "bounds": {
        "left": 73,
        "top": 142,
        "width": 14,
        "height": 10
      },
      "confidence": 75
    },
    {
      "text": "emploai",
      "x": 117,
      "y": 148,
      "bounds": {
        "left": 94,
        "top": 142,
        "width": 46,
        "height": 13
      },
      "confidence": 89
    },
    {
      "text": "e",
      "x": 211,
      "y": 147,
      "bounds": {
        "left": 208,
        "top": 144,
        "width": 6,
        "height": 6
      },
      "confidence": 38
    },
    {
      "text": "=a",
      "x": 347,
      "y": 154,
      "bounds": {
        "left": 309,
        "top": 148,
        "width": 77,
        "height": 13
      },
      "confidence": 40
    },
    {
      "text": ">",
      "x": 69,
      "y": 169,
      "bounds": {
        "left": 66,
        "top": 164,
        "width": 6,
        "height": 10
      },
      "confidence": 95
    },
    {
      "text": "\u00a9",
      "x": 88,
      "y": 169,
      "bounds": {
        "left": 81,
        "top": 164,
        "width": 14,
        "height": 10
      },
      "confidence": 84
    },
    {
      "text": "_pycache_",
      "x": 136,
      "y": 170,
      "bounds": {
        "left": 102,
        "top": 164,
        "width": 69,
        "height": 13
      },
      "confidence": 84
    },
    {
      "text": "5",
      "x": 271,
      "y": 172,
      "bounds": {
        "left": 268,
        "top": 168,
        "width": 6,
        "height": 9
      },
      "confidence": 45
    },
    {
      "text": "from",
      "x": 316,
      "y": 172,
      "bounds": {
        "left": 301,
        "top": 167,
        "width": 31,
        "height": 10
      },
      "confidence": 76
    },
    {
      "text": "dataclasses",
      "x": 382,
      "y": 172,
      "bounds": {
        "left": 340,
        "top": 167,
        "width": 84,
        "height": 10
      },
      "confidence": 76
    },
    {
      "text": "import",
      "x": 455,
      "y": 173,
      "bounds": {
        "left": 432,
        "top": 167,
        "width": 46,
        "height": 13
      },
      "confidence": 93
    },
    {
      "text": "dataclass",
      "x": 520,
      "y": 172,
      "bounds": {
        "left": 486,
        "top": 167,
        "width": 69,
        "height": 10
      },
      "confidence": 91
    },
    {
      "text": ">",
      "x": 69,
      "y": 191,
      "bounds": {
        "left": 66,
        "top": 186,
        "width": 6,
        "height": 10
      },
      "confidence": 90
    },
    {
      "text": "\u00a9",
      "x": 88,
      "y": 191,
      "bounds": {
        "left": 81,
        "top": 186,
        "width": 14,
        "height": 10
      },
      "confidence": 87
    },
    {
      "text": "agent",
      "x": 120,
      "y": 193,
      "bounds": {
        "left": 103,
        "top": 187,
        "width": 35,
        "height": 12
      },
      "confidence": 68
    },
    {
      "text": "6",
      "x": 271,
      "y": 191,
      "bounds": {
        "left": 268,
        "top": 187,
        "width": 6,
        "height": 9
      },
      "confidence": 62
    },
    {
      "text": "from",
      "x": 316,
      "y": 191,
      "bounds": {
        "left": 301,
        "top": 186,
        "width": 31,
        "height": 10
      },
      "confidence": 76
    },
    {
      "text": "typing",
      "x": 362,
      "y": 192,
      "bounds": {
        "left": 339,
        "top": 186,
        "width": 47,
        "height": 13
      },
      "confidence": 76
    },
    {
      "text": "import",
      "x": 416,
      "y": 192,
      "bounds": {
        "left": 394,
        "top": 186,
        "width": 45,
        "height": 13
      },
      "confidence": 91
    },
    {
      "text": "List,",
      "x": 466,
      "y": 192,
      "bounds": {
        "left": 448,
        "top": 186,
        "width": 36,
        "height": 12
      },
      "confidence": 94
    },
    {
      "text": "Dict,",
      "x": 511,
      "y": 192,
      "bounds": {
        "left": 493,
        "top": 186,
        "width": 37,
        "height": 12
      },
      "confidence": 95
    },
    {
      "text": "Any,",
      "x": 554,
      "y": 193,
      "bounds": {
        "left": 539,
        "top": 187,
        "width": 30,
        "height": 12
      },
      "confidence": 92
    },
    {
      "text": "Callable",
      "x": 609,
      "y": 191,
      "bounds": {
        "left": 578,
        "top": 186,
        "width": 62,
        "height": 10
      },
      "confidence": 81
    },
    {
      "text": ">",
      "x": 69,
      "y": 213,
      "bounds": {
        "left": 66,
        "top": 208,
        "width": 6,
        "height": 10
      },
      "confidence": 93
    },
    {
      "text": "\u00a9",
      "x": 88,
      "y": 213,
      "bounds": {
        "left": 81,
        "top": 208,
        "width": 14,
        "height": 10
      },
      "confidence": 83
    },
    {
      "text": "7",
      "x": 271,
      "y": 210,
      "bounds": {
        "left": 268,
        "top": 206,
        "width": 6,
        "height": 9
      },
      "confidence": 67
    },
    {
      "text": "from",
      "x": 316,
      "y": 210,
      "bounds": {
        "left": 301,
        "top": 205,
        "width": 31,
        "height": 10
      },
      "confidence": 76
    },
    {
      "text": "import",
      "x": 501,
      "y": 211,
      "bounds": {
        "left": 478,
        "top": 205,
        "width": 46,
        "height": 13
      },
      "confidence": 50
    },
    {
      "text": "ChatMessage,",
      "x": 577,
      "y": 211,
      "bounds": {
        "left": 532,
        "top": 205,
        "width": 90,
        "height": 13
      },
      "confidence": 76
    },
    {
      "text": "RESPON",
      "x": 770,
      "y": 210,
      "bounds": {
        "left": 748,
        "top": 206,
        "width": 44,
        "height": 9
      },
      "confidence": 46
    },
    {
      "text": "8",
      "x": 271,
      "y": 229,
      "bounds": {
        "left": 268,
        "top": 225,
        "width": 6,
        "height": 9
      },
      "confidence": 69
    },
    {
      "text": "from",
      "x": 316,
      "y": 229,
      "bounds": {
        "left": 301,
        "top": 224,
        "width": 31,
        "height": 10
      },
      "confidence": 79
    },
    {
      "text": ".adapters",
      "x": 375,
      "y": 230,
      "bounds": {
        "left": 342,
        "top": 224,
        "width": 66,
        "height": 13
      },
      "confidence": 84
    },
    {
      "text": "import",
      "x": 439,
      "y": 230,
      "bounds": {
        "left": 417,
        "top": 224,
        "width": 45,
        "height": 13
      },
      "confidence": 68
    },
    {
      "text": "get_tools",
      "x": 520,
      "y": 230,
      "bounds": {
        "left": 470,
        "top": 224,
        "width": 101,
        "height": 13
      },
      "confidence": 49
    },
    {
      "text": "for_provider",
      "x": 605,
      "y": 230,
      "bounds": {
        "left": 570,
        "top": 224,
        "width": 70,
        "height": 13
      },
      "confidence": 49
    },
    {
      "text": "5",
      "x": 69,
      "y": 257,
      "bounds": {
        "left": 66,
        "top": 252,
        "width": 6,
        "height": 10
      },
      "confidence": 32
    },
    {
      "text": "eae",
      "x": 133,
      "y": 258,
      "bounds": {
        "left": 102,
        "top": 252,
        "width": 63,
        "height": 13
      },
      "confidence": 37
    },
    {
      "text": "ee",
      "x": 479,
      "y": 249,
      "bounds": {
        "left": 342,
        "top": 243,
        "width": 275,
        "height": 13
      },
      "confidence": 38
    },
    {
      "text": ">",
      "x": 69,
      "y": 279,
      "bounds": {
        "left": 66,
        "top": 274,
        "width": 6,
        "height": 10
      },
      "confidence": 96
    },
    {
      "text": "Gi",
      "x": 88,
      "y": 279,
      "bounds": {
        "left": 81,
        "top": 274,
        "width": 14,
        "height": 10
      },
      "confidence": 50
    },
    {
      "text": "app",
      "x": 113,
      "y": 282,
      "bounds": {
        "left": 102,
        "top": 277,
        "width": 22,
        "height": 10
      },
      "confidence": 50
    },
    {
      "text": "41",
      "x": 267,
      "y": 286,
      "bounds": {
        "left": 260,
        "top": 282,
        "width": 14,
        "height": 9
      },
      "confidence": 48
    },
    {
      "text": "#-Try-to-import:",
      "x": 358,
      "y": 287,
      "bounds": {
        "left": 301,
        "top": 281,
        "width": 115,
        "height": 13
      },
      "confidence": 53
    },
    {
      "text": "verbose",
      "x": 451,
      "y": 286,
      "bounds": {
        "left": 425,
        "top": 281,
        "width": 52,
        "height": 10
      },
      "confidence": 89
    },
    {
      "text": "tool",
      "x": 501,
      "y": 286,
      "bounds": {
        "left": 486,
        "top": 281,
        "width": 30,
        "height": 10
      },
      "confidence": 83
    },
    {
      "text": "logger:",
      "x": 547,
      "y": 287,
      "bounds": {
        "left": 525,
        "top": 281,
        "width": 45,
        "height": 13
      },
      "confidence": 35
    },
    {
      "text": "(only",
      "x": 598,
      "y": 287,
      "bounds": {
        "left": 580,
        "top": 281,
        "width": 36,
        "height": 13
      },
      "confidence": 90
    },
    {
      "text": ">",
      "x": 69,
      "y": 301,
      "bounds": {
        "left": 66,
        "top": 296,
        "width": 6,
        "height": 10
      },
      "confidence": 95
    },
    {
      "text": "\u00a9",
      "x": 88,
      "y": 301,
      "bounds": {
        "left": 81,
        "top": 296,
        "width": 14,
        "height": 10
      },
      "confidence": 84
    },
    {
      "text": "\u00a9",
      "x": 211,
      "y": 301,
      "bounds": {
        "left": 208,
        "top": 298,
        "width": 6,
        "height": 6
      },
      "confidence": 68
    },
    {
      "text": "12",
      "x": 267,
      "y": 305,
      "bounds": {
        "left": 260,
        "top": 301,
        "width": 14,
        "height": 9
      },
      "confidence": 50
    },
    {
      "text": "VERBOSE_LOGGING",
      "x": 358,
      "y": 307,
      "bounds": {
        "left": 301,
        "top": 301,
        "width": 115,
        "height": 12
      },
      "confidence": 52
    },
    {
      "text": "=",
      "x": 428,
      "y": 306,
      "bounds": {
        "left": 425,
        "top": 305,
        "width": 7,
        "height": 3
      },
      "confidence": 81
    },
    {
      "text": "False",
      "x": 458,
      "y": 305,
      "bounds": {
        "left": 440,
        "top": 300,
        "width": 37,
        "height": 10
      },
      "confidence": 81
    },
    {
      "text": "\u00a9",
      "x": 211,
      "y": 323,
      "bounds": {
        "left": 208,
        "top": 320,
        "width": 6,
        "height": 6
      },
      "confidence": 54
    },
    {
      "text": "13",
      "x": 267,
      "y": 324,
      "bounds": {
        "left": 260,
        "top": 320,
        "width": 14,
        "height": 9
      },
      "confidence": 52
    },
    {
      "text": "trys",
      "x": 315,
      "y": 326,
      "bounds": {
        "left": 301,
        "top": 320,
        "width": 28,
        "height": 12
      },
      "confidence": 72
    },
    {
      "text": "_pycahe",
      "x": 144,
      "y": 346,
      "bounds": {
        "left": 110,
        "top": 340,
        "width": 69,
        "height": 13
      },
      "confidence": 46
    },
    {
      "text": "@",
      "x": 211,
      "y": 345,
      "bounds": {
        "left": 208,
        "top": 342,
        "width": 6,
        "height": 6
      },
      "confidence": 44
    },
    {
      "text": "14",
      "x": 267,
      "y": 343,
      "bounds": {
        "left": 260,
        "top": 339,
        "width": 15,
        "height": 9
      },
      "confidence": 52
    },
    {
      "text": "from",
      "x": 347,
      "y": 343,
      "bounds": {
        "left": 332,
        "top": 338,
        "width": 31,
        "height": 10
      },
      "confidence": 88
    },
    {
      "text": "import",
      "x": 586,
      "y": 344,
      "bounds": {
        "left": 563,
        "top": 338,
        "width": 46,
        "height": 13
      },
      "confidence": 87
    },
    {
      "text": "log_tool_call,",
      "x": 670,
      "y": 344,
      "bounds": {
        "left": 617,
        "top": 338,
        "width": 106,
        "height": 13
      },
      "confidence": 62
    },
    {
      "text": "log_tool",
      "x": 762,
      "y": 344,
      "bounds": {
        "left": 732,
        "top": 338,
        "width": 60,
        "height": 13
      },
      "confidence": 52
    },
    {
      "text": "15",
      "x": 267,
      "y": 362,
      "bounds": {
        "left": 260,
        "top": 358,
        "width": 14,
        "height": 9
      },
      "confidence": 77
    },
    {
      "text": "\\VERBOSE_LOGGING",
      "x": 389,
      "y": 364,
      "bounds": {
        "left": 331,
        "top": 358,
        "width": 116,
        "height": 12
      },
      "confidence": 34
    },
    {
      "text": "=",
      "x": 459,
      "y": 363,
      "bounds": {
        "left": 455,
        "top": 362,
        "width": 8,
        "height": 3
      },
      "confidence": 92
    },
    {
      "text": "True",
      "x": 485,
      "y": 362,
      "bounds": {
        "left": 470,
        "top": 358,
        "width": 30,
        "height": 9
      },
      "confidence": 92
    },
    {
      "text": "he",
      "x": 174,
      "y": 390,
      "bounds": {
        "left": 162,
        "top": 384,
        "width": 25,
        "height": 12
      },
      "confidence": 38
    },
    {
      "text": "16.",
      "x": 267,
      "y": 381,
      "bounds": {
        "left": 260,
        "top": 377,
        "width": 14,
        "height": 9
      },
      "confidence": 50
    },
    {
      "text": "except",
      "x": 324,
      "y": 383,
      "bounds": {
        "left": 301,
        "top": 377,
        "width": 46,
        "height": 12
      },
      "confidence": 57
    },
    {
      "text": "ImportError:",
      "x": 400,
      "y": 383,
      "bounds": {
        "left": 356,
        "top": 377,
        "width": 89,
        "height": 12
      },
      "confidence": 46
    },
    {
      "text": "A",
      "x": 104,
      "y": 411,
      "bounds": {
        "left": 98,
        "top": 405,
        "width": 12,
        "height": 12
      },
      "confidence": 67
    },
    {
      "text": "7",
      "x": 267,
      "y": 400,
      "bounds": {
        "left": 260,
        "top": 396,
        "width": 14,
        "height": 9
      },
      "confidence": 81
    },
    {
      "text": "try:",
      "x": 346,
      "y": 402,
      "bounds": {
        "left": 332,
        "top": 396,
        "width": 28,
        "height": 12
      },
      "confidence": 94
    },
    {
      "text": "18",
      "x": 267,
      "y": 419,
      "bounds": {
        "left": 260,
        "top": 415,
        "width": 14,
        "height": 9
      },
      "confidence": 91
    },
    {
      "text": "#-Alternative-import",
      "x": 439,
      "y": 420,
      "bounds": {
        "left": 363,
        "top": 414,
        "width": 153,
        "height": 13
      },
      "confidence": 48
    },
    {
      "text": ":path:",
      "x": 539,
      "y": 420,
      "bounds": {
        "left": 525,
        "top": 414,
        "width": 29,
        "height": 13
      },
      "confidence": 39
    },
    {
      "text": "when",
      "x": 578,
      "y": 419,
      "bounds": {
        "left": 563,
        "top": 414,
        "width": 30,
        "height": 10
      },
      "confidence": 52
    },
    {
      "text": "-running-from-telegram_",
      "x": 697,
      "y": 420,
      "bounds": {
        "left": 603,
        "top": 414,
        "width": 188,
        "height": 13
      },
      "confidence": 41
    },
    {
      "text": "bot",
      "x": 781,
      "y": 416,
      "bounds": {
        "left": 769,
        "top": 402,
        "width": 25,
        "height": 29
      },
      "confidence": 41
    },
    {
      "text": "@",
      "x": 104,
      "y": 433,
      "bounds": {
        "left": 98,
        "top": 427,
        "width": 12,
        "height": 12
      },
      "confidence": 66
    },
    {
      "text": "context_manager...",
      "x": 173,
      "y": 435,
      "bounds": {
        "left": 118,
        "top": 429,
        "width": 111,
        "height": 12
      },
      "confidence": 38
    },
    {
      "text": "49",
      "x": 267,
      "y": 438,
      "bounds": {
        "left": 260,
        "top": 434,
        "width": 14,
        "height": 9
      },
      "confidence": 53
    },
    {
      "text": "from",
      "x": 378,
      "y": 438,
      "bounds": {
        "left": 362,
        "top": 433,
        "width": 32,
        "height": 10
      },
      "confidence": 87
    },
    {
      "text": "tool_logger",
      "x": 443,
      "y": 439,
      "bounds": {
        "left": 401,
        "top": 433,
        "width": 85,
        "height": 13
      },
      "confidence": 87
    },
    {
      "text": "import",
      "x": 516,
      "y": 439,
      "bounds": {
        "left": 494,
        "top": 433,
        "width": 45,
        "height": 13
      },
      "confidence": 89
    },
    {
      "text": "log_tool_call,",
      "x": 600,
      "y": 439,
      "bounds": {
        "left": 548,
        "top": 433,
        "width": 105,
        "height": 13
      },
      "confidence": 62
    },
    {
      "text": "log",
      "x": 675,
      "y": 437,
      "bounds": {
        "left": 663,
        "top": 425,
        "width": 25,
        "height": 25
      },
      "confidence": 77
    },
    {
      "text": "tool_result,",
      "x": 738,
      "y": 439,
      "bounds": {
        "left": 693,
        "top": 433,
        "width": 91,
        "height": 13
      },
      "confidence": 77
    },
    {
      "text": "definiti",
      "x": 137,
      "y": 455,
      "bounds": {
        "left": 118,
        "top": 450,
        "width": 39,
        "height": 10
      },
      "confidence": 31
    },
    {
      "text": "VERBOSE",
      "x": 389,
      "y": 457,
      "bounds": {
        "left": 362,
        "top": 453,
        "width": 54,
        "height": 9
      },
      "confidence": 86
    },
    {
      "text": "mcd",
      "x": 178,
      "y": 464,
      "bounds": {
        "left": 158,
        "top": 449,
        "width": 41,
        "height": 30
      },
      "confidence": 36
    },
    {
      "text": "View",
      "x": 442,
      "y": 466,
      "bounds": {
        "left": 429,
        "top": 461,
        "width": 27,
        "height": 10
      },
      "confidence": 95
    },
    {
      "text": "1",
      "x": 463,
      "y": 466,
      "bounds": {
        "left": 461,
        "top": 462,
        "width": 4,
        "height": 9
      },
      "confidence": 95
    },
    {
      "text": "edited",
      "x": 488,
      "y": 466,
      "bounds": {
        "left": 471,
        "top": 461,
        "width": 35,
        "height": 10
      },
      "confidence": 96
    },
    {
      "text": "file",
      "x": 519,
      "y": 466,
      "bounds": {
        "left": 510,
        "top": 461,
        "width": 18,
        "height": 10
      },
      "confidence": 94
    },
    {
      "text": "|",
      "x": 536,
      "y": 463,
      "bounds": {
        "left": 533,
        "top": 449,
        "width": 6,
        "height": 29
      },
      "confidence": 93
    },
    {
      "text": "Alt+L",
      "x": 656,
      "y": 466,
      "bounds": {
        "left": 641,
        "top": 461,
        "width": 30,
        "height": 10
      },
      "confidence": 60
    },
    {
      "text": ">",
      "x": 680,
      "y": 466,
      "bounds": {
        "left": 677,
        "top": 461,
        "width": 6,
        "height": 10
      },
      "confidence": 96
    },
    {
      "text": "2",
      "x": 267,
      "y": 476,
      "bounds": {
        "left": 260,
        "top": 472,
        "width": 14,
        "height": 9
      },
      "confidence": 79
    },
    {
      "text": "Problems",
      "x": 279,
      "y": 511,
      "bounds": {
        "left": 254,
        "top": 507,
        "width": 50,
        "height": 9
      },
      "confidence": 90
    },
    {
      "text": "Output",
      "x": 347,
      "y": 511,
      "bounds": {
        "left": 328,
        "top": 507,
        "width": 39,
        "height": 9
      },
      "confidence": 60
    },
    {
      "text": "Debug",
      "x": 402,
      "y": 511,
      "bounds": {
        "left": 392,
        "top": 507,
        "width": 21,
        "height": 9
      },
      "confidence": 60
    },
    {
      "text": "Console",
      "x": 452,
      "y": 511,
      "bounds": {
        "left": 431,
        "top": 507,
        "width": 43,
        "height": 9
      },
      "confidence": 76
    },
    {
      "text": "Terminal",
      "x": 521,
      "y": 511,
      "bounds": {
        "left": 498,
        "top": 507,
        "width": 46,
        "height": 9
      },
      "confidence": 51
    },
    {
      "text": "Ports",
      "x": 583,
      "y": 511,
      "bounds": {
        "left": 569,
        "top": 507,
        "width": 28,
        "height": 9
      },
      "confidence": 51
    },
    {
      "text": "\u00ae",
      "x": 99,
      "y": 519,
      "bounds": {
        "left": 94,
        "top": 505,
        "width": 10,
        "height": 29
      },
      "confidence": 35
    },
    {
      "text": "orchestrator.py",
      "x": 161,
      "y": 522,
      "bounds": {
        "left": 118,
        "top": 516,
        "width": 87,
        "height": 13
      },
      "confidence": 76
    },
    {
      "text": "ud",
      "x": 420,
      "y": 514,
      "bounds": {
        "left": 414,
        "top": 510,
        "width": 13,
        "height": 9
      },
      "confidence": 39
    },
    {
      "text": "webtools",
      "x": 155,
      "y": 544,
      "bounds": {
        "left": 118,
        "top": 538,
        "width": 75,
        "height": 13
      },
      "confidence": 58
    },
    {
      "text": "py",
      "x": 188,
      "y": 542,
      "bounds": {
        "left": 179,
        "top": 527,
        "width": 19,
        "height": 31
      },
      "confidence": 58
    },
    {
      "text": "2026-02-15",
      "x": 288,
      "y": 542,
      "bounds": {
        "left": 253,
        "top": 538,
        "width": 70,
        "height": 9
      },
      "confidence": 77
    },
    {
      "text": "\u20ac0:00:21,825",
      "x": 372,
      "y": 543,
      "bounds": {
        "left": 330,
        "top": 538,
        "width": 84,
        "height": 11
      },
      "confidence": 34
    },
    {
      "text": "-",
      "x": 425,
      "y": 543,
      "bounds": {
        "left": 422,
        "top": 543,
        "width": 6,
        "height": 1
      },
      "confidence": 82
    },
    {
      "text": "httpx",
      "x": 453,
      "y": 543,
      "bounds": {
        "left": 436,
        "top": 537,
        "width": 35,
        "height": 13
      },
      "confidence": 84
    },
    {
      "text": "-",
      "x": 481,
      "y": 543,
      "bounds": {
        "left": 478,
        "top": 543,
        "width": 6,
        "height": 1
      },
      "confidence": 86
    },
    {
      "text": "INFO",
      "x": 506,
      "y": 542,
      "bounds": {
        "left": 492,
        "top": 538,
        "width": 28,
        "height": 9
      },
      "confidence": 89
    },
    {
      "text": "2026-02-15",
      "x": 288,
      "y": 559,
      "bounds": {
        "left": 253,
        "top": 555,
        "width": 70,
        "height": 9
      },
      "confidence": 49
    },
    {
      "text": "00:00:21,968",
      "x": 372,
      "y": 560,
      "bounds": {
        "left": 330,
        "top": 555,
        "width": 85,
        "height": 11
      },
      "confidence": 91
    },
    {
      "text": "-",
      "x": 425,
      "y": 560,
      "bounds": {
        "left": 422,
        "top": 560,
        "width": 6,
        "height": 1
      },
      "confidence": 74
    },
    {
      "text": "httpx",
      "x": 453,
      "y": 560,
      "bounds": {
        "left": 436,
        "top": 554,
        "width": 35,
        "height": 13
      },
      "confidence": 83
    },
    {
      "text": "-",
      "x": 481,
      "y": 560,
      "bounds": {
        "left": 478,
        "top": 560,
        "width": 6,
        "height": 1
      },
      "confidence": 76
    },
    {
      "text": "INFO",
      "x": 506,
      "y": 559,
      "bounds": {
        "left": 492,
        "top": 555,
        "width": 28,
        "height": 9
      },
      "confidence": 90
    },
    {
      "text": "00:00:23,595",
      "x": 372,
      "y": 577,
      "bounds": {
        "left": 330,
        "top": 572,
        "width": 84,
        "height": 11
      },
      "confidence": 82
    },
    {
      "text": "-",
      "x": 425,
      "y": 577,
      "bounds": {
        "left": 422,
        "top": 577,
        "width": 6,
        "height": 1
      },
      "confidence": 58
    },
    {
      "text": "httpx",
      "x": 453,
      "y": 577,
      "bounds": {
        "left": 436,
        "top": 571,
        "width": 35,
        "height": 13
      },
      "confidence": 80
    },
    {
      "text": "-",
      "x": 481,
      "y": 577,
      "bounds": {
        "left": 478,
        "top": 577,
        "width": 6,
        "height": 1
      },
      "confidence": 80
    },
    {
      "text": "INFO",
      "x": 506,
      "y": 576,
      "bounds": {
        "left": 492,
        "top": 572,
        "width": 28,
        "height": 9
      },
      "confidence": 87
    },
    {
      "text": ">",
      "x": 77,
      "y": 587,
      "bounds": {
        "left": 74,
        "top": 582,
        "width": 6,
        "height": 10
      },
      "confidence": 48
    },
    {
      "text": "|S)",
      "x": 96,
      "y": 587,
      "bounds": {
        "left": 89,
        "top": 582,
        "width": 14,
        "height": 10
      },
      "confidence": 40
    },
    {
      "text": "2026-02-15",
      "x": 286,
      "y": 592,
      "bounds": {
        "left": 249,
        "top": 576,
        "width": 74,
        "height": 32
      },
      "confidence": 76
    },
    {
      "text": "=",
      "x": 425,
      "y": 594,
      "bounds": {
        "left": 422,
        "top": 594,
        "width": 6,
        "height": 1
      },
      "confidence": 85
    },
    {
      "text": "httpx",
      "x": 453,
      "y": 594,
      "bounds": {
        "left": 436,
        "top": 588,
        "width": 35,
        "height": 13
      },
      "confidence": 54
    },
    {
      "text": "-",
      "x": 481,
      "y": 594,
      "bounds": {
        "left": 478,
        "top": 594,
        "width": 6,
        "height": 1
      },
      "confidence": 73
    },
    {
      "text": "INFO",
      "x": 506,
      "y": 593,
      "bounds": {
        "left": 492,
        "top": 589,
        "width": 28,
        "height": 9
      },
      "confidence": 94
    },
    {
      "text": "_init_py",
      "x": 138,
      "y": 610,
      "bounds": {
        "left": 110,
        "top": 604,
        "width": 57,
        "height": 13
      },
      "confidence": 68
    },
    {
      "text": "2026-02-15",
      "x": 286,
      "y": 609,
      "bounds": {
        "left": 249,
        "top": 593,
        "width": 74,
        "height": 32
      },
      "confidence": 76
    },
    {
      "text": "=",
      "x": 425,
      "y": 611,
      "bounds": {
        "left": 422,
        "top": 611,
        "width": 6,
        "height": 1
      },
      "confidence": 47
    },
    {
      "text": "hittpx",
      "x": 453,
      "y": 611,
      "bounds": {
        "left": 436,
        "top": 605,
        "width": 35,
        "height": 13
      },
      "confidence": 42
    },
    {
      "text": "-",
      "x": 481,
      "y": 611,
      "bounds": {
        "left": 478,
        "top": 611,
        "width": 6,
        "height": 1
      },
      "confidence": 80
    },
    {
      "text": "INFO",
      "x": 506,
      "y": 610,
      "bounds": {
        "left": 492,
        "top": 606,
        "width": 28,
        "height": 9
      },
      "confidence": 93
    },
    {
      "text": "_main_py",
      "x": 149,
      "y": 634,
      "bounds": {
        "left": 121,
        "top": 629,
        "width": 56,
        "height": 10
      },
      "confidence": 86
    },
    {
      "text": "2026-02-15",
      "x": 286,
      "y": 627,
      "bounds": {
        "left": 249,
        "top": 611,
        "width": 74,
        "height": 32
      },
      "confidence": 82
    },
    {
      "text": "=",
      "x": 425,
      "y": 628,
      "bounds": {
        "left": 422,
        "top": 628,
        "width": 6,
        "height": 1
      },
      "confidence": 86
    },
    {
      "text": "httpx",
      "x": 453,
      "y": 628,
      "bounds": {
        "left": 436,
        "top": 622,
        "width": 35,
        "height": 13
      },
      "confidence": 60
    },
    {
      "text": "-",
      "x": 481,
      "y": 628,
      "bounds": {
        "left": 478,
        "top": 628,
        "width": 6,
        "height": 1
      },
      "confidence": 82
    },
    {
      "text": "INFO",
      "x": 506,
      "y": 627,
      "bounds": {
        "left": 492,
        "top": 623,
        "width": 28,
        "height": 9
      },
      "confidence": 89
    },
    {
      "text": "-",
      "x": 530,
      "y": 626,
      "bounds": {
        "left": 527,
        "top": 610,
        "width": 6,
        "height": 32
      },
      "confidence": 85
    },
    {
      "text": "HTTP",
      "x": 554,
      "y": 627,
      "bounds": {
        "left": 540,
        "top": 623,
        "width": 29,
        "height": 9
      },
      "confidence": 83
    },
    {
      "text": "Request",
      "x": 600,
      "y": 629,
      "bounds": {
        "left": 576,
        "top": 623,
        "width": 48,
        "height": 12
      },
      "confidence": 96
    },
    {
      "text": "en",
      "x": 135,
      "y": 637,
      "bounds": {
        "left": 110,
        "top": 637,
        "width": 50,
        "height": 1
      },
      "confidence": 35
    },
    {
      "text": "2026-02-15",
      "x": 286,
      "y": 643,
      "bounds": {
        "left": 249,
        "top": 627,
        "width": 74,
        "height": 32
      },
      "confidence": 76
    },
    {
      "text": "=",
      "x": 425,
      "y": 645,
      "bounds": {
        "left": 422,
        "top": 645,
        "width": 6,
        "height": 1
      },
      "confidence": 84
    },
    {
      "text": "httpx",
      "x": 453,
      "y": 645,
      "bounds": {
        "left": 436,
        "top": 639,
        "width": 35,
        "height": 13
      },
      "confidence": 52
    },
    {
      "text": "-",
      "x": 481,
      "y": 645,
      "bounds": {
        "left": 478,
        "top": 645,
        "width": 6,
        "height": 1
      },
      "confidence": 77
    },
    {
      "text": "INFO",
      "x": 506,
      "y": 644,
      "bounds": {
        "left": 492,
        "top": 640,
        "width": 28,
        "height": 9
      },
      "confidence": 95
    },
    {
      "text": "cor...",
      "x": 219,
      "y": 675,
      "bounds": {
        "left": 199,
        "top": 661,
        "width": 40,
        "height": 29
      },
      "confidence": 32
    },
    {
      "text": "2926-02-15",
      "x": 288,
      "y": 678,
      "bounds": {
        "left": 253,
        "top": 674,
        "width": 70,
        "height": 9
      },
      "confidence": 47
    },
    {
      "text": "@",
      "x": 96,
      "y": 697,
      "bounds": {
        "left": 90,
        "top": 691,
        "width": 12,
        "height": 12
      },
      "confidence": 82
    },
    {
      "text": "config.managerpy",
      "x": 164,
      "y": 698,
      "bounds": {
        "left": 110,
        "top": 692,
        "width": 109,
        "height": 13
      },
      "confidence": 57
    },
    {
      "text": "corecommandspy",
      "x": 165,
      "y": 720,
      "bounds": {
        "left": 110,
        "top": 714,
        "width": 111,
        "height": 13
      },
      "confidence": 62
    },
    {
      "text": "2026-82-15",
      "x": 288,
      "y": 712,
      "bounds": {
        "left": 253,
        "top": 708,
        "width": 70,
        "height": 9
      },
      "confidence": 57
    },
    {
      "text": "file_commands.py",
      "x": 161,
      "y": 742,
      "bounds": {
        "left": 110,
        "top": 736,
        "width": 103,
        "height": 13
      },
      "confidence": 41
    },
    {
      "text": "model",
      "x": 128,
      "y": 763,
      "bounds": {
        "left": 110,
        "top": 758,
        "width": 36,
        "height": 10
      },
      "confidence": 42
    },
    {
      "text": "_prefspy",
      "x": 172,
      "y": 764,
      "bounds": {
        "left": 146,
        "top": 758,
        "width": 52,
        "height": 13
      },
      "confidence": 34
    },
    {
      "text": "args:",
      "x": 304,
      "y": 765,
      "bounds": {
        "left": 288,
        "top": 759,
        "width": 33,
        "height": 12
      },
      "confidence": 65
    },
    {
      "text": "session_manager.py",
      "x": 167,
      "y": 788,
      "bounds": {
        "left": 110,
        "top": 783,
        "width": 115,
        "height": 10
      },
      "confidence": 52
    },
    {
      "text": "\u00b0",
      "x": 163,
      "y": 802,
      "bounds": {
        "left": 162,
        "top": 802,
        "width": 3,
        "height": 1
      },
      "confidence": 35
    },
    {
      "text": "is",
      "x": 267,
      "y": 797,
      "bounds": {
        "left": 261,
        "top": 792,
        "width": 13,
        "height": 10
      },
      "confidence": 92
    },
    {
      "text": "on",
      "x": 288,
      "y": 798,
      "bounds": {
        "left": 281,
        "top": 795,
        "width": 14,
        "height": 7
      },
      "confidence": 92
    },
    {
      "text": "the",
      "x": 312,
      "y": 797,
      "bounds": {
        "left": 302,
        "top": 792,
        "width": 21,
        "height": 10
      },
      "confidence": 96
    },
    {
      "text": "task",
      "x": 120,
      "y": 806,
      "bounds": {
        "left": 108,
        "top": 790,
        "width": 25,
        "height": 33
      },
      "confidence": 77
    },
    {
      "text": "session.comm..",
      "x": 181,
      "y": 808,
      "bounds": {
        "left": 132,
        "top": 802,
        "width": 98,
        "height": 12
      },
      "confidence": 41
    },
    {
      "text": "9-415",
      "x": 307,
      "y": 806,
      "bounds": {
        "left": 292,
        "top": 790,
        "width": 31,
        "height": 33
      },
      "confidence": 36
    },
    {
      "text": "tui",
      "x": 115,
      "y": 829,
      "bounds": {
        "left": 110,
        "top": 825,
        "width": 11,
        "height": 9
      },
      "confidence": 89
    },
    {
      "text": "2026-82-15",
      "x": 288,
      "y": 831,
      "bounds": {
        "left": 253,
        "top": 827,
        "width": 70,
        "height": 9
      },
      "confidence": 43
    },
    {
      "text": "@",
      "x": 96,
      "y": 851,
      "bounds": {
        "left": 90,
        "top": 845,
        "width": 12,
        "height": 12
      },
      "confidence": 67
    },
    {
      "text": "ti",
      "x": 115,
      "y": 851,
      "bounds": {
        "left": 110,
        "top": 847,
        "width": 11,
        "height": 9
      },
      "confidence": 52
    },
    {
      "text": "2026-\u20ac2-15",
      "x": 288,
      "y": 848,
      "bounds": {
        "left": 253,
        "top": 844,
        "width": 70,
        "height": 9
      },
      "confidence": 53
    },
    {
      "text": "2026-\u20ac2-15",
      "x": 288,
      "y": 865,
      "bounds": {
        "left": 253,
        "top": 861,
        "width": 70,
        "height": 9
      },
      "confidence": 53
    },
    {
      "text": "Oe",
      "x": 106,
      "y": 873,
      "bounds": {
        "left": 90,
        "top": 867,
        "width": 32,
        "height": 12
      },
      "confidence": 43
    },
    {
      "text": "2026-\u20ac2-15",
      "x": 288,
      "y": 882,
      "bounds": {
        "left": 253,
        "top": 878,
        "width": 70,
        "height": 9
      },
      "confidence": 53
    },
    {
      "text": "@",
      "x": 96,
      "y": 895,
      "bounds": {
        "left": 90,
        "top": 889,
        "width": 12,
        "height": 12
      },
      "confidence": 60
    },
    {
      "text": "tu",
      "x": 115,
      "y": 895,
      "bounds": {
        "left": 110,
        "top": 891,
        "width": 11,
        "height": 9
      },
      "confidence": 67
    },
    {
      "text": "2026-02-15",
      "x": 288,
      "y": 899,
      "bounds": {
        "left": 253,
        "top": 895,
        "width": 70,
        "height": 9
      },
      "confidence": 51
    },
    {
      "text": "tui",
      "x": 115,
      "y": 917,
      "bounds": {
        "left": 110,
        "top": 913,
        "width": 11,
        "height": 9
      },
      "confidence": 89
    },
    {
      "text": "(2026-02-15",
      "x": 288,
      "y": 916,
      "bounds": {
        "left": 253,
        "top": 912,
        "width": 70,
        "height": 9
      },
      "confidence": 42
    },
    {
      "text": "2026-\u20ac2-15",
      "x": 288,
      "y": 933,
      "bounds": {
        "left": 253,
        "top": 929,
        "width": 70,
        "height": 9
      },
      "confidence": 53
    },
    {
      "text": "2026-\u20ac2-15",
      "x": 288,
      "y": 950,
      "bounds": {
        "left": 253,
        "top": 946,
        "width": 70,
        "height": 9
      },
      "confidence": 53
    },
    {
      "text": "2026-\u20ac2-15",
      "x": 288,
      "y": 967,
      "bounds": {
        "left": 253,
        "top": 963,
        "width": 70,
        "height": 9
      },
      "confidence": 53
    },
    {
      "text": ">",
      "x": 52,
      "y": 978,
      "bounds": {
        "left": 49,
        "top": 973,
        "width": 6,
        "height": 10
      },
      "confidence": 94
    },
    {
      "text": "Outline",
      "x": 82,
      "y": 978,
      "bounds": {
        "left": 62,
        "top": 974,
        "width": 40,
        "height": 9
      },
      "confidence": 44
    },
    {
      "text": "2026-02-15",
      "x": 288,
      "y": 984,
      "bounds": {
        "left": 253,
        "top": 980,
        "width": 70,
        "height": 9
      },
      "confidence": 34
    },
    {
      "text": ">",
      "x": 52,
      "y": 1000,
      "bounds": {
        "left": 49,
        "top": 995,
        "width": 6,
        "height": 10
      },
      "confidence": 94
    },
    {
      "text": "Timeline",
      "x": 85,
      "y": 1000,
      "bounds": {
        "left": 62,
        "top": 996,
        "width": 46,
        "height": 9
      },
      "confidence": 94
    },
    {
      "text": "il",
      "x": 256,
      "y": 1001,
      "bounds": {
        "left": 253,
        "top": 993,
        "width": 7,
        "height": 17
      },
      "confidence": 45
    },
    {
      "text": "Elemploai",
      "x": 78,
      "y": 1022,
      "bounds": {
        "left": 49,
        "top": 1015,
        "width": 59,
        "height": 14
      },
      "confidence": 54
    },
    {
      "text": "@oAo",
      "x": 228,
      "y": 1021,
      "bounds": {
        "left": 201,
        "top": 1014,
        "width": 54,
        "height": 14
      },
      "confidence": 61
    },
    {
      "text": "Q",
      "x": 76,
      "y": 1056,
      "bounds": {
        "left": 69,
        "top": 1048,
        "width": 14,
        "height": 16
      },
      "confidence": 66
    },
    {
      "text": "Search",
      "x": 114,
      "y": 1056,
      "bounds": {
        "left": 94,
        "top": 1051,
        "width": 41,
        "height": 10
      },
      "confidence": 96
    },
    {
      "text": "HTTP",
      "x": 554,
      "y": 644,
      "bounds": {
        "left": 540,
        "top": 640,
        "width": 29,
        "height": 9
      },
      "confidence": 62
    },
    {
      "text": "Request:",
      "x": 602,
      "y": 646,
      "bounds": {
        "left": 576,
        "top": 640,
        "width": 53,
        "height": 12
      },
      "confidence": 90
    },
    {
      "text": "POST",
      "x": 652,
      "y": 644,
      "bounds": {
        "left": 638,
        "top": 640,
        "width": 29,
        "height": 9
      },
      "confidence": 90
    },
    {
      "text": "https:",
      "x": 693,
      "y": 645,
      "bounds": {
        "left": 674,
        "top": 639,
        "width": 39,
        "height": 13
      },
      "confidence": 85
    },
    {
      "text": "//api.telegram.org/bot7960886425",
      "x": 991,
      "y": 645,
      "bounds": {
        "left": 715,
        "top": 639,
        "width": 553,
        "height": 13
      },
      "confidence": 66
    },
    {
      "text": ":",
      "x": 943,
      "y": 644,
      "bounds": {
        "left": 942,
        "top": 630,
        "width": 3,
        "height": 29
      },
      "confidence": 91
    },
    {
      "text": "AAFLEL",
      "x": 968,
      "y": 644,
      "bounds": {
        "left": 951,
        "top": 630,
        "width": 35,
        "height": 29
      },
      "confidence": 77
    },
    {
      "text": "\u201cHITP/1.1",
      "x": 1307,
      "y": 644,
      "bounds": {
        "left": 1276,
        "top": 639,
        "width": 62,
        "height": 11
      },
      "confidence": 62
    },
    {
      "text": "200",
      "x": 1356,
      "y": 644,
      "bounds": {
        "left": 1345,
        "top": 640,
        "width": 22,
        "height": 9
      },
      "confidence": 85
    },
    {
      "text": "OK\u201d",
      "x": 1383,
      "y": 644,
      "bounds": {
        "left": 1373,
        "top": 639,
        "width": 21,
        "height": 10
      },
      "confidence": 44
    },
    {
      "text": "-",
      "x": 425,
      "y": 662,
      "bounds": {
        "left": 422,
        "top": 662,
        "width": 6,
        "height": 1
      },
      "confidence": 40
    },
    {
      "text": "_main__-",
      "x": 469,
      "y": 662,
      "bounds": {
        "left": 434,
        "top": 656,
        "width": 71,
        "height": 13
      },
      "confidence": 52
    },
    {
      "text": "INFO",
      "x": 533,
      "y": 661,
      "bounds": {
        "left": 513,
        "top": 657,
        "width": 41,
        "height": 9
      },
      "confidence": 76
    },
    {
      "text": "-",
      "x": 552,
      "y": 661,
      "bounds": {
        "left": 548,
        "top": 647,
        "width": 8,
        "height": 29
      },
      "confidence": 76
    },
    {
      "text": "2",
      "x": 570,
      "y": 661,
      "bounds": {
        "left": 565,
        "top": 655,
        "width": 11,
        "height": 12
      },
      "confidence": 77
    },
    {
      "text": "USER",
      "x": 596,
      "y": 661,
      "bounds": {
        "left": 582,
        "top": 657,
        "width": 29,
        "height": 9
      },
      "confidence": 95
    },
    {
      "text": "INPUT:",
      "x": 637,
      "y": 661,
      "bounds": {
        "left": 618,
        "top": 657,
        "width": 39,
        "height": 9
      },
      "confidence": 96
    },
    {
      "text": "Can",
      "x": 676,
      "y": 661,
      "bounds": {
        "left": 666,
        "top": 657,
        "width": 21,
        "height": 9
      },
      "confidence": 96
    },
    {
      "text": "you",
      "x": 704,
      "y": 664,
      "bounds": {
        "left": 694,
        "top": 659,
        "width": 21,
        "height": 10
      },
      "confidence": 96
    },
    {
      "text": "tell",
      "x": 736,
      "y": 661,
      "bounds": {
        "left": 722,
        "top": 656,
        "width": 28,
        "height": 10
      },
      "confidence": 94
    },
    {
      "text": "me",
      "x": 764,
      "y": 662,
      "bounds": {
        "left": 757,
        "top": 659,
        "width": 14,
        "height": 7
      },
      "confidence": 91
    },
    {
      "text": "what\"s",
      "x": 799,
      "y": 661,
      "bounds": {
        "left": 778,
        "top": 656,
        "width": 42,
        "height": 10
      },
      "confidence": 67
    },
    {
      "text": "on",
      "x": 834,
      "y": 662,
      "bounds": {
        "left": 827,
        "top": 659,
        "width": 14,
        "height": 7
      },
      "confidence": 96
    },
    {
      "text": "screen",
      "x": 869,
      "y": 662,
      "bounds": {
        "left": 849,
        "top": 659,
        "width": 41,
        "height": 7
      },
      "confidence": 92
    },
    {
      "text": "httpx",
      "x": 460,
      "y": 679,
      "bounds": {
        "left": 436,
        "top": 673,
        "width": 48,
        "height": 13
      },
      "confidence": 73
    },
    {
      "text": "-",
      "x": 482,
      "y": 678,
      "bounds": {
        "left": 478,
        "top": 664,
        "width": 8,
        "height": 29
      },
      "confidence": 80
    },
    {
      "text": "INFO",
      "x": 512,
      "y": 678,
      "bounds": {
        "left": 492,
        "top": 674,
        "width": 41,
        "height": 9
      },
      "confidence": 92
    },
    {
      "text": "-",
      "x": 530,
      "y": 678,
      "bounds": {
        "left": 526,
        "top": 664,
        "width": 8,
        "height": 29
      },
      "confidence": 86
    },
    {
      "text": "HTTP",
      "x": 554,
      "y": 678,
      "bounds": {
        "left": 540,
        "top": 674,
        "width": 29,
        "height": 9
      },
      "confidence": 69
    },
    {
      "text": "Request:",
      "x": 602,
      "y": 680,
      "bounds": {
        "left": 576,
        "top": 674,
        "width": 53,
        "height": 12
      },
      "confidence": 95
    },
    {
      "text": "POST",
      "x": 652,
      "y": 678,
      "bounds": {
        "left": 638,
        "top": 674,
        "width": 29,
        "height": 9
      },
      "confidence": 95
    },
    {
      "text": "https:",
      "x": 693,
      "y": 679,
      "bounds": {
        "left": 674,
        "top": 673,
        "width": 39,
        "height": 13
      },
      "confidence": 62
    },
    {
      "text": "//api..telegram.org/bot7960886425::",
      "x": 829,
      "y": 679,
      "bounds": {
        "left": 715,
        "top": 673,
        "width": 229,
        "height": 13
      },
      "confidence": 31
    },
    {
      "text": "AFLELFHchgN3nfpQsrhfFAXVSmtNHnBGdU/sendChatAction",
      "x": 1121,
      "y": 679,
      "bounds": {
        "left": 946,
        "top": 673,
        "width": 350,
        "height": 13
      },
      "confidence": 36
    },
    {
      "text": "\u201cHTTP/1.1",
      "x": 1335,
      "y": 678,
      "bounds": {
        "left": 1304,
        "top": 673,
        "width": 62,
        "height": 11
      },
      "confidence": 55
    },
    {
      "text": "20",
      "x": 1384,
      "y": 678,
      "bounds": {
        "left": 1373,
        "top": 674,
        "width": 22,
        "height": 9
      },
      "confidence": 77
    },
    {
      "text": "Ok\"",
      "x": 1411,
      "y": 678,
      "bounds": {
        "left": 1401,
        "top": 673,
        "width": 21,
        "height": 10
      },
      "confidence": 59
    },
    {
      "text": "=",
      "x": 425,
      "y": 696,
      "bounds": {
        "left": 422,
        "top": 696,
        "width": 6,
        "height": 1
      },
      "confidence": 48
    },
    {
      "text": "httpx",
      "x": 460,
      "y": 696,
      "bounds": {
        "left": 436,
        "top": 690,
        "width": 48,
        "height": 13
      },
      "confidence": 67
    },
    {
      "text": "-",
      "x": 482,
      "y": 695,
      "bounds": {
        "left": 478,
        "top": 681,
        "width": 8,
        "height": 29
      },
      "confidence": 91
    },
    {
      "text": "INFO",
      "x": 512,
      "y": 695,
      "bounds": {
        "left": 492,
        "top": 691,
        "width": 41,
        "height": 9
      },
      "confidence": 92
    },
    {
      "text": "-",
      "x": 530,
      "y": 695,
      "bounds": {
        "left": 526,
        "top": 681,
        "width": 8,
        "height": 29
      },
      "confidence": 85
    },
    {
      "text": "HTTP",
      "x": 554,
      "y": 695,
      "bounds": {
        "left": 540,
        "top": 691,
        "width": 29,
        "height": 9
      },
      "confidence": 77
    },
    {
      "text": "Request:",
      "x": 600,
      "y": 697,
      "bounds": {
        "left": 576,
        "top": 691,
        "width": 48,
        "height": 12
      },
      "confidence": 95
    },
    {
      "text": "POST",
      "x": 652,
      "y": 695,
      "bounds": {
        "left": 638,
        "top": 691,
        "width": 29,
        "height": 9
      },
      "confidence": 90
    },
    {
      "text": "https:",
      "x": 691,
      "y": 696,
      "bounds": {
        "left": 674,
        "top": 690,
        "width": 34,
        "height": 13
      },
      "confidence": 67
    },
    {
      "text": "AFLELFHchgN3nfpQsrhfFAXvSmtNHnBGdU/sendChatAction",
      "x": 1121,
      "y": 696,
      "bounds": {
        "left": 946,
        "top": 690,
        "width": 350,
        "height": 13
      },
      "confidence": 38
    },
    {
      "text": "\u201cHTTP/1.1",
      "x": 1335,
      "y": 695,
      "bounds": {
        "left": 1304,
        "top": 690,
        "width": 62,
        "height": 11
      },
      "confidence": 51
    },
    {
      "text": "260",
      "x": 1384,
      "y": 695,
      "bounds": {
        "left": 1373,
        "top": 691,
        "width": 22,
        "height": 9
      },
      "confidence": 62
    },
    {
      "text": "OK\"",
      "x": 1411,
      "y": 695,
      "bounds": {
        "left": 1401,
        "top": 690,
        "width": 21,
        "height": 10
      },
      "confidence": 66
    },
    {
      "text": "httpx",
      "x": 460,
      "y": 713,
      "bounds": {
        "left": 436,
        "top": 707,
        "width": 48,
        "height": 13
      },
      "confidence": 71
    },
    {
      "text": "-",
      "x": 482,
      "y": 712,
      "bounds": {
        "left": 478,
        "top": 698,
        "width": 8,
        "height": 29
      },
      "confidence": 91
    },
    {
      "text": "INFO",
      "x": 512,
      "y": 712,
      "bounds": {
        "left": 492,
        "top": 708,
        "width": 41,
        "height": 9
      },
      "confidence": 92
    },
    {
      "text": "-",
      "x": 530,
      "y": 712,
      "bounds": {
        "left": 526,
        "top": 698,
        "width": 8,
        "height": 29
      },
      "confidence": 89
    },
    {
      "text": "HTTP",
      "x": 554,
      "y": 712,
      "bounds": {
        "left": 540,
        "top": 708,
        "width": 29,
        "height": 9
      },
      "confidence": 71
    },
    {
      "text": "Request:",
      "x": 602,
      "y": 714,
      "bounds": {
        "left": 576,
        "top": 708,
        "width": 53,
        "height": 12
      },
      "confidence": 95
    },
    {
      "text": "POST",
      "x": 652,
      "y": 712,
      "bounds": {
        "left": 638,
        "top": 708,
        "width": 29,
        "height": 9
      },
      "confidence": 93
    },
    {
      "text": "https:",
      "x": 693,
      "y": 713,
      "bounds": {
        "left": 674,
        "top": 707,
        "width": 39,
        "height": 13
      },
      "confidence": 81
    },
    {
      "text": "//api..telegram.org/bot7960886425::",
      "x": 829,
      "y": 713,
      "bounds": {
        "left": 715,
        "top": 707,
        "width": 229,
        "height": 13
      },
      "confidence": 39
    },
    {
      "text": "AFLELFHchgN3nfpQsrhfFAXvSmtNHnBGdU/sendMessage",
      "x": 1110,
      "y": 713,
      "bounds": {
        "left": 946,
        "top": 707,
        "width": 329,
        "height": 13
      },
      "confidence": 35
    },
    {
      "text": "\u201cHITP/1.1",
      "x": 1314,
      "y": 712,
      "bounds": {
        "left": 1283,
        "top": 707,
        "width": 62,
        "height": 11
      },
      "confidence": 36
    },
    {
      "text": "208",
      "x": 1363,
      "y": 712,
      "bounds": {
        "left": 1352,
        "top": 708,
        "width": 22,
        "height": 9
      },
      "confidence": 61
    },
    {
      "text": "Ok\u201d",
      "x": 1390,
      "y": 712,
      "bounds": {
        "left": 1380,
        "top": 707,
        "width": 21,
        "height": 10
      },
      "confidence": 57
    },
    {
      "text": "-",
      "x": 425,
      "y": 727,
      "bounds": {
        "left": 422,
        "top": 711,
        "width": 6,
        "height": 33
      },
      "confidence": 70
    },
    {
      "text": "httpx",
      "x": 460,
      "y": 730,
      "bounds": {
        "left": 436,
        "top": 724,
        "width": 48,
        "height": 13
      },
      "confidence": 68
    },
    {
      "text": "-",
      "x": 481,
      "y": 727,
      "bounds": {
        "left": 477,
        "top": 711,
        "width": 9,
        "height": 33
      },
      "confidence": 84
    },
    {
      "text": "INFO",
      "x": 512,
      "y": 729,
      "bounds": {
        "left": 492,
        "top": 725,
        "width": 41,
        "height": 9
      },
      "confidence": 93
    },
    {
      "text": "-",
      "x": 529,
      "y": 727,
      "bounds": {
        "left": 526,
        "top": 711,
        "width": 7,
        "height": 33
      },
      "confidence": 87
    },
    {
      "text": "HITP",
      "x": 554,
      "y": 729,
      "bounds": {
        "left": 540,
        "top": 725,
        "width": 29,
        "height": 9
      },
      "confidence": 79
    },
    {
      "text": "Request:",
      "x": 602,
      "y": 731,
      "bounds": {
        "left": 576,
        "top": 725,
        "width": 53,
        "height": 12
      },
      "confidence": 96
    },
    {
      "text": "POST",
      "x": 652,
      "y": 729,
      "bounds": {
        "left": 638,
        "top": 725,
        "width": 29,
        "height": 9
      },
      "confidence": 93
    },
    {
      "text": "https://api.openai",
      "x": 739,
      "y": 730,
      "bounds": {
        "left": 674,
        "top": 724,
        "width": 130,
        "height": 13
      },
      "confidence": 48
    },
    {
      "text": ".com/vi/chat/conpletions",
      "x": 886,
      "y": 730,
      "bounds": {
        "left": 806,
        "top": 724,
        "width": 161,
        "height": 13
      },
      "confidence": 48
    },
    {
      "text": "\"HTTP/1.1",
      "x": 1006,
      "y": 729,
      "bounds": {
        "left": 975,
        "top": 724,
        "width": 62,
        "height": 11
      },
      "confidence": 77
    },
    {
      "text": "200",
      "x": 1055,
      "y": 729,
      "bounds": {
        "left": 1044,
        "top": 725,
        "width": 22,
        "height": 9
      },
      "confidence": 75
    },
    {
      "text": "Ok\"",
      "x": 1082,
      "y": 729,
      "bounds": {
        "left": 1072,
        "top": 724,
        "width": 21,
        "height": 10
      },
      "confidence": 68
    },
    {
      "text": "[OPENAT]",
      "x": 316,
      "y": 747,
      "bounds": {
        "left": 290,
        "top": 741,
        "width": 53,
        "height": 13
      },
      "confidence": 77
    },
    {
      "text": "TOOL",
      "x": 365,
      "y": 746,
      "bounds": {
        "left": 351,
        "top": 742,
        "width": 28,
        "height": 9
      },
      "confidence": 59
    },
    {
      "text": "CALL:",
      "x": 402,
      "y": 746,
      "bounds": {
        "left": 386,
        "top": 742,
        "width": 33,
        "height": 9
      },
      "confidence": 93
    },
    {
      "text": "describe_screen",
      "x": 480,
      "y": 747,
      "bounds": {
        "left": 428,
        "top": 741,
        "width": 105,
        "height": 13
      },
      "confidence": 62
    },
    {
      "text": "oO",
      "x": 337,
      "y": 764,
      "bounds": {
        "left": 330,
        "top": 758,
        "width": 14,
        "height": 13
      },
      "confidence": 49
    },
    {
      "text": "I",
      "x": 295,
      "y": 780,
      "bounds": {
        "left": 291,
        "top": 773,
        "width": 9,
        "height": 14
      },
      "confidence": 51
    },
    {
      "text": "SUCCESS:",
      "x": 335,
      "y": 780,
      "bounds": {
        "left": 308,
        "top": 773,
        "width": 55,
        "height": 14
      },
      "confidence": 61
    },
    {
      "text": "{\"image_captured\":",
      "x": 434,
      "y": 781,
      "bounds": {
        "left": 372,
        "top": 775,
        "width": 124,
        "height": 13
      },
      "confidence": 59
    },
    {
      "text": "\u201cTrue\u201d,",
      "x": 529,
      "y": 781,
      "bounds": {
        "left": 506,
        "top": 775,
        "width": 47,
        "height": 12
      },
      "confidence": 73
    },
    {
      "text": "\u201cimage",
      "x": 583,
      "y": 780,
      "bounds": {
        "left": 562,
        "top": 766,
        "width": 42,
        "height": 29
      },
      "confidence": 54
    },
    {
      "text": "bases4\":",
      "x": 637,
      "y": 784,
      "bounds": {
        "left": 610,
        "top": 783,
        "width": 54,
        "height": 2
      },
      "confidence": 36
    },
    {
      "text": "\u201c[BASE64]\",",
      "x": 711,
      "y": 781,
      "bounds": {
        "left": 674,
        "top": 775,
        "width": 75,
        "height": 13
      },
      "confidence": 66
    },
    {
      "text": "\u201cdescription\u201d:",
      "x": 805,
      "y": 781,
      "bounds": {
        "left": 758,
        "top": 775,
        "width": 95,
        "height": 13
      },
      "confidence": 74
    },
    {
      "text": "(256ms)",
      "x": 424,
      "y": 798,
      "bounds": {
        "left": 401,
        "top": 792,
        "width": 47,
        "height": 13
      },
      "confidence": 62
    },
    {
      "text": "00:00:38,352",
      "x": 372,
      "y": 815,
      "bounds": {
        "left": 330,
        "top": 810,
        "width": 84,
        "height": 11
      },
      "confidence": 60
    },
    {
      "text": "-",
      "x": 425,
      "y": 815,
      "bounds": {
        "left": 422,
        "top": 815,
        "width": 6,
        "height": 1
      },
      "confidence": 88
    },
    {
      "text": "httpx",
      "x": 453,
      "y": 815,
      "bounds": {
        "left": 436,
        "top": 809,
        "width": 35,
        "height": 13
      },
      "confidence": 89
    },
    {
      "text": "-",
      "x": 481,
      "y": 815,
      "bounds": {
        "left": 478,
        "top": 815,
        "width": 6,
        "height": 1
      },
      "confidence": 90
    },
    {
      "text": "INFO",
      "x": 506,
      "y": 814,
      "bounds": {
        "left": 492,
        "top": 810,
        "width": 28,
        "height": 9
      },
      "confidence": 92
    },
    {
      "text": "=",
      "x": 424,
      "y": 832,
      "bounds": {
        "left": 422,
        "top": 832,
        "width": 4,
        "height": 1
      },
      "confidence": 42
    },
    {
      "text": "httpx",
      "x": 477,
      "y": 832,
      "bounds": {
        "left": 434,
        "top": 826,
        "width": 86,
        "height": 13
      },
      "confidence": 79
    },
    {
      "text": "-",
      "x": 482,
      "y": 831,
      "bounds": {
        "left": 478,
        "top": 817,
        "width": 8,
        "height": 29
      },
      "confidence": 85
    },
    {
      "text": "INFO",
      "x": 506,
      "y": 832,
      "bounds": {
        "left": 492,
        "top": 826,
        "width": 28,
        "height": 13
      },
      "confidence": 93
    },
    {
      "text": "=",
      "x": 424,
      "y": 849,
      "bounds": {
        "left": 422,
        "top": 849,
        "width": 4,
        "height": 1
      },
      "confidence": 42
    },
    {
      "text": "httpx",
      "x": 477,
      "y": 849,
      "bounds": {
        "left": 434,
        "top": 843,
        "width": 86,
        "height": 13
      },
      "confidence": 79
    },
    {
      "text": "-",
      "x": 482,
      "y": 848,
      "bounds": {
        "left": 478,
        "top": 834,
        "width": 8,
        "height": 29
      },
      "confidence": 85
    },
    {
      "text": "INFO",
      "x": 506,
      "y": 849,
      "bounds": {
        "left": 492,
        "top": 843,
        "width": 28,
        "height": 13
      },
      "confidence": 93
    },
    {
      "text": "=",
      "x": 424,
      "y": 866,
      "bounds": {
        "left": 422,
        "top": 866,
        "width": 4,
        "height": 1
      },
      "confidence": 42
    },
    {
      "text": "httpx",
      "x": 477,
      "y": 866,
      "bounds": {
        "left": 434,
        "top": 860,
        "width": 86,
        "height": 13
      },
      "confidence": 79
    },
    {
      "text": "-",
      "x": 482,
      "y": 865,
      "bounds": {
        "left": 478,
        "top": 851,
        "width": 8,
        "height": 29
      },
      "confidence": 85
    },
    {
      "text": "INFO",
      "x": 506,
      "y": 866,
      "bounds": {
        "left": 492,
        "top": 860,
        "width": 28,
        "height": 13
      },
      "confidence": 93
    },
    {
      "text": "=",
      "x": 424,
      "y": 883,
      "bounds": {
        "left": 422,
        "top": 883,
        "width": 4,
        "height": 1
      },
      "confidence": 42
    },
    {
      "text": "httpx",
      "x": 477,
      "y": 883,
      "bounds": {
        "left": 434,
        "top": 877,
        "width": 86,
        "height": 13
      },
      "confidence": 79
    },
    {
      "text": "-",
      "x": 482,
      "y": 882,
      "bounds": {
        "left": 478,
        "top": 868,
        "width": 8,
        "height": 29
      },
      "confidence": 85
    },
    {
      "text": "INFO",
      "x": 506,
      "y": 883,
      "bounds": {
        "left": 492,
        "top": 877,
        "width": 28,
        "height": 13
      },
      "confidence": 93
    },
    {
      "text": "httpx",
      "x": 452,
      "y": 900,
      "bounds": {
        "left": 434,
        "top": 894,
        "width": 37,
        "height": 13
      },
      "confidence": 58
    },
    {
      "text": "_main__-",
      "x": 494,
      "y": 917,
      "bounds": {
        "left": 434,
        "top": 911,
        "width": 120,
        "height": 13
      },
      "confidence": 42
    },
    {
      "text": "INFO",
      "x": 529,
      "y": 916,
      "bounds": {
        "left": 514,
        "top": 902,
        "width": 30,
        "height": 29
      },
      "confidence": 70
    },
    {
      "text": "-",
      "x": 552,
      "y": 916,
      "bounds": {
        "left": 548,
        "top": 902,
        "width": 8,
        "height": 29
      },
      "confidence": 70
    },
    {
      "text": "USER",
      "x": 596,
      "y": 916,
      "bounds": {
        "left": 582,
        "top": 910,
        "width": 29,
        "height": 12
      },
      "confidence": 95
    },
    {
      "text": "INPUT:",
      "x": 637,
      "y": 916,
      "bounds": {
        "left": 618,
        "top": 912,
        "width": 39,
        "height": 9
      },
      "confidence": 95
    },
    {
      "text": "Run",
      "x": 677,
      "y": 916,
      "bounds": {
        "left": 667,
        "top": 912,
        "width": 20,
        "height": 9
      },
      "confidence": 92
    },
    {
      "text": "an",
      "x": 701,
      "y": 917,
      "bounds": {
        "left": 694,
        "top": 914,
        "width": 14,
        "height": 7
      },
      "confidence": 92
    },
    {
      "text": "ocr",
      "x": 726,
      "y": 916,
      "bounds": {
        "left": 715,
        "top": 902,
        "width": 22,
        "height": 29
      },
      "confidence": 95
    },
    {
      "text": "aswell",
      "x": 764,
      "y": 916,
      "bounds": {
        "left": 744,
        "top": 902,
        "width": 41,
        "height": 29
      },
      "confidence": 86
    },
    {
      "text": "httpx",
      "x": 452,
      "y": 933,
      "bounds": {
        "left": 434,
        "top": 919,
        "width": 37,
        "height": 29
      },
      "confidence": 72
    },
    {
      "text": "-",
      "x": 481,
      "y": 934,
      "bounds": {
        "left": 478,
        "top": 934,
        "width": 6,
        "height": 1
      },
      "confidence": 65
    },
    {
      "text": "INFO",
      "x": 506,
      "y": 933,
      "bounds": {
        "left": 492,
        "top": 919,
        "width": 28,
        "height": 29
      },
      "confidence": 92
    },
    {
      "text": "-",
      "x": 530,
      "y": 934,
      "bounds": {
        "left": 527,
        "top": 934,
        "width": 6,
        "height": 1
      },
      "confidence": 84
    },
    {
      "text": "HTTP",
      "x": 554,
      "y": 933,
      "bounds": {
        "left": 541,
        "top": 919,
        "width": 27,
        "height": 29
      },
      "confidence": 83
    },
    {
      "text": "Request:",
      "x": 602,
      "y": 934,
      "bounds": {
        "left": 575,
        "top": 928,
        "width": 54,
        "height": 13
      },
      "confidence": 96
    },
    {
      "text": "httpx",
      "x": 452,
      "y": 950,
      "bounds": {
        "left": 434,
        "top": 936,
        "width": 37,
        "height": 29
      },
      "confidence": 69
    },
    {
      "text": "-",
      "x": 481,
      "y": 951,
      "bounds": {
        "left": 478,
        "top": 951,
        "width": 6,
        "height": 1
      },
      "confidence": 91
    },
    {
      "text": "INFO",
      "x": 506,
      "y": 950,
      "bounds": {
        "left": 492,
        "top": 936,
        "width": 28,
        "height": 29
      },
      "confidence": 92
    },
    {
      "text": "-",
      "x": 530,
      "y": 951,
      "bounds": {
        "left": 527,
        "top": 951,
        "width": 6,
        "height": 1
      },
      "confidence": 86
    },
    {
      "text": "HTTP",
      "x": 554,
      "y": 950,
      "bounds": {
        "left": 541,
        "top": 936,
        "width": 27,
        "height": 29
      },
      "confidence": 87
    },
    {
      "text": "Request:",
      "x": 602,
      "y": 951,
      "bounds": {
        "left": 575,
        "top": 945,
        "width": 54,
        "height": 13
      },
      "confidence": 95
    },
    {
      "text": "httpx",
      "x": 452,
      "y": 967,
      "bounds": {
        "left": 434,
        "top": 953,
        "width": 37,
        "height": 29
      },
      "confidence": 69
    },
    {
      "text": "-",
      "x": 481,
      "y": 968,
      "bounds": {
        "left": 478,
        "top": 968,
        "width": 6,
        "height": 1
      },
      "confidence": 91
    },
    {
      "text": "INFO",
      "x": 506,
      "y": 967,
      "bounds": {
        "left": 492,
        "top": 953,
        "width": 28,
        "height": 29
      },
      "confidence": 92
    },
    {
      "text": "-",
      "x": 530,
      "y": 968,
      "bounds": {
        "left": 527,
        "top": 968,
        "width": 6,
        "height": 1
      },
      "confidence": 86
    },
    {
      "text": "HTTP",
      "x": 554,
      "y": 967,
      "bounds": {
        "left": 541,
        "top": 953,
        "width": 27,
        "height": 29
      },
      "confidence": 87
    },
    {
      "text": "Request:",
      "x": 602,
      "y": 968,
      "bounds": {
        "left": 575,
        "top": 962,
        "width": 54,
        "height": 13
      },
      "confidence": 95
    },
    {
      "text": "httpx",
      "x": 452,
      "y": 984,
      "bounds": {
        "left": 434,
        "top": 970,
        "width": 37,
        "height": 29
      },
      "confidence": 74
    },
    {
      "text": "-",
      "x": 481,
      "y": 985,
      "bounds": {
        "left": 478,
        "top": 985,
        "width": 6,
        "height": 1
      },
      "confidence": 91
    },
    {
      "text": "INFO",
      "x": 506,
      "y": 984,
      "bounds": {
        "left": 492,
        "top": 970,
        "width": 28,
        "height": 29
      },
      "confidence": 92
    },
    {
      "text": "-",
      "x": 530,
      "y": 985,
      "bounds": {
        "left": 527,
        "top": 985,
        "width": 6,
        "height": 1
      },
      "confidence": 87
    },
    {
      "text": "HTTP",
      "x": 554,
      "y": 984,
      "bounds": {
        "left": 541,
        "top": 970,
        "width": 27,
        "height": 29
      },
      "confidence": 84
    },
    {
      "text": "Request:",
      "x": 602,
      "y": 985,
      "bounds": {
        "left": 575,
        "top": 979,
        "width": 54,
        "height": 13
      },
      "confidence": 95
    },
    {
      "text": "HTTP",
      "x": 554,
      "y": 814,
      "bounds": {
        "left": 540,
        "top": 810,
        "width": 29,
        "height": 9
      },
      "confidence": 59
    },
    {
      "text": "Request:",
      "x": 602,
      "y": 816,
      "bounds": {
        "left": 576,
        "top": 810,
        "width": 53,
        "height": 12
      },
      "confidence": 96
    },
    {
      "text": "POST",
      "x": 652,
      "y": 814,
      "bounds": {
        "left": 638,
        "top": 810,
        "width": 29,
        "height": 9
      },
      "confidence": 93
    },
    {
      "text": "\u201cHTTP/1.1",
      "x": 1006,
      "y": 814,
      "bounds": {
        "left": 975,
        "top": 809,
        "width": 62,
        "height": 11
      },
      "confidence": 52
    },
    {
      "text": "20",
      "x": 1055,
      "y": 814,
      "bounds": {
        "left": 1044,
        "top": 810,
        "width": 22,
        "height": 9
      },
      "confidence": 83
    },
    {
      "text": "Ok\"",
      "x": 1082,
      "y": 814,
      "bounds": {
        "left": 1072,
        "top": 809,
        "width": 21,
        "height": 10
      },
      "confidence": 67
    },
    {
      "text": "HTTP",
      "x": 554,
      "y": 831,
      "bounds": {
        "left": 540,
        "top": 827,
        "width": 29,
        "height": 9
      },
      "confidence": 77
    },
    {
      "text": "Request:",
      "x": 602,
      "y": 833,
      "bounds": {
        "left": 576,
        "top": 827,
        "width": 53,
        "height": 12
      },
      "confidence": 91
    },
    {
      "text": "POST",
      "x": 652,
      "y": 831,
      "bounds": {
        "left": 638,
        "top": 827,
        "width": 29,
        "height": 9
      },
      "confidence": 91
    },
    {
      "text": "https:",
      "x": 693,
      "y": 831,
      "bounds": {
        "left": 673,
        "top": 817,
        "width": 40,
        "height": 29
      },
      "confidence": 70
    },
    {
      "text": ":",
      "x": 943,
      "y": 832,
      "bounds": {
        "left": 942,
        "top": 829,
        "width": 2,
        "height": 7
      },
      "confidence": 89
    },
    {
      "text": "AAFLEL",
      "x": 968,
      "y": 831,
      "bounds": {
        "left": 951,
        "top": 817,
        "width": 35,
        "height": 29
      },
      "confidence": 82
    },
    {
      "text": "\u201cHTTP/1.1",
      "x": 1314,
      "y": 831,
      "bounds": {
        "left": 1283,
        "top": 826,
        "width": 62,
        "height": 11
      },
      "confidence": 55
    },
    {
      "text": "200",
      "x": 1363,
      "y": 831,
      "bounds": {
        "left": 1352,
        "top": 827,
        "width": 22,
        "height": 9
      },
      "confidence": 93
    },
    {
      "text": "Ok\u201d",
      "x": 1390,
      "y": 831,
      "bounds": {
        "left": 1380,
        "top": 826,
        "width": 21,
        "height": 10
      },
      "confidence": 47
    },
    {
      "text": "HTTP",
      "x": 554,
      "y": 848,
      "bounds": {
        "left": 540,
        "top": 844,
        "width": 29,
        "height": 9
      },
      "confidence": 76
    },
    {
      "text": "Request:",
      "x": 600,
      "y": 850,
      "bounds": {
        "left": 576,
        "top": 844,
        "width": 48,
        "height": 12
      },
      "confidence": 92
    },
    {
      "text": "POST",
      "x": 652,
      "y": 848,
      "bounds": {
        "left": 638,
        "top": 844,
        "width": 29,
        "height": 9
      },
      "confidence": 92
    },
    {
      "text": "https:",
      "x": 691,
      "y": 849,
      "bounds": {
        "left": 674,
        "top": 843,
        "width": 34,
        "height": 13
      },
      "confidence": 74
    },
    {
      "text": "org/bot7960886425",
      "x": 879,
      "y": 848,
      "bounds": {
        "left": 821,
        "top": 834,
        "width": 117,
        "height": 29
      },
      "confidence": 66
    },
    {
      "text": ":",
      "x": 943,
      "y": 848,
      "bounds": {
        "left": 942,
        "top": 834,
        "width": 3,
        "height": 29
      },
      "confidence": 66
    },
    {
      "text": "AAFLEL",
      "x": 968,
      "y": 848,
      "bounds": {
        "left": 951,
        "top": 834,
        "width": 35,
        "height": 29
      },
      "confidence": 80
    },
    {
      "text": "FHcWgN3nfpOsrhfFAXvSmtNHnBGdU/editMessageText",
      "x": 1145,
      "y": 849,
      "bounds": {
        "left": 988,
        "top": 843,
        "width": 315,
        "height": 13
      },
      "confidence": 43
    },
    {
      "text": "\"HITP/1.1",
      "x": 1342,
      "y": 848,
      "bounds": {
        "left": 1311,
        "top": 843,
        "width": 62,
        "height": 11
      },
      "confidence": 31
    },
    {
      "text": "208",
      "x": 1391,
      "y": 848,
      "bounds": {
        "left": 1380,
        "top": 844,
        "width": 22,
        "height": 9
      },
      "confidence": 71
    },
    {
      "text": "Ok\u201d",
      "x": 1418,
      "y": 848,
      "bounds": {
        "left": 1408,
        "top": 843,
        "width": 21,
        "height": 10
      },
      "confidence": 53
    },
    {
      "text": "HTTP",
      "x": 554,
      "y": 865,
      "bounds": {
        "left": 540,
        "top": 861,
        "width": 29,
        "height": 9
      },
      "confidence": 77
    },
    {
      "text": "Request:",
      "x": 600,
      "y": 867,
      "bounds": {
        "left": 576,
        "top": 861,
        "width": 48,
        "height": 12
      },
      "confidence": 91
    },
    {
      "text": "POST",
      "x": 652,
      "y": 865,
      "bounds": {
        "left": 638,
        "top": 861,
        "width": 29,
        "height": 9
      },
      "confidence": 91
    },
    {
      "text": "https:",
      "x": 691,
      "y": 866,
      "bounds": {
        "left": 674,
        "top": 860,
        "width": 34,
        "height": 13
      },
      "confidence": 55
    },
    {
      "text": "//api.telegram.org/bot7960886425",
      "x": 827,
      "y": 866,
      "bounds": {
        "left": 715,
        "top": 860,
        "width": 224,
        "height": 13
      },
      "confidence": 55
    },
    {
      "text": ":",
      "x": 943,
      "y": 865,
      "bounds": {
        "left": 942,
        "top": 851,
        "width": 3,
        "height": 29
      },
      "confidence": 90
    },
    {
      "text": "AAFLEL",
      "x": 968,
      "y": 865,
      "bounds": {
        "left": 951,
        "top": 851,
        "width": 35,
        "height": 29
      },
      "confidence": 78
    },
    {
      "text": "\u201cHITP/1.1",
      "x": 1307,
      "y": 865,
      "bounds": {
        "left": 1276,
        "top": 860,
        "width": 62,
        "height": 11
      },
      "confidence": 43
    },
    {
      "text": "200",
      "x": 1356,
      "y": 865,
      "bounds": {
        "left": 1345,
        "top": 861,
        "width": 22,
        "height": 9
      },
      "confidence": 89
    },
    {
      "text": "OK\u201d",
      "x": 1383,
      "y": 865,
      "bounds": {
        "left": 1373,
        "top": 860,
        "width": 21,
        "height": 10
      },
      "confidence": 61
    },
    {
      "text": "HTTP",
      "x": 554,
      "y": 882,
      "bounds": {
        "left": 540,
        "top": 878,
        "width": 29,
        "height": 9
      },
      "confidence": 76
    },
    {
      "text": "Request:",
      "x": 600,
      "y": 884,
      "bounds": {
        "left": 576,
        "top": 878,
        "width": 48,
        "height": 12
      },
      "confidence": 91
    },
    {
      "text": "POST",
      "x": 652,
      "y": 882,
      "bounds": {
        "left": 638,
        "top": 878,
        "width": 29,
        "height": 9
      },
      "confidence": 91
    },
    {
      "text": "https:",
      "x": 691,
      "y": 883,
      "bounds": {
        "left": 674,
        "top": 877,
        "width": 34,
        "height": 13
      },
      "confidence": 57
    },
    {
      "text": "//api.telegram.org/bot7960886425",
      "x": 827,
      "y": 883,
      "bounds": {
        "left": 715,
        "top": 877,
        "width": 224,
        "height": 13
      },
      "confidence": 57
    },
    {
      "text": ":",
      "x": 943,
      "y": 882,
      "bounds": {
        "left": 942,
        "top": 868,
        "width": 3,
        "height": 29
      },
      "confidence": 89
    },
    {
      "text": "AAFLEL",
      "x": 968,
      "y": 882,
      "bounds": {
        "left": 951,
        "top": 868,
        "width": 35,
        "height": 29
      },
      "confidence": 79
    },
    {
      "text": "\u201cHITP/1.1",
      "x": 1307,
      "y": 882,
      "bounds": {
        "left": 1276,
        "top": 877,
        "width": 62,
        "height": 11
      },
      "confidence": 57
    },
    {
      "text": "200",
      "x": 1356,
      "y": 882,
      "bounds": {
        "left": 1345,
        "top": 878,
        "width": 22,
        "height": 9
      },
      "confidence": 90
    },
    {
      "text": "OK\u201d",
      "x": 1383,
      "y": 882,
      "bounds": {
        "left": 1373,
        "top": 877,
        "width": 21,
        "height": 10
      },
      "confidence": 49
    },
    {
      "text": "INFO",
      "x": 506,
      "y": 899,
      "bounds": {
        "left": 492,
        "top": 895,
        "width": 28,
        "height": 9
      },
      "confidence": 92
    },
    {
      "text": "-",
      "x": 530,
      "y": 900,
      "bounds": {
        "left": 527,
        "top": 900,
        "width": 6,
        "height": 1
      },
      "confidence": 90
    },
    {
      "text": "HTTP",
      "x": 554,
      "y": 899,
      "bounds": {
        "left": 540,
        "top": 895,
        "width": 29,
        "height": 9
      },
      "confidence": 89
    },
    {
      "text": "Request:",
      "x": 602,
      "y": 901,
      "bounds": {
        "left": 576,
        "top": 895,
        "width": 53,
        "height": 12
      },
      "confidence": 95
    },
    {
      "text": "POST",
      "x": 652,
      "y": 899,
      "bounds": {
        "left": 638,
        "top": 895,
        "width": 29,
        "height": 9
      },
      "confidence": 90
    },
    {
      "text": "https:",
      "x": 692,
      "y": 899,
      "bounds": {
        "left": 672,
        "top": 885,
        "width": 41,
        "height": 29
      },
      "confidence": 69
    },
    {
      "text": "//api..telegram.org/bot7960886425::",
      "x": 829,
      "y": 899,
      "bounds": {
        "left": 715,
        "top": 885,
        "width": 229,
        "height": 29
      },
      "confidence": 58
    },
    {
      "text": "AAFLELFHch_N3nfpQsrhfFAXvSmtNHnBGdU/getUpdates",
      "x": 1109,
      "y": 899,
      "bounds": {
        "left": 950,
        "top": 885,
        "width": 318,
        "height": 29
      },
      "confidence": 38
    },
    {
      "text": "\u201cHTTP/1.1",
      "x": 1307,
      "y": 899,
      "bounds": {
        "left": 1276,
        "top": 894,
        "width": 62,
        "height": 11
      },
      "confidence": 69
    },
    {
      "text": "288",
      "x": 1356,
      "y": 899,
      "bounds": {
        "left": 1345,
        "top": 895,
        "width": 22,
        "height": 9
      },
      "confidence": 62
    },
    {
      "text": "Ok\u201d",
      "x": 1383,
      "y": 899,
      "bounds": {
        "left": 1373,
        "top": 894,
        "width": 21,
        "height": 10
      },
      "confidence": 55
    },
    {
      "text": "\u2018telegram.",
      "x": 785,
      "y": 933,
      "bounds": {
        "left": 753,
        "top": 919,
        "width": 65,
        "height": 29
      },
      "confidence": 56
    },
    {
      "text": "org/bot",
      "x": 846,
      "y": 933,
      "bounds": {
        "left": 823,
        "top": 919,
        "width": 46,
        "height": 29
      },
      "confidence": 50
    },
    {
      "text": "7960886425:",
      "x": 907,
      "y": 933,
      "bounds": {
        "left": 871,
        "top": 919,
        "width": 73,
        "height": 29
      },
      "confidence": 50
    },
    {
      "text": "AAFLEL",
      "x": 969,
      "y": 933,
      "bounds": {
        "left": 951,
        "top": 919,
        "width": 37,
        "height": 29
      },
      "confidence": 48
    },
    {
      "text": "FHcWgN3nfpOsrhfFAXvSmtNHnBGdU/sendchatAction",
      "x": 1142,
      "y": 934,
      "bounds": {
        "left": 988,
        "top": 928,
        "width": 308,
        "height": 13
      },
      "confidence": 35
    },
    {
      "text": "\u201cHTTP/1.1",
      "x": 1335,
      "y": 933,
      "bounds": {
        "left": 1304,
        "top": 928,
        "width": 62,
        "height": 11
      },
      "confidence": 62
    },
    {
      "text": "288",
      "x": 1384,
      "y": 933,
      "bounds": {
        "left": 1373,
        "top": 929,
        "width": 22,
        "height": 9
      },
      "confidence": 59
    },
    {
      "text": "Ok\u201d",
      "x": 1411,
      "y": 933,
      "bounds": {
        "left": 1401,
        "top": 928,
        "width": 21,
        "height": 10
      },
      "confidence": 70
    },
    {
      "text": "\u2018telegram.",
      "x": 785,
      "y": 950,
      "bounds": {
        "left": 753,
        "top": 936,
        "width": 65,
        "height": 29
      },
      "confidence": 63
    },
    {
      "text": "AAFLEL",
      "x": 969,
      "y": 950,
      "bounds": {
        "left": 951,
        "top": 936,
        "width": 37,
        "height": 29
      },
      "confidence": 36
    },
    {
      "text": "FHcWgN3nfpOsrhfFAXvSmtNHnBGdU/sendchatAction",
      "x": 1142,
      "y": 951,
      "bounds": {
        "left": 988,
        "top": 945,
        "width": 308,
        "height": 13
      },
      "confidence": 36
    },
    {
      "text": "\"HTTP/1.1",
      "x": 1335,
      "y": 950,
      "bounds": {
        "left": 1304,
        "top": 945,
        "width": 62,
        "height": 11
      },
      "confidence": 57
    },
    {
      "text": "288",
      "x": 1384,
      "y": 950,
      "bounds": {
        "left": 1373,
        "top": 946,
        "width": 22,
        "height": 9
      },
      "confidence": 61
    },
    {
      "text": "Ok\u201d",
      "x": 1411,
      "y": 950,
      "bounds": {
        "left": 1401,
        "top": 945,
        "width": 21,
        "height": 10
      },
      "confidence": 51
    },
    {
      "text": "\u2018telegram.",
      "x": 785,
      "y": 967,
      "bounds": {
        "left": 753,
        "top": 953,
        "width": 65,
        "height": 29
      },
      "confidence": 58
    },
    {
      "text": "org/bot",
      "x": 844,
      "y": 967,
      "bounds": {
        "left": 820,
        "top": 953,
        "width": 49,
        "height": 29
      },
      "confidence": 40
    },
    {
      "text": "7960886425:",
      "x": 907,
      "y": 967,
      "bounds": {
        "left": 871,
        "top": 953,
        "width": 73,
        "height": 29
      },
      "confidence": 40
    },
    {
      "text": "\u201cHTTP/1.1",
      "x": 1314,
      "y": 967,
      "bounds": {
        "left": 1283,
        "top": 962,
        "width": 62,
        "height": 11
      },
      "confidence": 60
    },
    {
      "text": "200",
      "x": 1363,
      "y": 967,
      "bounds": {
        "left": 1352,
        "top": 963,
        "width": 22,
        "height": 9
      },
      "confidence": 92
    },
    {
      "text": "OK\u201d",
      "x": 1390,
      "y": 967,
      "bounds": {
        "left": 1380,
        "top": 962,
        "width": 21,
        "height": 10
      },
      "confidence": 47
    },
    {
      "text": "\"HTTP/1.1",
      "x": 1006,
      "y": 984,
      "bounds": {
        "left": 975,
        "top": 979,
        "width": 62,
        "height": 11
      },
      "confidence": 45
    },
    {
      "text": "280",
      "x": 1055,
      "y": 984,
      "bounds": {
        "left": 1044,
        "top": 980,
        "width": 22,
        "height": 9
      },
      "confidence": 70
    },
    {
      "text": "Ok\u201d",
      "x": 1082,
      "y": 984,
      "bounds": {
        "left": 1072,
        "top": 979,
        "width": 21,
        "height": 10
      },
      "confidence": 71
    },
    {
      "text": "\u201cScreenshot",
      "x": 901,
      "y": 780,
      "bounds": {
        "left": 863,
        "top": 775,
        "width": 76,
        "height": 10
      },
      "confidence": 86
    },
    {
      "text": "captured",
      "x": 974,
      "y": 781,
      "bounds": {
        "left": 946,
        "top": 775,
        "width": 56,
        "height": 13
      },
      "confidence": 93
    },
    {
      "text": "successfully.",
      "x": 1054,
      "y": 781,
      "bounds": {
        "left": 1010,
        "top": 775,
        "width": 88,
        "height": 13
      },
      "confidence": 83
    },
    {
      "text": "Looking",
      "x": 1132,
      "y": 781,
      "bounds": {
        "left": 1108,
        "top": 775,
        "width": 49,
        "height": 13
      },
      "confidence": 90
    },
    {
      "text": "at",
      "x": 1170,
      "y": 780,
      "bounds": {
        "left": 1163,
        "top": 776,
        "width": 14,
        "height": 9
      },
      "confidence": 96
    },
    {
      "text": "the",
      "x": 1194,
      "y": 780,
      "bounds": {
        "left": 1184,
        "top": 775,
        "width": 21,
        "height": 10
      },
      "confidence": 96
    },
    {
      "text": "screen",
      "x": 1233,
      "y": 781,
      "bounds": {
        "left": 1213,
        "top": 778,
        "width": 41,
        "height": 7
      },
      "confidence": 91
    },
    {
      "text": "now.\u201d,",
      "x": 1279,
      "y": 780,
      "bounds": {
        "left": 1262,
        "top": 775,
        "width": 34,
        "height": 10
      },
      "confidence": 69
    },
    {
      "text": "\u201cquestion\u201d:",
      "x": 1348,
      "y": 781,
      "bounds": {
        "left": 1311,
        "top": 775,
        "width": 74,
        "height": 13
      },
      "confidence": 56
    },
    {
      "text": "\u201cwhat",
      "x": 1412,
      "y": 780,
      "bounds": {
        "left": 1395,
        "top": 775,
        "width": 34,
        "height": 10
      },
      "confidence": 79
    },
    {
      "text": "Open",
      "x": 1451,
      "y": 19,
      "bounds": {
        "left": 1435,
        "top": 5,
        "width": 32,
        "height": 29
      },
      "confidence": 88
    },
    {
      "text": "Agent",
      "x": 1489,
      "y": 19,
      "bounds": {
        "left": 1473,
        "top": 5,
        "width": 33,
        "height": 29
      },
      "confidence": 95
    },
    {
      "text": "Manager",
      "x": 1535,
      "y": 19,
      "bounds": {
        "left": 1512,
        "top": 5,
        "width": 47,
        "height": 29
      },
      "confidence": 91
    },
    {
      "text": "18",
      "x": 1574,
      "y": 19,
      "bounds": {
        "left": 1565,
        "top": 5,
        "width": 18,
        "height": 29
      },
      "confidence": 71
    },
    {
      "text": "OM",
      "x": 1626,
      "y": 17,
      "bounds": {
        "left": 1604,
        "top": 10,
        "width": 45,
        "height": 14
      },
      "confidence": 56
    },
    {
      "text": "O16",
      "x": 1685,
      "y": 19,
      "bounds": {
        "left": 1664,
        "top": 5,
        "width": 42,
        "height": 29
      },
      "confidence": 56
    },
    {
      "text": "&",
      "x": 1725,
      "y": 17,
      "bounds": {
        "left": 1720,
        "top": 10,
        "width": 10,
        "height": 14
      },
      "confidence": 87
    },
    {
      "text": "\u00a9",
      "x": 1751,
      "y": 17,
      "bounds": {
        "left": 1746,
        "top": 9,
        "width": 11,
        "height": 16
      },
      "confidence": 58
    },
    {
      "text": "Auto",
      "x": 1604,
      "y": 52,
      "bounds": {
        "left": 1593,
        "top": 39,
        "width": 23,
        "height": 26
      },
      "confidence": 93
    },
    {
      "text": "Mode",
      "x": 1633,
      "y": 52,
      "bounds": {
        "left": 1622,
        "top": 39,
        "width": 22,
        "height": 26
      },
      "confidence": 96
    },
    {
      "text": "Prompt",
      "x": 1669,
      "y": 52,
      "bounds": {
        "left": 1650,
        "top": 39,
        "width": 38,
        "height": 26
      },
      "confidence": 92
    },
    {
      "text": "+",
      "x": 1820,
      "y": 53,
      "bounds": {
        "left": 1815,
        "top": 48,
        "width": 10,
        "height": 10
      },
      "confidence": 42
    },
    {
      "text": "O-",
      "x": 1855,
      "y": 53,
      "bounds": {
        "left": 1837,
        "top": 46,
        "width": 36,
        "height": 14
      },
      "confidence": 42
    },
    {
      "text": "x",
      "x": 1892,
      "y": 53,
      "bounds": {
        "left": 1888,
        "top": 49,
        "width": 8,
        "height": 8
      },
      "confidence": 54
    },
    {
      "text": "underlying",
      "x": 1572,
      "y": 77,
      "bounds": {
        "left": 1541,
        "top": 71,
        "width": 63,
        "height": 13
      },
      "confidence": 94
    },
    {
      "text": "mechanics:",
      "x": 1640,
      "y": 76,
      "bounds": {
        "left": 1608,
        "top": 71,
        "width": 64,
        "height": 10
      },
      "confidence": 96
    },
    {
      "text": "*",
      "x": 1549,
      "y": 96,
      "bounds": {
        "left": 1547,
        "top": 94,
        "width": 5,
        "height": 5
      },
      "confidence": 35
    },
    {
      "text": "Vision",
      "x": 1586,
      "y": 96,
      "bounds": {
        "left": 1568,
        "top": 91,
        "width": 36,
        "height": 10
      },
      "confidence": 74
    },
    {
      "text": "tools",
      "x": 1631,
      "y": 96,
      "bounds": {
        "left": 1608,
        "top": 91,
        "width": 47,
        "height": 10
      },
      "confidence": 92
    },
    {
      "text": "\u2014",
      "x": 1650,
      "y": 96,
      "bounds": {
        "left": 1646,
        "top": 83,
        "width": 8,
        "height": 26
      },
      "confidence": 91
    },
    {
      "text": "\u00a2",
      "x": 1663,
      "y": 96,
      "bounds": {
        "left": 1659,
        "top": 83,
        "width": 8,
        "height": 26
      },
      "confidence": 55
    },
    {
      "text": "describe",
      "x": 1700,
      "y": 96,
      "bounds": {
        "left": 1677,
        "top": 83,
        "width": 46,
        "height": 26
      },
      "confidence": 83
    },
    {
      "text": "screen",
      "x": 1744,
      "y": 96,
      "bounds": {
        "left": 1727,
        "top": 83,
        "width": 35,
        "height": 26
      },
      "confidence": 83
    },
    {
      "text": "(mss",
      "x": 1784,
      "y": 97,
      "bounds": {
        "left": 1771,
        "top": 92,
        "width": 26,
        "height": 11
      },
      "confidence": 94
    },
    {
      "text": "+",
      "x": 1804,
      "y": 96,
      "bounds": {
        "left": 1801,
        "top": 93,
        "width": 7,
        "height": 7
      },
      "confidence": 95
    },
    {
      "text": "vision",
      "x": 1829,
      "y": 96,
      "bounds": {
        "left": 1813,
        "top": 91,
        "width": 33,
        "height": 10
      },
      "confidence": 93
    },
    {
      "text": "model,",
      "x": 1590,
      "y": 120,
      "bounds": {
        "left": 1569,
        "top": 114,
        "width": 42,
        "height": 12
      },
      "confidence": 91
    },
    {
      "text": "ocr",
      "x": 1641,
      "y": 120,
      "bounds": {
        "left": 1629,
        "top": 104,
        "width": 24,
        "height": 32
      },
      "confidence": 53
    },
    {
      "text": "sereen",
      "x": 1675,
      "y": 120,
      "bounds": {
        "left": 1658,
        "top": 104,
        "width": 35,
        "height": 32
      },
      "confidence": 53
    },
    {
      "text": "(mss",
      "x": 1713,
      "y": 120,
      "bounds": {
        "left": 1700,
        "top": 115,
        "width": 26,
        "height": 11
      },
      "confidence": 90
    },
    {
      "text": "+",
      "x": 1734,
      "y": 119,
      "bounds": {
        "left": 1731,
        "top": 116,
        "width": 7,
        "height": 7
      },
      "confidence": 96
    },
    {
      "text": "Tesseract),",
      "x": 1771,
      "y": 120,
      "bounds": {
        "left": 1742,
        "top": 115,
        "width": 58,
        "height": 11
      },
      "confidence": 91
    },
    {
      "text": "observe",
      "x": 1609,
      "y": 142,
      "bounds": {
        "left": 1587,
        "top": 126,
        "width": 44,
        "height": 32
      },
      "confidence": 61
    },
    {
      "text": "browser",
      "x": 1659,
      "y": 142,
      "bounds": {
        "left": 1638,
        "top": 126,
        "width": 43,
        "height": 32
      },
      "confidence": 61
    },
    {
      "text": "(DOM",
      "x": 1705,
      "y": 143,
      "bounds": {
        "left": 1689,
        "top": 138,
        "width": 33,
        "height": 11
      },
      "confidence": 94
    },
    {
      "text": "scan),",
      "x": 1742,
      "y": 143,
      "bounds": {
        "left": 1726,
        "top": 138,
        "width": 32,
        "height": 11
      },
      "confidence": 93
    },
    {
      "text": "Browser",
      "x": 1592,
      "y": 188,
      "bounds": {
        "left": 1569,
        "top": 175,
        "width": 46,
        "height": 26
      },
      "confidence": 57
    },
    {
      "text": "tools",
      "x": 1637,
      "y": 188,
      "bounds": {
        "left": 1620,
        "top": 175,
        "width": 34,
        "height": 26
      },
      "confidence": 85
    },
    {
      "text": "\u2014",
      "x": 1661,
      "y": 189,
      "bounds": {
        "left": 1657,
        "top": 189,
        "width": 8,
        "height": 1
      },
      "confidence": 80
    },
    {
      "text": "\u00a2",
      "x": 1679,
      "y": 189,
      "bounds": {
        "left": 1673,
        "top": 183,
        "width": 12,
        "height": 12
      },
      "confidence": 43
    },
    {
      "text": "open_browser,",
      "x": 1730,
      "y": 190,
      "bounds": {
        "left": 1689,
        "top": 184,
        "width": 83,
        "height": 12
      },
      "confidence": 47
    },
    {
      "text": ",",
      "x": 1873,
      "y": 193,
      "bounds": {
        "left": 1872,
        "top": 192,
        "width": 3,
        "height": 3
      },
      "confidence": 81
    },
    {
      "text": ",",
      "x": 1666,
      "y": 211,
      "bounds": {
        "left": 1664,
        "top": 198,
        "width": 5,
        "height": 26
      },
      "confidence": 91
    },
    {
      "text": "etc.",
      "x": 1682,
      "y": 211,
      "bounds": {
        "left": 1672,
        "top": 198,
        "width": 21,
        "height": 26
      },
      "confidence": 89
    },
    {
      "text": "with",
      "x": 1708,
      "y": 211,
      "bounds": {
        "left": 1698,
        "top": 198,
        "width": 21,
        "height": 26
      },
      "confidence": 97
    },
    {
      "text": "notes",
      "x": 1739,
      "y": 211,
      "bounds": {
        "left": 1724,
        "top": 198,
        "width": 30,
        "height": 26
      },
      "confidence": 96
    },
    {
      "text": "on",
      "x": 1765,
      "y": 211,
      "bounds": {
        "left": 1759,
        "top": 198,
        "width": 12,
        "height": 26
      },
      "confidence": 96
    },
    {
      "text": "Selenium",
      "x": 1822,
      "y": 211,
      "bounds": {
        "left": 1776,
        "top": 206,
        "width": 93,
        "height": 10
      },
      "confidence": 96
    },
    {
      "text": "vs",
      "x": 1838,
      "y": 211,
      "bounds": {
        "left": 1831,
        "top": 198,
        "width": 14,
        "height": 26
      },
      "confidence": 96
    },
    {
      "text": "real",
      "x": 1860,
      "y": 211,
      "bounds": {
        "left": 1848,
        "top": 198,
        "width": 25,
        "height": 26
      },
      "confidence": 96
    },
    {
      "text": "\u2018Chrome",
      "x": 1591,
      "y": 234,
      "bounds": {
        "left": 1569,
        "top": 229,
        "width": 45,
        "height": 10
      },
      "confidence": 71
    },
    {
      "text": "*",
      "x": 1549,
      "y": 256,
      "bounds": {
        "left": 1547,
        "top": 254,
        "width": 5,
        "height": 5
      },
      "confidence": 76
    },
    {
      "text": "Desktop",
      "x": 1593,
      "y": 257,
      "bounds": {
        "left": 1569,
        "top": 251,
        "width": 48,
        "height": 13
      },
      "confidence": 68
    },
    {
      "text": "%",
      "x": 1680,
      "y": 257,
      "bounds": {
        "left": 1674,
        "top": 251,
        "width": 12,
        "height": 12
      },
      "confidence": 35
    },
    {
      "text": "open",
      "x": 1705,
      "y": 258,
      "bounds": {
        "left": 1692,
        "top": 242,
        "width": 27,
        "height": 32
      },
      "confidence": 53
    },
    {
      "text": "app",
      "x": 1733,
      "y": 258,
      "bounds": {
        "left": 1724,
        "top": 242,
        "width": 19,
        "height": 32
      },
      "confidence": 53
    },
    {
      "text": "(Win+R),",
      "x": 1776,
      "y": 257,
      "bounds": {
        "left": 1752,
        "top": 251,
        "width": 49,
        "height": 12
      },
      "confidence": 59
    },
    {
      "text": "\u00ae",
      "x": 1579,
      "y": 280,
      "bounds": {
        "left": 1573,
        "top": 274,
        "width": 12,
        "height": 12
      },
      "confidence": 41
    },
    {
      "text": "focus_window",
      "x": 1627,
      "y": 281,
      "bounds": {
        "left": 1588,
        "top": 276,
        "width": 78,
        "height": 11
      },
      "confidence": 92
    },
    {
      "text": "(pywinauto),",
      "x": 1708,
      "y": 281,
      "bounds": {
        "left": 1673,
        "top": 275,
        "width": 70,
        "height": 12
      },
      "confidence": 90
    },
    {
      "text": "etc.",
      "x": 1757,
      "y": 279,
      "bounds": {
        "left": 1747,
        "top": 275,
        "width": 20,
        "height": 9
      },
      "confidence": 90
    },
    {
      "text": "Input",
      "x": 1584,
      "y": 304,
      "bounds": {
        "left": 1569,
        "top": 298,
        "width": 31,
        "height": 12
      },
      "confidence": 65
    },
    {
      "text": "tools",
      "x": 1627,
      "y": 302,
      "bounds": {
        "left": 1604,
        "top": 297,
        "width": 46,
        "height": 10
      },
      "confidence": 74
    },
    {
      "text": "\u2014",
      "x": 1645,
      "y": 302,
      "bounds": {
        "left": 1640,
        "top": 289,
        "width": 10,
        "height": 26
      },
      "confidence": 67
    },
    {
      "text": "\u00a2",
      "x": 1659,
      "y": 302,
      "bounds": {
        "left": 1655,
        "top": 289,
        "width": 8,
        "height": 26
      },
      "confidence": 65
    },
    {
      "text": "click",
      "x": 1685,
      "y": 303,
      "bounds": {
        "left": 1673,
        "top": 299,
        "width": 24,
        "height": 9
      },
      "confidence": 92
    },
    {
      "text": "(pyautogui",
      "x": 1735,
      "y": 304,
      "bounds": {
        "left": 1705,
        "top": 298,
        "width": 61,
        "height": 12
      },
      "confidence": 92
    },
    {
      "text": "physical",
      "x": 1792,
      "y": 303,
      "bounds": {
        "left": 1770,
        "top": 297,
        "width": 45,
        "height": 13
      },
      "confidence": 94
    },
    {
      "text": "click),",
      "x": 1834,
      "y": 303,
      "bounds": {
        "left": 1819,
        "top": 297,
        "width": 31,
        "height": 12
      },
      "confidence": 93
    },
    {
      "text": "tent",
      "x": 1628,
      "y": 327,
      "bounds": {
        "left": 1617,
        "top": 311,
        "width": 22,
        "height": 32
      },
      "confidence": 50
    },
    {
      "text": "(physical",
      "x": 1671,
      "y": 327,
      "bounds": {
        "left": 1646,
        "top": 311,
        "width": 50,
        "height": 32
      },
      "confidence": 93
    },
    {
      "text": "keystrokes),",
      "x": 1734,
      "y": 327,
      "bounds": {
        "left": 1702,
        "top": 311,
        "width": 64,
        "height": 32
      },
      "confidence": 93
    },
    {
      "text": "@",
      "x": 1780,
      "y": 326,
      "bounds": {
        "left": 1777,
        "top": 320,
        "width": 6,
        "height": 12
      },
      "confidence": 82
    },
    {
      "text": "hotkey,",
      "x": 1811,
      "y": 327,
      "bounds": {
        "left": 1790,
        "top": 320,
        "width": 43,
        "height": 14
      },
      "confidence": 69
    },
    {
      "text": "etc",
      "x": 1847,
      "y": 325,
      "bounds": {
        "left": 1838,
        "top": 321,
        "width": 19,
        "height": 9
      },
      "confidence": 75
    },
    {
      "text": "*",
      "x": 1549,
      "y": 348,
      "bounds": {
        "left": 1547,
        "top": 346,
        "width": 5,
        "height": 5
      },
      "confidence": 55
    },
    {
      "text": "CL",
      "x": 1574,
      "y": 347,
      "bounds": {
        "left": 1564,
        "top": 334,
        "width": 21,
        "height": 26
      },
      "confidence": 67
    },
    {
      "text": "tools",
      "x": 1605,
      "y": 347,
      "bounds": {
        "left": 1590,
        "top": 334,
        "width": 31,
        "height": 26
      },
      "confidence": 80
    },
    {
      "text": "\u2014",
      "x": 1629,
      "y": 349,
      "bounds": {
        "left": 1627,
        "top": 349,
        "width": 5,
        "height": 1
      },
      "confidence": 80
    },
    {
      "text": "file",
      "x": 1648,
      "y": 347,
      "bounds": {
        "left": 1638,
        "top": 334,
        "width": 20,
        "height": 26
      },
      "confidence": 88
    },
    {
      "text": "ops,",
      "x": 1674,
      "y": 347,
      "bounds": {
        "left": 1664,
        "top": 334,
        "width": 20,
        "height": 26
      },
      "confidence": 90
    },
    {
      "text": "commands,",
      "x": 1723,
      "y": 347,
      "bounds": {
        "left": 1692,
        "top": 334,
        "width": 62,
        "height": 26
      },
      "confidence": 90
    },
    {
      "text": "search,",
      "x": 1779,
      "y": 347,
      "bounds": {
        "left": 1759,
        "top": 334,
        "width": 40,
        "height": 26
      },
      "confidence": 96
    },
    {
      "text": "web",
      "x": 1816,
      "y": 347,
      "bounds": {
        "left": 1805,
        "top": 334,
        "width": 22,
        "height": 26
      },
      "confidence": 96
    },
    {
      "text": "2.",
      "x": 1544,
      "y": 387,
      "bounds": {
        "left": 1541,
        "top": 382,
        "width": 7,
        "height": 10
      },
      "confidence": 96
    },
    {
      "text": "Mf",
      "x": 1565,
      "y": 387,
      "bounds": {
        "left": 1560,
        "top": 373,
        "width": 10,
        "height": 28
      },
      "confidence": 31
    },
    {
      "text": "Adaptive",
      "x": 1608,
      "y": 387,
      "bounds": {
        "left": 1579,
        "top": 373,
        "width": 59,
        "height": 28
      },
      "confidence": 95
    },
    {
      "text": "Execution",
      "x": 1673,
      "y": 387,
      "bounds": {
        "left": 1644,
        "top": 373,
        "width": 59,
        "height": 28
      },
      "confidence": 93
    },
    {
      "text": "&",
      "x": 1713,
      "y": 387,
      "bounds": {
        "left": 1710,
        "top": 382,
        "width": 7,
        "height": 10
      },
      "confidence": 93
    },
    {
      "text": "Fallback",
      "x": 1752,
      "y": 387,
      "bounds": {
        "left": 1726,
        "top": 373,
        "width": 52,
        "height": 28
      },
      "confidence": 96
    },
    {
      "text": "Protocol",
      "x": 1812,
      "y": 387,
      "bounds": {
        "left": 1784,
        "top": 373,
        "width": 57,
        "height": 28
      },
      "confidence": 96
    },
    {
      "text": "Added",
      "x": 1866,
      "y": 387,
      "bounds": {
        "left": 1847,
        "top": 373,
        "width": 39,
        "height": 28
      },
      "confidence": 94
    },
    {
      "text": "(7",
      "x": 1547,
      "y": 409,
      "bounds": {
        "left": 1541,
        "top": 403,
        "width": 12,
        "height": 12
      },
      "confidence": 74
    },
    {
      "text": "rules)",
      "x": 1574,
      "y": 409,
      "bounds": {
        "left": 1557,
        "top": 403,
        "width": 35,
        "height": 12
      },
      "confidence": 74
    },
    {
      "text": "Rule",
      "x": 1564,
      "y": 443,
      "bounds": {
        "left": 1550,
        "top": 438,
        "width": 28,
        "height": 10
      },
      "confidence": 75
    },
    {
      "text": "Scenario",
      "x": 1622,
      "y": 443,
      "bounds": {
        "left": 1595,
        "top": 438,
        "width": 54,
        "height": 10
      },
      "confidence": 60
    },
    {
      "text": "Fallback",
      "x": 1744,
      "y": 443,
      "bounds": {
        "left": 1719,
        "top": 438,
        "width": 51,
        "height": 10
      },
      "confidence": 96
    },
    {
      "text": "Appnot",
      "x": 1616,
      "y": 471,
      "bounds": {
        "left": 1595,
        "top": 457,
        "width": 42,
        "height": 29
      },
      "confidence": 37
    },
    {
      "text": "installed",
      "x": 1666,
      "y": 471,
      "bounds": {
        "left": 1642,
        "top": 457,
        "width": 48,
        "height": 29
      },
      "confidence": 82
    },
    {
      "text": "Open",
      "x": 1747,
      "y": 471,
      "bounds": {
        "left": 1735,
        "top": 457,
        "width": 25,
        "height": 29
      },
      "confidence": 92
    },
    {
      "text": "web",
      "x": 1775,
      "y": 471,
      "bounds": {
        "left": 1766,
        "top": 457,
        "width": 18,
        "height": 29
      },
      "confidence": 89
    },
    {
      "text": "version",
      "x": 1808,
      "y": 473,
      "bounds": {
        "left": 1788,
        "top": 467,
        "width": 40,
        "height": 12
      },
      "confidence": 89
    },
    {
      "text": "in",
      "x": 1836,
      "y": 473,
      "bounds": {
        "left": 1832,
        "top": 470,
        "width": 9,
        "height": 6
      },
      "confidence": 96
    },
    {
      "text": "Chrome",
      "x": 1740,
      "y": 489,
      "bounds": {
        "left": 1719,
        "top": 485,
        "width": 42,
        "height": 9
      },
      "confidence": 95
    },
    {
      "text": "2",
      "x": 1553,
      "y": 516,
      "bounds": {
        "left": 1550,
        "top": 512,
        "width": 6,
        "height": 9
      },
      "confidence": 63
    },
    {
      "text": "|",
      "x": 1581,
      "y": 516,
      "bounds": {
        "left": 1575,
        "top": 502,
        "width": 13,
        "height": 29
      },
      "confidence": 63
    },
    {
      "text": "Browser",
      "x": 1615,
      "y": 516,
      "bounds": {
        "left": 1594,
        "top": 502,
        "width": 42,
        "height": 29
      },
      "confidence": 84
    },
    {
      "text": "tools",
      "x": 1652,
      "y": 516,
      "bounds": {
        "left": 1640,
        "top": 502,
        "width": 25,
        "height": 29
      },
      "confidence": 89
    },
    {
      "text": "fail",
      "x": 1686,
      "y": 516,
      "bounds": {
        "left": 1669,
        "top": 502,
        "width": 35,
        "height": 29
      },
      "confidence": 61
    },
    {
      "text": "\u2014",
      "x": 1722,
      "y": 517,
      "bounds": {
        "left": 1720,
        "top": 516,
        "width": 5,
        "height": 3
      },
      "confidence": 53
    },
    {
      "text": "Switch",
      "x": 1749,
      "y": 516,
      "bounds": {
        "left": 1732,
        "top": 502,
        "width": 34,
        "height": 29
      },
      "confidence": 96
    },
    {
      "text": "to",
      "x": 1775,
      "y": 516,
      "bounds": {
        "left": 1770,
        "top": 502,
        "width": 11,
        "height": 29
      },
      "confidence": 96
    },
    {
      "text": "physical",
      "x": 1827,
      "y": 518,
      "bounds": {
        "left": 1785,
        "top": 512,
        "width": 85,
        "height": 12
      },
      "confidence": 68
    },
    {
      "text": "click",
      "x": 1841,
      "y": 516,
      "bounds": {
        "left": 1831,
        "top": 502,
        "width": 20,
        "height": 29
      },
      "confidence": 67
    },
    {
      "text": "via",
      "x": 1865,
      "y": 516,
      "bounds": {
        "left": 1857,
        "top": 502,
        "width": 16,
        "height": 29
      },
      "confidence": 96
    },
    {
      "text": "OcR",
      "x": 1731,
      "y": 534,
      "bounds": {
        "left": 1719,
        "top": 530,
        "width": 24,
        "height": 9
      },
      "confidence": 36
    },
    {
      "text": "3",
      "x": 1553,
      "y": 561,
      "bounds": {
        "left": 1550,
        "top": 557,
        "width": 6,
        "height": 9
      },
      "confidence": 61
    },
    {
      "text": "Google/protected",
      "x": 1642,
      "y": 563,
      "bounds": {
        "left": 1595,
        "top": 557,
        "width": 95,
        "height": 12
      },
      "confidence": 79
    },
    {
      "text": "=",
      "x": 1724,
      "y": 562,
      "bounds": {
        "left": 1720,
        "top": 561,
        "width": 9,
        "height": 3
      },
      "confidence": 55
    },
    {
      "text": "Use",
      "x": 1742,
      "y": 561,
      "bounds": {
        "left": 1733,
        "top": 557,
        "width": 19,
        "height": 9
      },
      "confidence": 95
    },
    {
      "text": "real",
      "x": 1765,
      "y": 561,
      "bounds": {
        "left": 1756,
        "top": 557,
        "width": 18,
        "height": 9
      },
      "confidence": 96
    },
    {
      "text": "Chrome",
      "x": 1799,
      "y": 561,
      "bounds": {
        "left": 1778,
        "top": 557,
        "width": 42,
        "height": 9
      },
      "confidence": 96
    },
    {
      "text": "+",
      "x": 1827,
      "y": 562,
      "bounds": {
        "left": 1824,
        "top": 560,
        "width": 7,
        "height": 5
      },
      "confidence": 96
    },
    {
      "text": "physical",
      "x": 1856,
      "y": 563,
      "bounds": {
        "left": 1835,
        "top": 557,
        "width": 42,
        "height": 12
      },
      "confidence": 96
    },
    {
      "text": "sites",
      "x": 1607,
      "y": 579,
      "bounds": {
        "left": 1591,
        "top": 565,
        "width": 32,
        "height": 29
      },
      "confidence": 90
    },
    {
      "text": "tools",
      "x": 1732,
      "y": 579,
      "bounds": {
        "left": 1719,
        "top": 575,
        "width": 26,
        "height": 9
      },
      "confidence": 78
    },
    {
      "text": "4",
      "x": 1553,
      "y": 606,
      "bounds": {
        "left": 1549,
        "top": 602,
        "width": 8,
        "height": 9
      },
      "confidence": 31
    },
    {
      "text": "|",
      "x": 1581,
      "y": 606,
      "bounds": {
        "left": 1574,
        "top": 592,
        "width": 15,
        "height": 29
      },
      "confidence": 31
    },
    {
      "text": "Website",
      "x": 1616,
      "y": 606,
      "bounds": {
        "left": 1595,
        "top": 602,
        "width": 42,
        "height": 9
      },
      "confidence": 92
    },
    {
      "text": "=",
      "x": 1724,
      "y": 607,
      "bounds": {
        "left": 1720,
        "top": 606,
        "width": 9,
        "height": 3
      },
      "confidence": 66
    },
    {
      "text": "Try",
      "x": 1740,
      "y": 608,
      "bounds": {
        "left": 1732,
        "top": 602,
        "width": 16,
        "height": 12
      },
      "confidence": 66
    },
    {
      "text": "alternative",
      "x": 1778,
      "y": 606,
      "bounds": {
        "left": 1751,
        "top": 602,
        "width": 55,
        "height": 9
      },
      "confidence": 93
    },
    {
      "text": "site",
      "x": 1819,
      "y": 606,
      "bounds": {
        "left": 1810,
        "top": 602,
        "width": 18,
        "height": 9
      },
      "confidence": 90
    },
    {
      "text": "blocked/down",
      "x": 1631,
      "y": 624,
      "bounds": {
        "left": 1591,
        "top": 610,
        "width": 80,
        "height": 29
      },
      "confidence": 82
    },
    {
      "text": "(DuckDuckGo,",
      "x": 1756,
      "y": 625,
      "bounds": {
        "left": 1719,
        "top": 620,
        "width": 74,
        "height": 11
      },
      "confidence": 82
    },
    {
      "text": "Bing,",
      "x": 1810,
      "y": 626,
      "bounds": {
        "left": 1798,
        "top": 620,
        "width": 25,
        "height": 12
      },
      "confidence": 96
    },
    {
      "text": "etc)",
      "x": 1837,
      "y": 625,
      "bounds": {
        "left": 1827,
        "top": 620,
        "width": 21,
        "height": 11
      },
      "confidence": 86
    },
    {
      "text": "5",
      "x": 1553,
      "y": 651,
      "bounds": {
        "left": 1550,
        "top": 647,
        "width": 6,
        "height": 9
      },
      "confidence": 48
    },
    {
      "text": "Click",
      "x": 1607,
      "y": 651,
      "bounds": {
        "left": 1595,
        "top": 647,
        "width": 25,
        "height": 9
      },
      "confidence": 79
    },
    {
      "text": "unreliable",
      "x": 1649,
      "y": 651,
      "bounds": {
        "left": 1623,
        "top": 647,
        "width": 52,
        "height": 9
      },
      "confidence": 76
    },
    {
      "text": "=",
      "x": 1724,
      "y": 652,
      "bounds": {
        "left": 1720,
        "top": 651,
        "width": 9,
        "height": 3
      },
      "confidence": 56
    },
    {
      "text": "Use",
      "x": 1742,
      "y": 651,
      "bounds": {
        "left": 1733,
        "top": 647,
        "width": 19,
        "height": 9
      },
      "confidence": 95
    },
    {
      "text": "keyboard",
      "x": 1780,
      "y": 653,
      "bounds": {
        "left": 1756,
        "top": 647,
        "width": 49,
        "height": 12
      },
      "confidence": 96
    },
    {
      "text": "shortcuts",
      "x": 1832,
      "y": 651,
      "bounds": {
        "left": 1808,
        "top": 647,
        "width": 49,
        "height": 9
      },
      "confidence": 72
    },
    {
      "text": "6",
      "x": 1553,
      "y": 678,
      "bounds": {
        "left": 1550,
        "top": 674,
        "width": 7,
        "height": 9
      },
      "confidence": 95
    },
    {
      "text": "Observation",
      "x": 1627,
      "y": 678,
      "bounds": {
        "left": 1595,
        "top": 674,
        "width": 64,
        "height": 9
      },
      "confidence": 59
    },
    {
      "text": "tool",
      "x": 1672,
      "y": 678,
      "bounds": {
        "left": 1662,
        "top": 674,
        "width": 21,
        "height": 9
      },
      "confidence": 50
    },
    {
      "text": "+",
      "x": 1724,
      "y": 679,
      "bounds": {
        "left": 1720,
        "top": 678,
        "width": 9,
        "height": 3
      },
      "confidence": 50
    },
    {
      "text": "Try",
      "x": 1740,
      "y": 680,
      "bounds": {
        "left": 1732,
        "top": 674,
        "width": 16,
        "height": 12
      },
      "confidence": 91
    },
    {
      "text": "adifferent",
      "x": 1778,
      "y": 678,
      "bounds": {
        "left": 1751,
        "top": 674,
        "width": 55,
        "height": 9
      },
      "confidence": 85
    },
    {
      "text": "observation",
      "x": 1840,
      "y": 678,
      "bounds": {
        "left": 1809,
        "top": 674,
        "width": 62,
        "height": 9
      },
      "confidence": 80
    },
    {
      "text": "fails",
      "x": 1603,
      "y": 696,
      "bounds": {
        "left": 1591,
        "top": 682,
        "width": 25,
        "height": 29
      },
      "confidence": 83
    },
    {
      "text": "tool",
      "x": 1729,
      "y": 696,
      "bounds": {
        "left": 1719,
        "top": 692,
        "width": 21,
        "height": 9
      },
      "confidence": 87
    },
    {
      "text": "7",
      "x": 1553,
      "y": 723,
      "bounds": {
        "left": 1550,
        "top": 719,
        "width": 7,
        "height": 9
      },
      "confidence": 65
    },
    {
      "text": "|",
      "x": 1582,
      "y": 723,
      "bounds": {
        "left": 1576,
        "top": 709,
        "width": 12,
        "height": 28
      },
      "confidence": 55
    },
    {
      "text": "Never",
      "x": 1610,
      "y": 723,
      "bounds": {
        "left": 1595,
        "top": 709,
        "width": 31,
        "height": 28
      },
      "confidence": 89
    },
    {
      "text": "give",
      "x": 1643,
      "y": 723,
      "bounds": {
        "left": 1632,
        "top": 709,
        "width": 22,
        "height": 28
      },
      "confidence": 96
    },
    {
      "text": "up",
      "x": 1665,
      "y": 723,
      "bounds": {
        "left": 1660,
        "top": 709,
        "width": 11,
        "height": 28
      },
      "confidence": 96
    },
    {
      "text": "Exhaust",
      "x": 1795,
      "y": 725,
      "bounds": {
        "left": 1732,
        "top": 719,
        "width": 127,
        "height": 12
      },
      "confidence": 91
    },
    {
      "text": "2-3",
      "x": 1785,
      "y": 723,
      "bounds": {
        "left": 1778,
        "top": 709,
        "width": 15,
        "height": 28
      },
      "confidence": 96
    },
    {
      "text": "approaches",
      "x": 1828,
      "y": 725,
      "bounds": {
        "left": 1797,
        "top": 719,
        "width": 62,
        "height": 12
      },
      "confidence": 84
    },
    {
      "text": "before",
      "x": 1736,
      "y": 741,
      "bounds": {
        "left": 1719,
        "top": 737,
        "width": 34,
        "height": 9
      },
      "confidence": 91
    },
    {
      "text": "reporting",
      "x": 1781,
      "y": 743,
      "bounds": {
        "left": 1757,
        "top": 738,
        "width": 49,
        "height": 11
      },
      "confidence": 96
    },
    {
      "text": "failure",
      "x": 1825,
      "y": 741,
      "bounds": {
        "left": 1809,
        "top": 737,
        "width": 33,
        "height": 9
      },
      "confidence": 91
    },
    {
      "text": "3.",
      "x": 1546,
      "y": 774,
      "bounds": {
        "left": 1541,
        "top": 769,
        "width": 11,
        "height": 10
      },
      "confidence": 91
    },
    {
      "text": "BJ",
      "x": 1566,
      "y": 774,
      "bounds": {
        "left": 1559,
        "top": 767,
        "width": 14,
        "height": 14
      },
      "confidence": 45
    },
    {
      "text": "Google",
      "x": 1602,
      "y": 774,
      "bounds": {
        "left": 1580,
        "top": 760,
        "width": 44,
        "height": 29
      },
      "confidence": 96
    },
    {
      "text": "Login",
      "x": 1648,
      "y": 774,
      "bounds": {
        "left": 1631,
        "top": 760,
        "width": 35,
        "height": 29
      },
      "confidence": 96
    },
    {
      "text": "Protocol",
      "x": 1699,
      "y": 774,
      "bounds": {
        "left": 1672,
        "top": 760,
        "width": 54,
        "height": 29
      },
      "confidence": 96
    },
    {
      "text": "Preserved",
      "x": 1763,
      "y": 775,
      "bounds": {
        "left": 1731,
        "top": 769,
        "width": 65,
        "height": 13
      },
      "confidence": 96
    },
    {
      "text": "Kept",
      "x": 1551,
      "y": 801,
      "bounds": {
        "left": 1538,
        "top": 787,
        "width": 27,
        "height": 29
      },
      "confidence": 78
    },
    {
      "text": "intact",
      "x": 1585,
      "y": 801,
      "bounds": {
        "left": 1569,
        "top": 787,
        "width": 32,
        "height": 29
      },
      "confidence": 86
    },
    {
      "text": "within",
      "x": 1624,
      "y": 801,
      "bounds": {
        "left": 1608,
        "top": 787,
        "width": 32,
        "height": 29
      },
      "confidence": 96
    },
    {
      "text": "the",
      "x": 1654,
      "y": 801,
      "bounds": {
        "left": 1646,
        "top": 787,
        "width": 17,
        "height": 29
      },
      "confidence": 96
    },
    {
      "text": "new",
      "x": 1680,
      "y": 801,
      "bounds": {
        "left": 1670,
        "top": 787,
        "width": 21,
        "height": 29
      },
      "confidence": 96
    },
    {
      "text": "prompt.",
      "x": 1719,
      "y": 801,
      "bounds": {
        "left": 1695,
        "top": 787,
        "width": 49,
        "height": 29
      },
      "confidence": 89
    },
    {
      "text": "El",
      "x": 1547,
      "y": 891,
      "bounds": {
        "left": 1541,
        "top": 885,
        "width": 12,
        "height": 12
      },
      "confidence": 34
    },
    {
      "text": "1",
      "x": 1583,
      "y": 919,
      "bounds": {
        "left": 1582,
        "top": 915,
        "width": 3,
        "height": 9
      },
      "confidence": 72
    },
    {
      "text": "File",
      "x": 1600,
      "y": 919,
      "bounds": {
        "left": 1592,
        "top": 915,
        "width": 16,
        "height": 9
      },
      "confidence": 68
    },
    {
      "text": "With",
      "x": 1624,
      "y": 919,
      "bounds": {
        "left": 1612,
        "top": 915,
        "width": 24,
        "height": 9
      },
      "confidence": 71
    },
    {
      "text": "Changes",
      "x": 1663,
      "y": 921,
      "bounds": {
        "left": 1641,
        "top": 915,
        "width": 45,
        "height": 12
      },
      "confidence": 96
    },
    {
      "text": "Reject",
      "x": 1787,
      "y": 921,
      "bounds": {
        "left": 1772,
        "top": 915,
        "width": 30,
        "height": 12
      },
      "confidence": 56
    },
    {
      "text": "a",
      "x": 1812,
      "y": 919,
      "bounds": {
        "left": 1807,
        "top": 915,
        "width": 10,
        "height": 9
      },
      "confidence": 56
    },
    {
      "text": "EB",
      "x": 1855,
      "y": 919,
      "bounds": {
        "left": 1826,
        "top": 910,
        "width": 59,
        "height": 18
      },
      "confidence": 31
    },
    {
      "text": "~",
      "x": 1898,
      "y": 919,
      "bounds": {
        "left": 1893,
        "top": 916,
        "width": 10,
        "height": 6
      },
      "confidence": 50
    },
    {
      "text": "Claude",
      "x": 1655,
      "y": 985,
      "bounds": {
        "left": 1638,
        "top": 981,
        "width": 34,
        "height": 8
      },
      "confidence": 96
    },
    {
      "text": "Opus",
      "x": 1686,
      "y": 986,
      "bounds": {
        "left": 1676,
        "top": 976,
        "width": 20,
        "height": 21
      },
      "confidence": 96
    },
    {
      "text": "4.6",
      "x": 1710,
      "y": 986,
      "bounds": {
        "left": 1703,
        "top": 976,
        "width": 14,
        "height": 21
      },
      "confidence": 95
    },
    {
      "text": "(Thinking)",
      "x": 1745,
      "y": 986,
      "bounds": {
        "left": 1722,
        "top": 981,
        "width": 47,
        "height": 10
      },
      "confidence": 93
    },
    {
      "text": "oo",
      "x": 1878,
      "y": 984,
      "bounds": {
        "left": 1859,
        "top": 978,
        "width": 38,
        "height": 12
      },
      "confidence": 73
    },
    {
      "text": "Ln",
      "x": 1287,
      "y": 1020,
      "bounds": {
        "left": 1279,
        "top": 1005,
        "width": 16,
        "height": 31
      },
      "confidence": 56
    },
    {
      "text": "503,",
      "x": 1309,
      "y": 1020,
      "bounds": {
        "left": 1299,
        "top": 1005,
        "width": 21,
        "height": 31
      },
      "confidence": 56
    },
    {
      "text": "Col",
      "x": 1333,
      "y": 1020,
      "bounds": {
        "left": 1325,
        "top": 1005,
        "width": 16,
        "height": 31
      },
      "confidence": 85
    },
    {
      "text": "1",
      "x": 1347,
      "y": 1021,
      "bounds": {
        "left": 1346,
        "top": 1017,
        "width": 3,
        "height": 9
      },
      "confidence": 85
    },
    {
      "text": "UTF-8",
      "x": 1537,
      "y": 1021,
      "bounds": {
        "left": 1522,
        "top": 1017,
        "width": 31,
        "height": 9
      },
      "confidence": 65
    },
    {
      "text": "CRLF",
      "x": 1582,
      "y": 1021,
      "bounds": {
        "left": 1569,
        "top": 1017,
        "width": 26,
        "height": 9
      },
      "confidence": 66
    },
    {
      "text": "{}",
      "x": 1619,
      "y": 1021,
      "bounds": {
        "left": 1613,
        "top": 1015,
        "width": 13,
        "height": 12
      },
      "confidence": 63
    },
    {
      "text": "Python",
      "x": 1652,
      "y": 1023,
      "bounds": {
        "left": 1634,
        "top": 1017,
        "width": 36,
        "height": 12
      },
      "confidence": 86
    },
    {
      "text": "3.13264-bit",
      "x": 1720,
      "y": 1021,
      "bounds": {
        "left": 1687,
        "top": 1017,
        "width": 66,
        "height": 9
      },
      "confidence": 70
    },
    {
      "text": "Antigravty",
      "x": 1794,
      "y": 1020,
      "bounds": {
        "left": 1764,
        "top": 1005,
        "width": 61,
        "height": 31
      },
      "confidence": 69
    },
    {
      "text": "1201",
      "x": 1865,
      "y": 1048,
      "bounds": {
        "left": 1851,
        "top": 1044,
        "width": 28,
        "height": 8
      },
      "confidence": 62
    },
    {
      "text": "AM",
      "x": 1891,
      "y": 1048,
      "bounds": {
        "left": 1882,
        "top": 1044,
        "width": 18,
        "height": 8
      },
      "confidence": 69
    },
    {
      "text": "A",
      "x": 1697,
      "y": 1056,
      "bounds": {
        "left": 1692,
        "top": 1053,
        "width": 10,
        "height": 6
      },
      "confidence": 55
    },
    {
      "text": "NG",
      "x": 1735,
      "y": 1057,
      "bounds": {
        "left": 1724,
        "top": 1053,
        "width": 22,
        "height": 8
      },
      "confidence": 47
    }
  ],
  "unfiltered_text": "A\n\n\u00bb ge oe\n\n> B &\n\n@B\n\n*\n\nFile Edit Selection View Go Run Terminal Help\n\nExplorer 2 \u00ae loop.py\n\u00a9 powerful project-collection __emploai > cli\n\nX  @ tuiconstantspyM env em\n\n> agent tools > @ loopy >...\n\npowerful-project-collection - Antigravity - looppy\n\nwe setup Dy D1 \u20ac > = pwsh Xx\nPS C:\\Users\\Magsihim AL\\Documents\\GitHub\\powerful-project-collection>\n=\u2014\n\nHTTP Request: POST https: //api.telegram.org/bot 7960886425 : AAFLEL FHcWgN3nfpOsrhfFAXvSmtNHnBGdU/sendChatAction \u201cHTTP/1.1 288 Ok\u201d\nHTTP Request: POST https: //api.telegram.org/bot7960886425 : AAFLEL FHcWgN3nfpOsrhfFAXvSmtNHnBGdU/sendMessage \u201cHITP/1.1 200 Ok\u201d\nHTTP Request: POST https://api-openai .com/vi/chat/completions \u201cHTTP/1.1 200 Ok\"\nHTTP Request: POST https: //api.telegram.org/bot 7960886425 : AAFLEL FHcWgN3nfpOsrhfFAXvSmtNHnBGdU/sendMessage \u201cHTTP/1.1 200 Ok\u201d\nHTTP Request: POST https: //api telegram. org/bot7960886425 : AAFLEL FHcWgN3nfpOsrhfFAXvSmtNHnBGdU/editMessageText \"HITP/1.1 208 Ok\u201d\nPOST https: //api . telegram.org/bot7960886425 : AAFLELFHcNgN3nfpQsrhfFAXvSmtNHnBGdU/getUpdates \u201cHTTP/1.1 20 OK\"\n\n> D daily ; \u2018Unified tool-calling: loop for multiple LLM providers:\n> Bice 3 import. json x\nY \u00a9 emploai e . =a\n> \u00a9 _pycache_ 5 from dataclasses import dataclass\n> \u00a9 agent e 6 from typing import List, Dict, Any, Callable\n> \u00a9 agents 7 from cli.tui_constants. import ChatMessage, SYSTEM PROMPT, RESPON\n> Seen 8 from .adapters import get_tools for_provider\n5 eae 2 ee\n> Gi app 41 #-Try-to-import: verbose tool logger: (only available in-telegram_\n> \u00a9 botcore \u00a9 12 VERBOSE_LOGGING = False\nvod \u00a9 13 trys\n> \u00a9 _pycahe @ 89 14 from telegram bot.tool_logger import log_tool_call, log_tool\noS ESS 15 \\VERBOSE_LOGGING = True\n4 he 16. except ImportError:\nA Pres 7 try:\nCHEESY 18 #-Alternative-import :path: when -running-from-telegram_ bot\n@ context_manager... 49 from tool_logger import log_tool_call, log tool_result,\n& definiti VERBOSE\nmcd 2 View 1 edited file | tui_constantspy Alt+L >\nO camiany 2 earn Ip\n. \u201c\ni\" Problems Output Debug Console Terminal Ports\n\u00ae orchestrator.py ue ud\n@ webtools py 2026-02-15 \u20ac0:00:21,825 - httpx - INFO\n\u00bb Pees 2026-02-15 00:00:21,968 - httpx - INFO\n2026-02-15 00:00:23,595 - httpx - INFO\n> |S) SHEETS 2026-02-15 = httpx - INFO\n% _init_py 2026-02-15 = hittpx - INFO\n@& _main_py 2026-02-15 = httpx - INFO - HTTP Request\nen 2026-02-15 = httpx - INFO\n\n(0) model_prefsjson alate\n@ chat processor cor... 2926-02-15\n@ config.managerpy _2026-@2-15\n@ corecommandspy 2026-82-15\n2026-02-15\n\u00ae file_commands.py\n\u00ae& model _prefspy args:\n@ session_manager.py\n\n\u00b0 is on the\n\n@\u00ae task session.comm.. 5956 9-415\n@ tui 2026-82-15\n@ ti 2026-\u20ac2-15\n2026-\u20ac2-15\n\nOe 2026-\u20ac2-15\n@ tu 2026-02-15\n@ tui (2026-02-15\ntu 2026-\u20ac2-15\n2026-\u20ac2-15\n\ntu 2026-\u20ac2-15\n> Outline 2026-02-15\n\n> Timeline il\nElemploai for-dists @ @oAo\n\nQ Search Go\n\nHTTP Request: POST https: //api.telegram.org/bot7960886425 : AAFLEL FcWgN3nfpOsrhFFAXvSmtNHNBGdU/getUpdates \u201cHITP/1.1 200 OK\u201d\n- _main__- INFO - 2 USER INPUT: Can you tell me what\"s on screen\n- httpx - INFO - HTTP Request: POST https: //api..telegram.org/bot7960886425:: AFLELFHchgN3nfpQsrhfFAXVSmtNHnBGdU/sendChatAction \u201cHTTP/1.1 20 Ok\"\n= httpx - INFO - HTTP Request: POST https: //api .telegram.org/bot7960886425:: AFLELFHchgN3nfpQsrhfFAXvSmtNHnBGdU/sendChatAction \u201cHTTP/1.1 260 OK\"\n~ httpx - INFO - HTTP Request: POST https: //api..telegram.org/bot7960886425:: AFLELFHchgN3nfpQsrhfFAXvSmtNHnBGdU/sendMessage \u201cHITP/1.1 208 Ok\u201d\n\n20:00:35,684 - httpx - INFO - HITP Request: POST https://api.openai .com/vi/chat/conpletions \"HTTP/1.1 200 Ok\"\n\n\u2018\\ [OPENAT] TOOL CALL: describe_screen\n\noO\n\nI SUCCESS: {\"image_captured\": \u201cTrue\u201d, \u201cimage bases4\": \u201c[BASE64]\", \u201cdescription\u201d:\n\nscreen?\"} (256ms)\n00:00:38,352 - httpx - INFO\n\n= httpx - INFO\n= httpx - INFO\n= httpx - INFO\n= httpx - INFO\n~ httpx\n\n- _main__- INFO - 2 USER INPUT: Run an ocr aswell\n~ httpx - INFO - HTTP Request:\n~ httpx - INFO - HTTP Request:\n~ httpx - INFO - HTTP Request:\n- httpx - INFO - HTTP Request:\n\nGosmedtIzrearnagere\n\nHTTP Request: POST https://api-openai .com/vi/chat/completions \u201cHTTP/1.1 20 Ok\"\nHTTP Request: POST https: //api.telegram.org/bot 7960886425 : AAFLEL FHcWgN3nfpOsrhfFAXvSmtNHnBGdU/sendMessage \u201cHTTP/1.1 200 Ok\u201d\nHTTP Request: POST https: //api telegram. org/bot7960886425 : AAFLEL FHcWgN3nfpOsrhfFAXvSmtNHnBGdU/editMessageText \"HITP/1.1 208 Ok\u201d\nHTTP Request: POST https: //api.telegram.org/bot7960886425 : AAFLEL FHcWgN3nfpOsrhFFAXSMtNHNBGdU/getUpdates \u201cHITP/1.1 200 OK\u201d\nHTTP Request: POST https: //api.telegram.org/bot7960886425 : AAFLEL FHcWgN3nfpOsrhfFAXvSMtNHNBGdU/getUpdates \u201cHITP/1.1 200 OK\u201d\n- INFO - HTTP Request: POST https: //api..telegram.org/bot7960886425:: AAFLELFHch_N3nfpQsrhfFAXvSmtNHnBGdU/getUpdates \u201cHTTP/1.1 288 Ok\u201d\n\n\u2018telegram. org/bot 7960886425: AAFLEL FHcWgN3nfpOsrhfFAXvSmtNHnBGdU/sendchatAction \u201cHTTP/1.1 288 Ok\u201d\n\u2018telegram. org/bot 7960886425: AAFLEL FHcWgN3nfpOsrhfFAXvSmtNHnBGdU/sendchatAction \"HTTP/1.1 288 Ok\u201d\n\u2018telegram. org/bot 7960886425: AAFLELFHcWgN3nfpOsrhfFAXvSmtNHnBGdU/sendMessage \u201cHTTP/1.1 200 OK\u201d\n\n\u2018openai..com/vi/chat/conpletions \"HTTP/1.1 280 Ok\u201d\n\n\u201cScreenshot captured successfully. Looking at the screen now.\u201d, \u201cquestion\u201d: \u201cwhat\n\nOpen Agent Manager 18 OM O16 & \u00a9\n\n& Enhancing Auto Mode Prompt + O- x\nunderlying mechanics:\n\n* Vision tools \u2014 \u00a2 describe screen (mss + vision\nmodel, ocr sereen (mss + Tesseract),\n@\u00ae observe browser (DOM scan), \u2018 observe desktop\n(pywinauto)\n\n'* Browser tools \u2014 \u00a2 open_browser, # browser click ,\n\u00ae browser type , etc. with notes on Selenium vs real\n\u2018Chrome\n\n* Desktop tools \u2014 % open app (Win+R),\n\u00ae focus_window (pywinauto), etc.\n\n\u2018\u00a9 Input tools \u2014 \u00a2 click (pyautogui physical click),\ntype tent (physical keystrokes), @ hotkey, etc\n\n* CL tools \u2014 file ops, commands, search, web\n\n2. Mf Adaptive Execution & Fallback Protocol Added\n\n(7 rules)\nRule Scenario Fallback\n1 | Appnot installed | Open web version in\nChrome\n2 | Browser tools fail \u2014 Switch to physical click via\nOcR\n3 Google/protected = Use real Chrome + physical\nsites tools\n4 | Website = Try alternative site\nblocked/down (DuckDuckGo, Bing, etc)\n5 Click unreliable = Use keyboard shortcuts\n6 Observation tool + Try adifferent observation\nfails tool\n\n7 | Never give up = Exhaust 2-3 approaches\n\nbefore reporting failure\n\n3. BJ Google Login Protocol Preserved\nKept intact within the new prompt.\n\n(a)\n\nEl =179-2 tucconstantspy ~olecon\\emploa\\ chu consantspy\n1 File With Changes Reject a EB ~\nFast Claude Opus 4.6 (Thinking) oo\n\nLn 503, Col 1 (23324-selected) Spaces: 4 UTF-8 CRLF {} Python 3.13264-bit Antigravty Settings\n\n1201 AM\n\nA NG Sox oops\n",
  "plain_text": "A\n\n\u00bb ge oe\n\n> B &\n\n@B\n\n*\n\nFile Edit Selection View Go Run Terminal Help\n\nExplorer 2 \u00ae loop.py\n\u00a9 powerful project-collection __emploai > cli\n\nX  @ tuiconstantspyM env em\n\n> agent tools > @ loopy >...\n\npowerful-project-collection - Antigravity - looppy\n\nwe setup Dy D1 \u20ac > = pwsh Xx\nPS C:\\Users\\Magsihim AL\\Documents\\GitHub\\powerful-project-collection>\n=\u2014\n\nHTTP Request: POST https: //api.telegram.org/bot 7960886425 : AAFLEL FHcWgN3nfpOsrhfFAXvSmtNHnBGdU/sendChatAction \u201cHTTP/1.1 288 Ok\u201d\nHTTP Request: POST https: //api.telegram.org/bot7960886425 : AAFLEL FHcWgN3nfpOsrhfFAXvSmtNHnBGdU/sendMessage \u201cHITP/1.1 200 Ok\u201d\nHTTP Request: POST https://api-openai .com/vi/chat/completions \u201cHTTP/1.1 200 Ok\"\nHTTP Request: POST https: //api.telegram.org/bot 7960886425 : AAFLEL FHcWgN3nfpOsrhfFAXvSmtNHnBGdU/sendMessage \u201cHTTP/1.1 200 Ok\u201d\nHTTP Request: POST https: //api telegram. org/bot7960886425 : AAFLEL FHcWgN3nfpOsrhfFAXvSmtNHnBGdU/editMessageText \"HITP/1.1 208 Ok\u201d\nPOST https: //api . telegram.org/bot7960886425 : AAFLELFHcNgN3nfpQsrhfFAXvSmtNHnBGdU/getUpdates \u201cHTTP/1.1 20 OK\"\n\n> D daily ; \u2018Unified tool-calling: loop for multiple LLM providers:\n> Bice 3 import. json x\nY \u00a9 emploai e . =a\n> \u00a9 _pycache_ 5 from dataclasses import dataclass\n> \u00a9 agent e 6 from typing import List, Dict, Any, Callable\n> \u00a9 agents 7 from cli.tui_constants. import ChatMessage, SYSTEM PROMPT, RESPON\n> Seen 8 from .adapters import get_tools for_provider\n5 eae 2 ee\n> Gi app 41 #-Try-to-import: verbose tool logger: (only available in-telegram_\n> \u00a9 botcore \u00a9 12 VERBOSE_LOGGING = False\nvod \u00a9 13 trys\n> \u00a9 _pycahe @ 89 14 from telegram bot.tool_logger import log_tool_call, log_tool\noS ESS 15 \\VERBOSE_LOGGING = True\n4 he 16. except ImportError:\nA Pres 7 try:\nCHEESY 18 #-Alternative-import :path: when -running-from-telegram_ bot\n@ context_manager... 49 from tool_logger import log_tool_call, log tool_result,\n& definiti VERBOSE\nmcd 2 View 1 edited file | tui_constantspy Alt+L >\nO camiany 2 earn Ip\n. \u201c\ni\" Problems Output Debug Console Terminal Ports\n\u00ae orchestrator.py ue ud\n@ webtools py 2026-02-15 \u20ac0:00:21,825 - httpx - INFO\n\u00bb Pees 2026-02-15 00:00:21,968 - httpx - INFO\n2026-02-15 00:00:23,595 - httpx - INFO\n> |S) SHEETS 2026-02-15 = httpx - INFO\n% _init_py 2026-02-15 = hittpx - INFO\n@& _main_py 2026-02-15 = httpx - INFO - HTTP Request\nen 2026-02-15 = httpx - INFO\n\n(0) model_prefsjson alate\n@ chat processor cor... 2926-02-15\n@ config.managerpy _2026-@2-15\n@ corecommandspy 2026-82-15\n2026-02-15\n\u00ae file_commands.py\n\u00ae& model _prefspy args:\n@ session_manager.py\n\n\u00b0 is on the\n\n@\u00ae task session.comm.. 5956 9-415\n@ tui 2026-82-15\n@ ti 2026-\u20ac2-15\n2026-\u20ac2-15\n\nOe 2026-\u20ac2-15\n@ tu 2026-02-15\n@ tui (2026-02-15\ntu 2026-\u20ac2-15\n2026-\u20ac2-15\n\ntu 2026-\u20ac2-15\n> Outline 2026-02-15\n\n> Timeline il\nElemploai for-dists @ @oAo\n\nQ Search Go\n\nHTTP Request: POST https: //api.telegram.org/bot7960886425 : AAFLEL FcWgN3nfpOsrhFFAXvSmtNHNBGdU/getUpdates \u201cHITP/1.1 200 OK\u201d\n- _main__- INFO - 2 USER INPUT: Can you tell me what\"s on screen\n- httpx - INFO - HTTP Request: POST https: //api..telegram.org/bot7960886425:: AFLELFHchgN3nfpQsrhfFAXVSmtNHnBGdU/sendChatAction \u201cHTTP/1.1 20 Ok\"\n= httpx - INFO - HTTP Request: POST https: //api .telegram.org/bot7960886425:: AFLELFHchgN3nfpQsrhfFAXvSmtNHnBGdU/sendChatAction \u201cHTTP/1.1 260 OK\"\n~ httpx - INFO - HTTP Request: POST https: //api..telegram.org/bot7960886425:: AFLELFHchgN3nfpQsrhfFAXvSmtNHnBGdU/sendMessage \u201cHITP/1.1 208 Ok\u201d\n\n20:00:35,684 - httpx - INFO - HITP Request: POST https://api.openai .com/vi/chat/conpletions \"HTTP/1.1 200 Ok\"\n\n\u2018\\ [OPENAT] TOOL CALL: describe_screen\n\noO\n\nI SUCCESS: {\"image_captured\": \u201cTrue\u201d, \u201cimage bases4\": \u201c[BASE64]\", \u201cdescription\u201d:\n\nscreen?\"} (256ms)\n00:00:38,352 - httpx - INFO\n\n= httpx - INFO\n= httpx - INFO\n= httpx - INFO\n= httpx - INFO\n~ httpx\n\n- _main__- INFO - 2 USER INPUT: Run an ocr aswell\n~ httpx - INFO - HTTP Request:\n~ httpx - INFO - HTTP Request:\n~ httpx - INFO - HTTP Request:\n- httpx - INFO - HTTP Request:\n\nGosmedtIzrearnagere\n\nHTTP Request: POST https://api-openai .com/vi/chat/completions \u201cHTTP/1.1 20 Ok\"\nHTTP Request: POST https: //api.telegram.org/bot 7960886425 : AAFLEL FHcWgN3nfpOsrhfFAXvSmtNHnBGdU/sendMessage \u201cHTTP/1.1 200 Ok\u201d\nHTTP Request: POST https: //api telegram. org/bot7960886425 : AAFLEL FHcWgN3nfpOsrhfFAXvSmtNHnBGdU/editMessageText \"HITP/1.1 208 Ok\u201d\nHTTP Request: POST https: //api.telegram.org/bot7960886425 : AAFLEL FHcWgN3nfpOsrhFFAXSMtNHNBGdU/getUpdates \u201cHITP/1.1 200 OK\u201d\nHTTP Request: POST https: //api.telegram.org/bot7960886425 : AAFLEL FHcWgN3nfpOsrhfFAXvSMtNHNBGdU/getUpdates \u201cHITP/1.1 200 OK\u201d\n- INFO - HTTP Request: POST https: //api..telegram.org/bot7960886425:: AAFLELFHch_N3nfpQsrhfFAXvSmtNHnBGdU/getUpdates \u201cHTTP/1.1 288 Ok\u201d\n\n\u2018telegram. org/bot 7960886425: AAFLEL FHcWgN3nfpOsrhfFAXvSmtNHnBGdU/sendchatAction \u201cHTTP/1.1 288 Ok\u201d\n\u2018telegram. org/bot 7960886425: AAFLEL FHcWgN3nfpOsrhfFAXvSmtNHnBGdU/sendchatAction \"HTTP/1.1 288 Ok\u201d\n\u2018telegram. org/bot 7960886425: AAFLELFHcWgN3nfpOsrhfFAXvSmtNHnBGdU/sendMessage \u201cHTTP/1.1 200 OK\u201d\n\n\u2018openai..com/vi/chat/conpletions \"HTTP/1.1 280 Ok\u201d\n\n\u201cScreenshot captured successfully. Looking at the screen now.\u201d, \u201cquestion\u201d: \u201cwhat\n\nOpen Agent Manager 18 OM O16 & \u00a9\n\n& Enhancing Auto Mode Prompt + O- x\nunderlying mechanics:\n\n* Vision tools \u2014 \u00a2 describe screen (mss + vision\nmodel, ocr sereen (mss + Tesseract),\n@\u00ae observe browser (DOM scan), \u2018 observe desktop\n(pywinauto)\n\n'* Browser tools \u2014 \u00a2 open_browser, # browser click ,\n\u00ae browser type , etc. with notes on Selenium vs real\n\u2018Chrome\n\n* Desktop tools \u2014 % open app (Win+R),\n\u00ae focus_window (pywinauto), etc.\n\n\u2018\u00a9 Input tools \u2014 \u00a2 click (pyautogui physical click),\ntype tent (physical keystrokes), @ hotkey, etc\n\n* CL tools \u2014 file ops, commands, search, web\n\n2. Mf Adaptive Execution & Fallback Protocol Added\n\n(7 rules)\nRule Scenario Fallback\n1 | Appnot installed | Open web version in\nChrome\n2 | Browser tools fail \u2014 Switch to physical click via\nOcR\n3 Google/protected = Use real Chrome + physical\nsites tools\n4 | Website = Try alternative site\nblocked/down (DuckDuckGo, Bing, etc)\n5 Click unreliable = Use keyboard shortcuts\n6 Observation tool + Try adifferent observation\nfails tool\n\n7 | Never give up = Exhaust 2-3 approaches\n\nbefore reporting failure\n\n3. BJ Google Login Protocol Preserved\nKept intact within the new prompt.\n\n(a)\n\nEl =179-2 tucconstantspy ~olecon\\emploa\\ chu consantspy\n1 File With Changes Reject a EB ~\nFast Claude Opus 4.6 (Thinking) oo\n\nLn 503, Col 1 (23324-selected) Spaces: 4 UTF-8 CRLF {} Python 3.13264-bit Antigravty Settings\n\n1201 AM\n\nA NG Sox oops\n",
  "total_elements": 756
}
00:01:11 | --------------------------------------------------------------------------------
